qty_dot_url,qty_hyphen_url,qty_underline_url,qty_slash_url,qty_questionmark_url,qty_equal_url,qty_at_url,qty_and_url,qty_exclamation_url,qty_space_url,qty_tilde_url,qty_comma_url,qty_plus_url,qty_asterisk_url,qty_hashtag_url,qty_dollar_url,qty_percent_url,qty_tld_url,length_url,qty_dot_domain,qty_hyphen_domain,qty_underline_domain,qty_slash_domain,qty_questionmark_domain,qty_equal_domain,qty_at_domain,qty_and_domain,qty_exclamation_domain,qty_space_domain,qty_tilde_domain,qty_comma_domain,qty_plus_domain,qty_asterisk_domain,qty_hashtag_domain,qty_dollar_domain,qty_percent_domain,qty_vowels_domain,domain_length,domain_in_ip,server_client_domain,qty_dot_directory,qty_hyphen_directory,qty_underline_directory,qty_slash_directory,qty_questionmark_directory,qty_equal_directory,qty_at_directory,qty_and_directory,qty_exclamation_directory,qty_space_directory,qty_tilde_directory,qty_comma_directory,qty_plus_directory,qty_asterisk_directory,qty_hashtag_directory,qty_dollar_directory,qty_percent_directory,directory_length,qty_dot_file,qty_hyphen_file,qty_underline_file,qty_slash_file,qty_questionmark_file,qty_equal_file,qty_at_file,qty_and_file,qty_exclamation_file,qty_space_file,qty_tilde_file,qty_comma_file,qty_plus_file,qty_asterisk_file,qty_hashtag_file,qty_dollar_file,qty_percent_file,file_length,qty_dot_params,qty_hyphen_params,qty_underline_params,qty_slash_params,qty_questionmark_params,qty_equal_params,qty_at_params,qty_and_params,qty_exclamation_params,qty_space_params,qty_tilde_params,qty_comma_params,qty_plus_params,qty_asterisk_params,qty_hashtag_params,qty_dollar_params,qty_percent_params,params_length,tld_present_params,qty_params,email_in_url,time_response,domain_spf,asn_ip,time_domain_activation,time_domain_expiration,qty_ip_resolved,qty_nameservers,qty_mx_servers,ttl_hostname,tls_ssl_certificate,qty_redirects,url_google_index,domain_google_index,url_shortened,phishing
2,0,0,0,0,0,0,0,0,0,0,0,0,0,0,0,0,1,14,2,0,0,0,0,0,0,0,0,0,0,0,0,0,0,0,0,3,14,0,0,-1,-1,-1,-1,-1,-1,-1,-1,-1,-1,-1,-1,-1,-1,-1,-1,-1,-1,-1,-1,-1,-1,-1,-1,-1,-1,-1,-1,-1,-1,-1,-1,-1,-1,-1,-1,-1,-1,-1,-1,-1,-1,-1,-1,-1,-1,-1,-1,-1,-1,-1,-1,-1,-1,-1,-1,0,0.334573,0,8560,4927,185,1,4,2,3598,0,0,0,0,0,0
4,0,0,2,0,0,0,0,0,0,0,0,0,0,0,0,0,1,38,4,0,0,0,0,0,0,0,0,0,0,0,0,0,0,0,0,10,32,0,0,0,0,0,2,0,0,0,0,0,0,0,0,0,0,0,0,0,6,0,0,0,0,0,0,0,0,0,0,0,0,0,0,0,0,0,0,-1,-1,-1,-1,-1,-1,-1,-1,-1,-1,-1,-1,-1,-1,-1,-1,-1,-1,-1,-1,0,1.326223,-1,263283,8217,-1,1,4,1,3977,1,0,0,0,0,0
1,0,0,1,0,0,0,0,0,0,0,0,0,0,0,0,0,1,24,1,0,0,0,0,0,0,0,0,0,0,0,0,0,0,0,0,7,23,0,0,0,0,0,1,0,0,0,0,0,0,0,0,0,0,0,0,0,1,0,0,0,0,0,0,0,0,0,0,0,0,0,0,0,0,0,0,-1,-1,-1,-1,-1,-1,-1,-1,-1,-1,-1,-1,-1,-1,-1,-1,-1,-1,-1,-1,0,3.969207,1,26496,258,106,1,2,1,10788,0,0,0,0,0,0
2,0,0,3,0,0,0,0,0,0,0,0,0,0,0,0,0,1,38,2,0,0,0,0,0,0,0,0,0,0,0,0,0,0,0,0,7,25,0,0,0,0,0,3,0,0,0,0,0,0,0,0,0,0,0,0,0,13,0,0,0,0,0,0,0,0,0,0,0,0,0,0,0,0,0,0,-1,-1,-1,-1,-1,-1,-1,-1,-1,-1,-1,-1,-1,-1,-1,-1,-1,-1,-1,-1,0,0.495212,1,20013,2602,319,1,2,1,14339,1,0,0,0,0,1
1,1,0,4,0,0,0,0,0,0,0,0,0,0,0,0,0,1,46,1,1,0,0,0,0,0,0,0,0,0,0,0,0,0,0,0,7,19,0,0,0,0,0,4,0,0,0,0,0,0,0,0,0,0,0,0,0,27,0,0,0,0,0,0,0,0,0,0,0,0,0,0,0,0,0,0,-1,-1,-1,-1,-1,-1,-1,-1,-1,-1,-1,-1,-1,-1,-1,-1,-1,-1,-1,-1,0,0.177876,-1,41828,-1,-1,1,2,1,389,1,1,0,0,0,1
1,1,0,4,0,0,0,0,0,0,0,0,0,0,0,0,0,1,45,1,0,0,0,0,0,0,0,0,0,0,0,0,0,0,0,0,6,17,0,0,0,1,0,4,0,0,0,0,0,0,0,0,0,0,0,0,0,28,0,0,0,0,0,0,0,0,0,0,0,0,0,0,0,0,0,4,-1,-1,-1,-1,-1,-1,-1,-1,-1,-1,-1,-1,-1,-1,-1,-1,-1,-1,-1,-1,0,0.245817,1,20013,4930,182,1,2,1,14379,0,1,0,0,0,1
1,0,0,3,0,0,0,0,0,0,0,0,0,0,0,0,0,1,32,1,0,0,0,0,0,0,0,0,0,0,0,0,0,0,0,0,4,14,0,0,0,0,0,3,0,0,0,0,0,0,0,0,0,0,0,0,0,18,0,0,0,0,0,0,0,0,0,0,0,0,0,0,0,0,0,4,-1,-1,-1,-1,-1,-1,-1,-1,-1,-1,-1,-1,-1,-1,-1,-1,-1,-1,-1,-1,0,0.167157,0,12301,6344,-1,1,2,1,1762,1,0,0,0,0,1
2,0,0,0,0,0,0,0,0,0,0,0,0,0,0,0,0,1,29,2,0,0,0,0,0,0,0,0,0,0,0,0,0,0,0,0,10,29,0,0,-1,-1,-1,-1,-1,-1,-1,-1,-1,-1,-1,-1,-1,-1,-1,-1,-1,-1,-1,-1,-1,-1,-1,-1,-1,-1,-1,-1,-1,-1,-1,-1,-1,-1,-1,-1,-1,-1,-1,-1,-1,-1,-1,-1,-1,-1,-1,-1,-1,-1,-1,-1,-1,-1,-1,-1,0,0.375349,0,15169,-1,-1,1,4,0,187,1,0,0,0,0,0
2,0,0,2,0,0,0,0,0,0,0,0,0,0,0,0,0,1,18,2,0,0,0,0,0,0,0,0,0,0,0,0,0,0,0,0,1,12,0,0,0,0,0,2,0,0,0,0,0,0,0,0,0,0,0,0,0,6,0,0,0,0,0,0,0,0,0,0,0,0,0,0,0,0,0,0,-1,-1,-1,-1,-1,-1,-1,-1,-1,-1,-1,-1,-1,-1,-1,-1,-1,-1,-1,-1,0,0.16748,0,63410,-1,-1,1,2,1,14390,1,1,0,0,0,1
1,0,0,1,0,0,0,0,0,0,0,0,0,0,0,0,0,1,11,1,0,0,0,0,0,0,0,0,0,0,0,0,0,0,0,0,2,10,0,0,0,0,0,1,0,0,0,0,0,0,0,0,0,0,0,0,0,1,0,0,0,0,0,0,0,0,0,0,0,0,0,0,0,0,0,0,-1,-1,-1,-1,-1,-1,-1,-1,-1,-1,-1,-1,-1,-1,-1,-1,-1,-1,-1,-1,0,1.2171379999999998,0,31624,-1,-1,1,4,0,285,0,0,0,0,0,0
2,0,0,4,0,0,0,0,0,0,0,0,0,0,0,0,0,1,34,1,0,0,0,0,0,0,0,0,0,0,0,0,0,0,0,0,5,15,0,0,1,0,0,4,0,0,0,0,0,0,0,0,0,0,0,0,0,19,1,0,0,0,0,0,0,0,0,0,0,0,0,0,0,0,0,9,-1,-1,-1,-1,-1,-1,-1,-1,-1,-1,-1,-1,-1,-1,-1,-1,-1,-1,-1,-1,0,0.715431,-1,27310,4608,139,1,2,1,14397,0,0,0,0,0,1
1,0,0,2,0,0,0,0,0,0,0,0,0,0,0,0,0,1,21,1,0,0,0,0,0,0,0,0,0,0,0,0,0,0,0,0,6,16,0,0,0,0,0,2,0,0,0,0,0,0,0,0,0,0,0,0,0,5,0,0,0,0,0,0,0,0,0,0,0,0,0,0,0,0,0,0,-1,-1,-1,-1,-1,-1,-1,-1,-1,-1,-1,-1,-1,-1,-1,-1,-1,-1,-1,-1,0,1.208361,-1,263753,4355,2974,1,2,0,3572,0,0,0,0,0,0
3,0,0,1,0,0,0,0,0,0,0,0,0,0,0,0,0,1,32,2,0,0,0,0,0,0,0,0,0,0,0,0,0,0,0,0,7,21,0,0,1,0,0,1,0,0,0,0,0,0,0,0,0,0,0,0,0,11,1,0,0,0,0,0,0,0,0,0,0,0,0,0,0,0,0,10,-1,-1,-1,-1,-1,-1,-1,-1,-1,-1,-1,-1,-1,-1,-1,-1,-1,-1,-1,-1,0,0.114074,0,16276,-1,-1,1,2,1,14383,1,0,0,0,0,1
1,0,0,0,0,0,0,0,0,0,0,0,0,0,0,0,0,1,19,1,0,0,0,0,0,0,0,0,0,0,0,0,0,0,0,0,6,19,0,0,-1,-1,-1,-1,-1,-1,-1,-1,-1,-1,-1,-1,-1,-1,-1,-1,-1,-1,-1,-1,-1,-1,-1,-1,-1,-1,-1,-1,-1,-1,-1,-1,-1,-1,-1,-1,-1,-1,-1,-1,-1,-1,-1,-1,-1,-1,-1,-1,-1,-1,-1,-1,-1,-1,-1,-1,0,0.29938000000000003,1,46606,2355,200,1,2,1,14386,0,1,0,0,0,0
3,1,0,2,0,0,0,0,0,0,0,0,0,0,0,0,0,2,31,3,1,0,0,0,0,0,0,0,0,0,0,0,0,0,0,0,10,25,0,0,0,0,0,2,0,0,0,0,0,0,0,0,0,0,0,0,0,6,0,0,0,0,0,0,0,0,0,0,0,0,0,0,0,0,0,0,-1,-1,-1,-1,-1,-1,-1,-1,-1,-1,-1,-1,-1,-1,-1,-1,-1,-1,-1,-1,0,0.8651709999999999,0,16509,-1,-1,1,4,5,299,1,0,0,0,0,1
2,0,0,2,0,0,0,0,0,0,0,0,0,0,0,0,0,2,29,1,0,0,0,0,0,0,0,0,0,0,0,0,0,0,0,0,4,13,0,0,1,0,0,2,0,0,0,0,0,0,0,0,0,0,0,0,0,16,0,0,0,0,0,0,0,0,0,0,0,0,0,0,0,0,0,0,-1,-1,-1,-1,-1,-1,-1,-1,-1,-1,-1,-1,-1,-1,-1,-1,-1,-1,-1,-1,0,0.315135,1,26496,762,698,1,2,1,6727,0,0,0,0,0,1
2,0,0,0,0,0,0,0,0,0,0,0,0,0,0,0,0,1,14,2,0,0,0,0,0,0,0,0,0,0,0,0,0,0,0,0,4,14,0,0,-1,-1,-1,-1,-1,-1,-1,-1,-1,-1,-1,-1,-1,-1,-1,-1,-1,-1,-1,-1,-1,-1,-1,-1,-1,-1,-1,-1,-1,-1,-1,-1,-1,-1,-1,-1,-1,-1,-1,-1,-1,-1,-1,-1,-1,-1,-1,-1,-1,-1,-1,-1,-1,-1,-1,-1,0,0.236813,0,133618,6060,148,1,2,1,3598,0,1,0,0,0,0
2,0,0,0,0,0,0,0,0,0,0,0,0,0,0,0,0,1,16,2,0,0,0,0,0,0,0,0,0,0,0,0,0,0,0,0,5,16,0,0,-1,-1,-1,-1,-1,-1,-1,-1,-1,-1,-1,-1,-1,-1,-1,-1,-1,-1,-1,-1,-1,-1,-1,-1,-1,-1,-1,-1,-1,-1,-1,-1,-1,-1,-1,-1,-1,-1,-1,-1,-1,-1,-1,-1,-1,-1,-1,-1,-1,-1,-1,-1,-1,-1,-1,-1,0,0.095987,0,54113,7073,597,1,4,2,1199,1,1,0,0,0,0
1,0,0,1,0,0,0,0,0,0,0,0,0,0,0,0,0,1,12,1,0,0,0,0,0,0,0,0,0,0,0,0,0,0,0,0,4,11,0,0,0,0,0,1,0,0,0,0,0,0,0,0,0,0,0,0,0,1,0,0,0,0,0,0,0,0,0,0,0,0,0,0,0,0,0,0,-1,-1,-1,-1,-1,-1,-1,-1,-1,-1,-1,-1,-1,-1,-1,-1,-1,-1,-1,-1,0,0.620606,0,1742,8544,3144,1,3,1,7807,1,0,0,0,0,0
2,0,0,0,0,0,0,0,0,0,0,0,0,0,0,0,0,1,16,2,0,0,0,0,0,0,0,0,0,0,0,0,0,0,0,0,5,16,0,0,-1,-1,-1,-1,-1,-1,-1,-1,-1,-1,-1,-1,-1,-1,-1,-1,-1,-1,-1,-1,-1,-1,-1,-1,-1,-1,-1,-1,-1,-1,-1,-1,-1,-1,-1,-1,-1,-1,-1,-1,-1,-1,-1,-1,-1,-1,-1,-1,-1,-1,-1,-1,-1,-1,-1,-1,0,0.112068,-1,-1,7166,3060,1,4,7,299,1,1,0,0,0,0
2,7,2,2,0,0,0,0,0,0,0,0,0,0,0,0,0,1,107,2,0,0,0,0,0,0,0,0,0,0,0,0,0,0,0,0,5,22,0,0,0,7,2,2,0,0,0,0,0,0,0,0,0,0,0,0,0,85,0,7,2,0,0,0,0,0,0,0,0,0,0,0,0,0,0,78,-1,-1,-1,-1,-1,-1,-1,-1,-1,-1,-1,-1,-1,-1,-1,-1,-1,-1,-1,-1,0,0.160686,0,15133,4956,156,5,8,5,145,1,0,0,0,0,0
1,0,0,1,0,1,0,0,0,0,0,0,0,0,0,0,0,1,22,1,0,0,0,0,0,0,0,0,0,0,0,0,0,0,0,0,7,19,0,0,0,0,0,1,0,0,0,0,0,0,0,0,0,0,0,0,0,1,0,0,0,0,0,0,0,0,0,0,0,0,0,0,0,0,0,0,0,0,0,0,0,1,0,0,0,0,0,0,0,0,0,0,0,2,0,0,0,0.261015,0,13335,133,231,2,2,2,292,1,0,0,0,0,1
2,0,0,0,0,0,0,0,0,0,0,0,0,0,0,0,0,1,17,2,0,0,0,0,0,0,0,0,0,0,0,0,0,0,0,0,4,17,0,0,-1,-1,-1,-1,-1,-1,-1,-1,-1,-1,-1,-1,-1,-1,-1,-1,-1,-1,-1,-1,-1,-1,-1,-1,-1,-1,-1,-1,-1,-1,-1,-1,-1,-1,-1,-1,-1,-1,-1,-1,-1,-1,-1,-1,-1,-1,-1,-1,-1,-1,-1,-1,-1,-1,-1,-1,0,0.147702,-1,24940,3348,1764,1,2,5,66152,1,1,0,0,0,0
1,1,0,1,0,0,0,0,0,0,0,0,0,0,0,0,0,1,11,1,1,0,0,0,0,0,0,0,0,0,0,0,0,0,0,0,4,10,0,0,0,0,0,1,0,0,0,0,0,0,0,0,0,0,0,0,0,1,0,0,0,0,0,0,0,0,0,0,0,0,0,0,0,0,0,0,-1,-1,-1,-1,-1,-1,-1,-1,-1,-1,-1,-1,-1,-1,-1,-1,-1,-1,-1,-1,0,5.472825,0,6789,1323,868,1,2,0,657,0,-1,0,0,0,0
2,0,0,4,0,0,0,0,0,0,0,0,0,0,0,0,0,1,46,1,0,0,0,0,0,0,0,0,0,0,0,0,0,0,0,0,4,11,0,0,1,0,0,4,0,0,0,0,0,0,0,0,0,0,0,0,0,35,1,0,0,0,0,0,0,0,0,0,0,0,0,0,0,0,0,9,-1,-1,-1,-1,-1,-1,-1,-1,-1,-1,-1,-1,-1,-1,-1,-1,-1,-1,-1,-1,0,0.857326,-1,51559,2252,303,1,2,1,6792,1,0,0,0,0,1
7,3,1,16,2,2,0,0,0,0,0,0,0,0,0,0,0,3,228,1,0,0,0,0,0,0,0,0,0,0,0,0,0,0,0,0,3,11,0,0,1,0,0,4,0,0,0,0,0,0,0,0,0,0,0,0,0,53,1,0,0,0,0,0,0,0,0,0,0,0,0,0,0,0,0,7,5,3,1,12,2,2,0,0,0,0,0,0,0,0,0,0,0,164,1,1,0,0.481436,-1,198610,1363,97,1,4,2,260,0,1,0,0,0,1
4,0,0,4,0,0,0,0,0,0,0,0,0,0,0,0,0,1,204,3,0,0,0,0,0,0,0,0,0,0,0,0,0,0,0,0,8,25,0,0,1,0,0,4,0,0,0,0,0,0,0,0,0,0,0,0,0,48,1,0,0,0,0,0,0,0,0,0,0,0,0,0,0,0,0,23,0,0,0,0,0,0,0,0,0,0,0,0,0,0,0,0,0,131,0,0,0,1.1944290000000002,1,32748,-1,-1,1,2,3,14389,1,0,0,0,0,1
1,0,0,1,0,0,0,0,0,0,0,0,0,0,0,0,0,1,16,1,0,0,0,0,0,0,0,0,0,0,0,0,0,0,0,0,2,10,0,0,0,0,0,1,0,0,0,0,0,0,0,0,0,0,0,0,0,6,0,0,0,0,0,0,0,0,0,0,0,0,0,0,0,0,0,5,-1,-1,-1,-1,-1,-1,-1,-1,-1,-1,-1,-1,-1,-1,-1,-1,-1,-1,-1,-1,0,0.8540409999999999,-1,22612,-1,230,1,2,3,1190,1,2,0,0,0,1
2,0,0,0,0,0,0,0,0,0,0,0,0,0,0,0,0,1,17,2,0,0,0,0,0,0,0,0,0,0,0,0,0,0,0,0,5,17,0,0,-1,-1,-1,-1,-1,-1,-1,-1,-1,-1,-1,-1,-1,-1,-1,-1,-1,-1,-1,-1,-1,-1,-1,-1,-1,-1,-1,-1,-1,-1,-1,-1,-1,-1,-1,-1,-1,-1,-1,-1,-1,-1,-1,-1,-1,-1,-1,-1,-1,-1,-1,-1,-1,-1,-1,-1,0,4.871035,0,55720,387,342,1,2,1,21593,0,0,0,0,0,0
1,0,0,1,0,0,0,0,0,0,0,0,0,0,0,0,0,1,28,1,0,0,0,0,0,0,0,0,0,0,0,0,0,0,0,0,10,27,0,0,0,0,0,1,0,0,0,0,0,0,0,0,0,0,0,0,0,1,0,0,0,0,0,0,0,0,0,0,0,0,0,0,0,0,0,0,-1,-1,-1,-1,-1,-1,-1,-1,-1,-1,-1,-1,-1,-1,-1,-1,-1,-1,-1,-1,0,0.660752,0,13335,2518,38,2,2,2,291,1,0,0,0,0,0
2,0,0,0,0,0,0,0,0,0,0,0,0,0,0,0,0,1,15,2,0,0,0,0,0,0,0,0,0,0,0,0,0,0,0,0,2,15,0,0,-1,-1,-1,-1,-1,-1,-1,-1,-1,-1,-1,-1,-1,-1,-1,-1,-1,-1,-1,-1,-1,-1,-1,-1,-1,-1,-1,-1,-1,-1,-1,-1,-1,-1,-1,-1,-1,-1,-1,-1,-1,-1,-1,-1,-1,-1,-1,-1,-1,-1,-1,-1,-1,-1,-1,-1,0,0.254408,0,20940,8766,363,1,4,2,59,1,1,0,0,0,0
2,0,0,3,0,0,0,0,0,0,0,0,0,0,0,0,0,1,44,2,0,0,0,0,0,0,0,0,0,0,0,0,0,0,0,0,6,16,0,0,0,0,0,3,0,0,0,0,0,0,0,0,0,0,0,0,0,28,0,0,0,0,0,0,0,0,0,0,0,0,0,0,0,0,0,0,-1,-1,-1,-1,-1,-1,-1,-1,-1,-1,-1,-1,-1,-1,-1,-1,-1,-1,-1,-1,0,0.180798,0,15169,-1,-1,1,4,5,11,1,2,0,0,0,1
6,0,0,6,0,3,0,2,0,0,0,0,0,0,0,0,0,1,144,1,0,0,0,0,0,0,0,0,0,0,0,0,0,0,0,0,11,24,0,0,1,0,0,6,0,0,0,0,0,0,0,0,0,0,0,0,0,47,1,0,0,0,0,0,0,0,0,0,0,0,0,0,0,0,0,7,4,0,0,0,0,3,0,2,0,0,0,0,0,0,0,0,0,73,0,1,0,0.554247,0,26496,3432,219,1,2,0,5656,0,0,0,0,0,1
3,0,0,0,0,0,0,0,0,0,0,0,0,0,0,0,0,1,20,3,0,0,0,0,0,0,0,0,0,0,0,0,0,0,0,0,7,20,0,0,-1,-1,-1,-1,-1,-1,-1,-1,-1,-1,-1,-1,-1,-1,-1,-1,-1,-1,-1,-1,-1,-1,-1,-1,-1,-1,-1,-1,-1,-1,-1,-1,-1,-1,-1,-1,-1,-1,-1,-1,-1,-1,-1,-1,-1,-1,-1,-1,-1,-1,-1,-1,-1,-1,-1,-1,0,0.555685,0,54113,-1,-1,4,8,6,29,1,2,0,0,0,0
3,0,0,0,0,0,0,0,0,0,0,0,0,0,0,0,0,1,29,3,0,0,0,0,0,0,0,0,0,0,0,0,0,0,0,0,7,29,0,0,-1,-1,-1,-1,-1,-1,-1,-1,-1,-1,-1,-1,-1,-1,-1,-1,-1,-1,-1,-1,-1,-1,-1,-1,-1,-1,-1,-1,-1,-1,-1,-1,-1,-1,-1,-1,-1,-1,-1,-1,-1,-1,-1,-1,-1,-1,-1,-1,-1,-1,-1,-1,-1,-1,-1,-1,0,0.642235,0,15169,-1,-1,1,4,0,292,0,1,0,0,0,0
2,0,0,2,0,0,0,0,0,0,0,0,0,0,0,0,0,1,40,1,0,0,0,0,0,0,0,0,0,0,0,0,0,0,0,0,7,16,0,0,1,0,0,2,0,0,0,0,0,0,0,0,0,0,0,0,0,24,1,0,0,0,0,0,0,0,0,0,0,0,0,0,0,0,0,10,-1,-1,-1,-1,-1,-1,-1,-1,-1,-1,-1,-1,-1,-1,-1,-1,-1,-1,-1,-1,0,0.690453,0,5602,2917,85,1,2,1,19589,1,1,0,0,0,1
1,0,0,2,0,0,0,0,0,0,0,0,0,0,0,0,0,1,37,1,0,0,0,0,0,0,0,0,0,0,0,0,0,0,0,0,6,17,0,0,0,0,0,2,0,0,0,0,0,0,0,0,0,0,0,0,0,20,0,0,0,0,0,0,0,0,0,0,0,0,0,0,0,0,0,14,-1,-1,-1,-1,-1,-1,-1,-1,-1,-1,-1,-1,-1,-1,-1,-1,-1,-1,-1,-1,0,0.937155,1,20013,2033,157,1,2,1,11479,1,1,0,0,0,1
1,3,0,2,0,0,0,0,0,0,0,0,0,0,0,0,0,1,34,1,2,0,0,0,0,0,0,0,0,0,0,0,0,0,0,0,5,18,0,0,0,1,0,2,0,0,0,0,0,0,0,0,0,0,0,0,0,16,0,1,0,0,0,0,0,0,0,0,0,0,0,0,0,0,0,8,-1,-1,-1,-1,-1,-1,-1,-1,-1,-1,-1,-1,-1,-1,-1,-1,-1,-1,-1,-1,0,-1.0,0,-1,36,328,-1,4,0,-1,0,-1,0,0,0,1
3,0,0,5,0,1,1,0,0,0,0,0,0,0,0,0,0,2,69,1,0,0,0,0,0,0,0,0,0,0,0,0,0,0,0,0,5,17,0,0,1,0,0,5,0,0,0,0,0,0,0,0,0,0,0,0,0,34,1,0,0,0,0,0,0,0,0,0,0,0,0,0,0,0,0,9,1,0,0,0,0,1,1,0,0,0,0,0,0,0,0,0,0,18,1,1,1,0.670904,0,46606,1131,329,1,4,0,3570,0,0,0,0,0,1
3,0,0,2,0,0,0,0,0,0,0,0,0,0,0,0,0,1,28,2,0,0,0,0,0,0,0,0,0,0,0,0,0,0,0,0,6,14,0,0,1,0,0,2,0,0,0,0,0,0,0,0,0,0,0,0,0,14,1,0,0,0,0,0,0,0,0,0,0,0,0,0,0,0,0,9,-1,-1,-1,-1,-1,-1,-1,-1,-1,-1,-1,-1,-1,-1,-1,-1,-1,-1,-1,-1,0,0.484171,-1,25577,3457,1655,1,2,1,14398,1,0,0,0,0,1
2,7,0,4,0,0,0,0,0,0,0,0,0,0,0,0,0,1,85,2,0,0,0,0,0,0,0,0,0,0,0,0,0,0,0,0,4,18,0,0,0,7,0,4,0,0,0,0,0,0,0,0,0,0,0,0,0,67,0,0,0,0,0,0,0,0,0,0,0,0,0,0,0,0,0,0,-1,-1,-1,-1,-1,-1,-1,-1,-1,-1,-1,-1,-1,-1,-1,-1,-1,-1,-1,-1,0,0.024991,0,20940,3671,1806,1,3,7,271,0,-1,0,0,0,0
3,2,0,1,0,0,0,0,0,0,0,0,0,0,0,0,0,1,50,2,2,0,0,0,0,0,0,0,0,0,0,0,0,0,0,0,13,36,0,0,1,0,0,1,0,0,0,0,0,0,0,0,0,0,0,0,0,14,1,0,0,0,0,0,0,0,0,0,0,0,0,0,0,0,0,13,-1,-1,-1,-1,-1,-1,-1,-1,-1,-1,-1,-1,-1,-1,-1,-1,-1,-1,-1,-1,0,-1.0,0,-1,-1,-1,-1,4,0,-1,0,-1,0,0,0,0
4,0,0,0,0,0,0,0,0,0,0,0,0,0,0,0,0,1,33,4,0,0,0,0,0,0,0,0,0,0,0,0,0,0,0,0,10,33,0,0,-1,-1,-1,-1,-1,-1,-1,-1,-1,-1,-1,-1,-1,-1,-1,-1,-1,-1,-1,-1,-1,-1,-1,-1,-1,-1,-1,-1,-1,-1,-1,-1,-1,-1,-1,-1,-1,-1,-1,-1,-1,-1,-1,-1,-1,-1,-1,-1,-1,-1,-1,-1,-1,-1,-1,-1,0,1.749162,1,20013,8283,-1,1,2,1,14382,0,1,0,0,0,0
1,0,0,1,0,0,0,0,0,0,0,0,0,0,0,0,0,1,25,1,0,0,0,0,0,0,0,0,0,0,0,0,0,0,0,0,9,24,0,1,0,0,0,1,0,0,0,0,0,0,0,0,0,0,0,0,0,1,0,0,0,0,0,0,0,0,0,0,0,0,0,0,0,0,0,0,-1,-1,-1,-1,-1,-1,-1,-1,-1,-1,-1,-1,-1,-1,-1,-1,-1,-1,-1,-1,0,0.45753,1,13335,3761,255,2,2,1,292,1,0,0,0,0,0
2,0,0,0,0,0,0,0,0,0,0,0,0,0,0,0,0,1,9,2,0,0,0,0,0,0,0,0,0,0,0,0,0,0,0,0,1,9,0,0,-1,-1,-1,-1,-1,-1,-1,-1,-1,-1,-1,-1,-1,-1,-1,-1,-1,-1,-1,-1,-1,-1,-1,-1,-1,-1,-1,-1,-1,-1,-1,-1,-1,-1,-1,-1,-1,-1,-1,-1,-1,-1,-1,-1,-1,-1,-1,-1,-1,-1,-1,-1,-1,-1,-1,-1,0,0.098761,0,24940,1444,16,1,2,1,2868,0,0,0,0,0,0
2,1,0,2,0,0,0,0,0,0,0,0,0,0,0,0,0,1,34,2,0,0,0,0,0,0,0,0,0,0,0,0,0,0,0,0,7,20,0,1,0,1,0,2,0,0,0,0,0,0,0,0,0,0,0,0,0,14,0,1,0,0,0,0,0,0,0,0,0,0,0,0,0,0,0,7,-1,-1,-1,-1,-1,-1,-1,-1,-1,-1,-1,-1,-1,-1,-1,-1,-1,-1,-1,-1,0,-1.0,0,-1,7058,246,-1,2,0,-1,0,-1,0,0,0,0
4,0,0,0,0,0,0,0,0,0,0,0,0,0,0,0,0,1,21,4,0,0,0,0,0,0,0,0,0,0,0,0,0,0,0,0,6,21,0,0,-1,-1,-1,-1,-1,-1,-1,-1,-1,-1,-1,-1,-1,-1,-1,-1,-1,-1,-1,-1,-1,-1,-1,-1,-1,-1,-1,-1,-1,-1,-1,-1,-1,-1,-1,-1,-1,-1,-1,-1,-1,-1,-1,-1,-1,-1,-1,-1,-1,-1,-1,-1,-1,-1,-1,-1,0,1.513139,-1,263396,7716,-1,1,3,1,3585,1,1,0,0,0,0
2,0,0,5,0,0,0,0,0,0,0,0,0,0,0,0,0,1,50,1,0,0,0,0,0,0,0,0,0,0,0,0,0,0,0,0,4,9,0,0,1,0,0,5,0,0,0,0,0,0,0,0,0,0,0,0,0,41,1,0,0,0,0,0,0,0,0,0,0,0,0,0,0,0,0,16,-1,-1,-1,-1,-1,-1,-1,-1,-1,-1,-1,-1,-1,-1,-1,-1,-1,-1,-1,-1,0,0.180072,0,20857,-1,-1,1,2,1,199,1,0,0,0,0,1
4,0,0,1,0,0,0,0,0,0,0,0,0,0,0,0,0,1,42,3,0,0,0,0,0,0,0,0,0,0,0,0,0,0,0,0,4,27,0,0,1,0,0,1,0,0,0,0,0,0,0,0,0,0,0,0,0,15,1,0,0,0,0,0,0,0,0,0,0,0,0,0,0,0,0,14,-1,-1,-1,-1,-1,-1,-1,-1,-1,-1,-1,-1,-1,-1,-1,-1,-1,-1,-1,-1,0,0.442176,0,32475,-1,-1,1,2,0,17360,0,0,0,0,0,1
3,12,0,3,0,0,0,0,0,0,0,0,0,0,0,0,0,1,90,3,0,0,0,0,0,0,0,0,0,0,0,0,0,0,0,0,6,22,0,0,0,12,0,3,0,0,0,0,0,0,0,0,0,0,0,0,0,68,0,0,0,0,0,0,0,0,0,0,0,0,0,0,0,0,0,0,-1,-1,-1,-1,-1,-1,-1,-1,-1,-1,-1,-1,-1,-1,-1,-1,-1,-1,-1,-1,0,-1.0,0,-1,-1,-1,-1,6,0,-1,0,-1,0,0,0,0
3,1,1,3,0,0,0,0,0,0,0,0,0,0,0,0,0,1,62,2,0,0,0,0,0,0,0,0,0,0,0,0,0,0,0,0,5,22,0,0,1,1,1,3,0,0,0,0,0,0,0,0,0,0,0,0,0,40,1,1,0,0,0,0,0,0,0,0,0,0,0,0,0,0,0,16,-1,-1,-1,-1,-1,-1,-1,-1,-1,-1,-1,-1,-1,-1,-1,-1,-1,-1,-1,-1,0,0.296694,-1,20473,2791,130,1,2,1,10694,1,0,0,0,0,1
1,1,0,4,0,0,0,0,0,0,0,0,0,0,0,0,0,1,80,1,0,0,0,0,0,0,0,0,0,0,0,0,0,0,0,0,6,20,0,0,0,1,0,4,0,0,0,0,0,0,0,0,0,0,0,0,0,60,0,0,0,0,0,0,0,0,0,0,0,0,0,0,0,0,0,0,-1,-1,-1,-1,-1,-1,-1,-1,-1,-1,-1,-1,-1,-1,-1,-1,-1,-1,-1,-1,0,0.581855,1,26496,421,674,1,2,1,10461,0,3,0,0,0,1
4,0,1,5,0,0,0,0,0,0,0,0,0,0,0,0,0,1,64,3,0,0,0,0,0,0,0,0,0,0,0,0,0,0,0,0,6,20,0,0,1,0,1,5,0,0,0,0,0,0,0,0,0,0,0,0,0,44,1,0,0,0,0,0,0,0,0,0,0,0,0,0,0,0,0,8,-1,-1,-1,-1,-1,-1,-1,-1,-1,-1,-1,-1,-1,-1,-1,-1,-1,-1,-1,-1,0,0.116164,0,12322,-1,-1,1,2,2,21592,0,0,0,0,0,1
2,2,0,2,0,0,0,0,0,0,0,0,0,0,0,0,0,1,40,2,0,0,0,0,0,0,0,0,0,0,0,0,0,0,0,0,9,18,0,0,0,2,0,2,0,0,0,0,0,0,0,0,0,0,0,0,0,22,0,0,0,0,0,0,0,0,0,0,0,0,0,0,0,0,0,0,-1,-1,-1,-1,-1,-1,-1,-1,-1,-1,-1,-1,-1,-1,-1,-1,-1,-1,-1,-1,0,0.242794,0,5626,-1,-1,1,3,2,14393,0,0,0,0,0,0
2,6,0,3,0,0,0,0,0,0,0,0,0,0,0,0,0,1,94,2,0,0,0,0,0,0,0,0,0,0,0,0,0,0,0,0,5,16,0,0,0,6,0,3,0,0,0,0,0,0,0,0,0,0,0,0,0,78,0,0,0,0,0,0,0,0,0,0,0,0,0,0,0,0,0,15,-1,-1,-1,-1,-1,-1,-1,-1,-1,-1,-1,-1,-1,-1,-1,-1,-1,-1,-1,-1,0,0.218254,0,32934,7859,3464,1,2,1,171,1,1,0,0,0,0
1,0,0,0,0,0,0,0,0,0,0,0,0,0,0,0,0,1,16,1,0,0,0,0,0,0,0,0,0,0,0,0,0,0,0,0,5,16,0,0,-1,-1,-1,-1,-1,-1,-1,-1,-1,-1,-1,-1,-1,-1,-1,-1,-1,-1,-1,-1,-1,-1,-1,-1,-1,-1,-1,-1,-1,-1,-1,-1,-1,-1,-1,-1,-1,-1,-1,-1,-1,-1,-1,-1,-1,-1,-1,-1,-1,-1,-1,-1,-1,-1,-1,-1,0,0.280882,0,14618,750,344,3,2,0,292,0,0,0,0,0,0
2,0,2,2,0,0,0,0,0,0,0,0,0,0,0,0,0,1,35,1,0,0,0,0,0,0,0,0,0,0,0,0,0,0,0,0,1,7,0,0,1,0,2,2,0,0,0,0,0,0,0,0,0,0,0,0,0,28,1,0,2,0,0,0,0,0,0,0,0,0,0,0,0,0,0,16,-1,-1,-1,-1,-1,-1,-1,-1,-1,-1,-1,-1,-1,-1,-1,-1,-1,-1,-1,-1,0,1.278422,1,15244,-1,-1,1,2,1,14397,1,0,0,0,0,1
2,0,0,0,0,0,0,0,0,0,0,0,0,0,0,0,0,1,12,2,0,0,0,0,0,0,0,0,0,0,0,0,0,0,0,0,1,12,0,0,-1,-1,-1,-1,-1,-1,-1,-1,-1,-1,-1,-1,-1,-1,-1,-1,-1,-1,-1,-1,-1,-1,-1,-1,-1,-1,-1,-1,-1,-1,-1,-1,-1,-1,-1,-1,-1,-1,-1,-1,-1,-1,-1,-1,-1,-1,-1,-1,-1,-1,-1,-1,-1,-1,-1,-1,0,0.152481,0,12876,1017,77,1,3,0,3599,0,0,0,0,0,0
1,0,0,1,0,0,0,0,0,0,0,0,0,0,0,0,0,1,10,1,0,0,0,0,0,0,0,0,0,0,0,0,0,0,0,0,1,4,0,0,0,0,0,1,0,0,0,0,0,0,0,0,0,0,0,0,0,6,0,0,0,0,0,0,0,0,0,0,0,0,0,0,0,0,0,5,-1,-1,-1,-1,-1,-1,-1,-1,-1,-1,-1,-1,-1,-1,-1,-1,-1,-1,-1,-1,0,0.8569049999999999,0,26496,3051,965,1,2,2,13,1,6,0,0,1,1
4,0,0,3,0,0,0,0,0,0,0,0,0,0,0,0,0,1,39,3,0,0,0,0,0,0,0,0,0,0,0,0,0,0,0,0,3,19,0,0,1,0,0,3,0,0,0,0,0,0,0,0,0,0,0,0,0,20,1,0,0,0,0,0,0,0,0,0,0,0,0,0,0,0,0,8,-1,-1,-1,-1,-1,-1,-1,-1,-1,-1,-1,-1,-1,-1,-1,-1,-1,-1,-1,-1,0,1.318375,-1,9311,681,48,1,2,1,14398,0,0,0,0,0,1
3,0,0,3,0,0,0,0,0,0,0,0,0,0,0,0,0,1,49,2,0,0,0,0,0,0,0,0,0,0,0,0,0,0,0,0,6,25,0,0,1,0,0,3,0,0,0,0,0,0,0,0,0,0,0,0,0,24,1,0,0,0,0,0,0,0,0,0,0,0,0,0,0,0,0,9,-1,-1,-1,-1,-1,-1,-1,-1,-1,-1,-1,-1,-1,-1,-1,-1,-1,-1,-1,-1,0,0.5519430000000001,0,47583,-1,-1,1,1,1,52,1,0,0,0,0,1
1,2,0,1,0,0,0,0,0,0,0,0,0,0,0,0,0,1,22,1,2,0,0,0,0,0,0,0,0,0,0,0,0,0,0,0,7,21,0,0,0,0,0,1,0,0,0,0,0,0,0,0,0,0,0,0,0,1,0,0,0,0,0,0,0,0,0,0,0,0,0,0,0,0,0,0,-1,-1,-1,-1,-1,-1,-1,-1,-1,-1,-1,-1,-1,-1,-1,-1,-1,-1,-1,-1,0,0.135233,-1,24940,-1,-1,1,3,1,3595,0,0,0,0,0,1
3,1,0,2,0,1,0,0,0,0,0,0,0,0,0,0,0,2,30,2,1,0,0,0,0,0,0,0,0,0,0,0,0,0,0,0,0,12,0,0,1,0,0,2,0,0,0,0,0,0,0,0,0,0,0,0,0,13,1,0,0,0,0,0,0,0,0,0,0,0,0,0,0,0,0,9,0,0,0,0,0,1,0,0,0,0,0,0,0,0,0,0,0,5,0,1,0,2.218376,0,4812,-1,-1,2,2,2,598,0,0,0,0,0,1
3,1,1,3,0,0,0,0,0,0,0,0,0,0,0,0,0,1,58,2,0,0,0,0,0,0,0,0,0,0,0,0,0,0,0,0,4,19,0,0,1,1,1,3,0,0,0,0,0,0,0,0,0,0,0,0,0,39,1,0,1,0,0,0,0,0,0,0,0,0,0,0,0,0,0,25,-1,-1,-1,-1,-1,-1,-1,-1,-1,-1,-1,-1,-1,-1,-1,-1,-1,-1,-1,-1,0,0.470682,0,30447,4140,242,1,2,3,4921,0,0,0,0,0,1
2,0,0,0,0,0,0,0,0,0,0,0,0,0,0,0,0,1,14,2,0,0,0,0,0,0,0,0,0,0,0,0,0,0,0,0,2,14,0,0,-1,-1,-1,-1,-1,-1,-1,-1,-1,-1,-1,-1,-1,-1,-1,-1,-1,-1,-1,-1,-1,-1,-1,-1,-1,-1,-1,-1,-1,-1,-1,-1,-1,-1,-1,-1,-1,-1,-1,-1,-1,-1,-1,-1,-1,-1,-1,-1,-1,-1,-1,-1,-1,-1,-1,-1,0,2.091631,0,50215,4174,208,1,2,1,7144,0,0,0,0,0,0
1,0,0,1,0,0,0,0,0,0,0,0,0,0,0,0,0,1,51,1,0,0,0,0,0,0,0,0,0,0,0,0,0,0,0,0,7,18,0,0,0,0,0,1,0,0,0,0,0,0,0,0,0,0,0,0,0,1,0,0,0,0,0,0,0,0,0,0,0,0,0,0,0,0,0,0,0,0,0,0,0,0,0,0,0,0,0,0,0,0,0,0,0,32,0,0,0,0.934683,0,63356,331,33,3,4,0,0,1,0,0,0,0,1
3,0,0,4,0,0,0,0,0,0,0,0,0,0,0,0,0,2,62,1,0,0,0,0,0,0,0,0,0,0,0,0,0,0,0,0,5,17,0,0,2,0,0,4,0,0,0,0,0,0,0,0,0,0,0,0,0,45,1,0,0,0,0,0,0,0,0,0,0,0,0,0,0,0,0,6,-1,-1,-1,-1,-1,-1,-1,-1,-1,-1,-1,-1,-1,-1,-1,-1,-1,-1,-1,-1,0,0.142487,-1,12488,135,229,1,2,2,14392,1,0,0,0,0,1
1,0,0,1,0,0,0,0,0,0,0,0,0,0,0,0,0,1,14,1,0,0,0,0,0,0,0,0,0,0,0,0,0,0,0,0,3,7,0,0,0,0,0,1,0,0,0,0,0,0,0,0,0,0,0,0,0,7,0,0,0,0,0,0,0,0,0,0,0,0,0,0,0,0,0,6,-1,-1,-1,-1,-1,-1,-1,-1,-1,-1,-1,-1,-1,-1,-1,-1,-1,-1,-1,-1,0,0.165037,-1,13335,-1,-1,2,2,0,291,1,0,0,0,0,1
2,2,0,0,0,0,0,0,0,0,0,0,0,0,0,0,0,1,49,2,2,0,0,0,0,0,0,0,0,0,0,0,0,0,0,0,15,49,0,0,-1,-1,-1,-1,-1,-1,-1,-1,-1,-1,-1,-1,-1,-1,-1,-1,-1,-1,-1,-1,-1,-1,-1,-1,-1,-1,-1,-1,-1,-1,-1,-1,-1,-1,-1,-1,-1,-1,-1,-1,-1,-1,-1,-1,-1,-1,-1,-1,-1,-1,-1,-1,-1,-1,-1,-1,0,0.668175,0,47583,-1,-1,1,1,1,53,1,0,0,0,0,1
1,0,0,0,0,0,0,0,0,0,0,0,0,0,0,0,0,1,10,1,0,0,0,0,0,0,0,0,0,0,0,0,0,0,0,0,3,10,0,0,-1,-1,-1,-1,-1,-1,-1,-1,-1,-1,-1,-1,-1,-1,-1,-1,-1,-1,-1,-1,-1,-1,-1,-1,-1,-1,-1,-1,-1,-1,-1,-1,-1,-1,-1,-1,-1,-1,-1,-1,-1,-1,-1,-1,-1,-1,-1,-1,-1,-1,-1,-1,-1,-1,-1,-1,0,0.88746,1,36080,7390,278,1,2,5,3279,1,2,0,0,0,0
2,7,0,12,1,6,0,4,0,0,0,0,0,0,0,0,0,1,271,1,0,0,0,0,0,0,0,0,0,0,0,0,0,0,0,0,3,10,0,0,1,5,0,12,0,0,0,0,0,0,0,0,0,0,0,0,0,169,1,0,0,0,0,0,0,0,0,0,0,0,0,0,0,0,0,9,0,2,0,0,1,6,0,4,0,0,0,0,0,0,0,0,0,92,0,5,0,3.104696,1,26496,1482,709,1,2,1,8875,0,1,0,0,0,1
1,0,0,1,0,0,0,0,0,0,0,0,0,0,0,0,0,1,12,1,0,0,0,0,0,0,0,0,0,0,0,0,0,0,0,0,3,11,0,0,0,0,0,1,0,0,0,0,0,0,0,0,0,0,0,0,0,1,0,0,0,0,0,0,0,0,0,0,0,0,0,0,0,0,0,0,-1,-1,-1,-1,-1,-1,-1,-1,-1,-1,-1,-1,-1,-1,-1,-1,-1,-1,-1,-1,0,0.361744,-1,12790,1275,185,1,2,1,290,1,0,0,0,0,0
4,0,0,1,0,1,0,0,0,0,0,0,0,0,0,0,0,2,59,1,0,0,0,0,0,0,0,0,0,0,0,0,0,0,0,0,7,19,0,0,1,0,0,1,0,0,0,0,0,0,0,0,0,0,0,0,0,10,1,0,0,0,0,0,0,0,0,0,0,0,0,0,0,0,0,9,2,0,0,0,0,1,0,0,0,0,0,0,0,0,0,0,0,30,1,1,0,0.045212,0,13335,925,170,2,2,0,292,1,1,0,0,0,1
2,1,0,0,0,0,0,0,0,0,0,0,0,0,0,0,0,1,17,2,1,0,0,0,0,0,0,0,0,0,0,0,0,0,0,0,3,17,0,0,-1,-1,-1,-1,-1,-1,-1,-1,-1,-1,-1,-1,-1,-1,-1,-1,-1,-1,-1,-1,-1,-1,-1,-1,-1,-1,-1,-1,-1,-1,-1,-1,-1,-1,-1,-1,-1,-1,-1,-1,-1,-1,-1,-1,-1,-1,-1,-1,-1,-1,-1,-1,-1,-1,-1,-1,0,0.229002,0,200719,7485,183,1,2,0,299,0,0,0,0,0,0
2,0,0,0,0,0,0,0,0,0,0,0,0,0,0,0,0,1,17,2,0,0,0,0,0,0,0,0,0,0,0,0,0,0,0,0,7,17,0,0,-1,-1,-1,-1,-1,-1,-1,-1,-1,-1,-1,-1,-1,-1,-1,-1,-1,-1,-1,-1,-1,-1,-1,-1,-1,-1,-1,-1,-1,-1,-1,-1,-1,-1,-1,-1,-1,-1,-1,-1,-1,-1,-1,-1,-1,-1,-1,-1,-1,-1,-1,-1,-1,-1,-1,-1,0,0.267198,0,-1,-1,-1,1,5,3,264,1,1,0,0,0,0
1,0,0,3,0,0,0,0,0,0,0,0,0,0,0,0,0,1,57,1,0,0,0,0,0,0,0,0,0,0,0,0,0,0,0,0,4,12,0,0,0,0,0,3,0,0,0,0,0,0,0,0,0,0,0,0,0,45,0,0,0,0,0,0,0,0,0,0,0,0,0,0,0,0,0,32,-1,-1,-1,-1,-1,-1,-1,-1,-1,-1,-1,-1,-1,-1,-1,-1,-1,-1,-1,-1,0,0.959039,1,26496,2133,788,1,4,1,3590,1,1,0,0,0,1
2,0,0,1,0,0,0,0,0,0,0,0,0,0,0,0,0,1,19,2,0,0,0,0,0,0,0,0,0,0,0,0,0,0,0,0,4,18,0,0,0,0,0,1,0,0,0,0,0,0,0,0,0,0,0,0,0,1,0,0,0,0,0,0,0,0,0,0,0,0,0,0,0,0,0,0,-1,-1,-1,-1,-1,-1,-1,-1,-1,-1,-1,-1,-1,-1,-1,-1,-1,-1,-1,-1,0,0.750966,0,-1,7721,312,2,2,1,1799,1,2,0,0,0,0
2,1,0,2,0,0,0,0,0,0,0,0,0,0,0,0,0,1,30,2,0,0,0,0,0,0,0,0,0,0,0,0,0,0,0,0,4,14,0,0,0,1,0,2,0,0,0,0,0,0,0,0,0,0,0,0,0,16,0,0,0,0,0,0,0,0,0,0,0,0,0,0,0,0,0,3,-1,-1,-1,-1,-1,-1,-1,-1,-1,-1,-1,-1,-1,-1,-1,-1,-1,-1,-1,-1,0,1.270248,-1,16276,2513,408,1,2,5,14372,1,1,0,0,0,1
2,0,0,1,0,0,0,0,0,0,0,0,0,0,0,0,0,1,19,2,0,0,0,0,0,0,0,0,0,0,0,0,0,0,0,0,6,18,0,0,0,0,0,1,0,0,0,0,0,0,0,0,0,0,0,0,0,1,0,0,0,0,0,0,0,0,0,0,0,0,0,0,0,0,0,0,-1,-1,-1,-1,-1,-1,-1,-1,-1,-1,-1,-1,-1,-1,-1,-1,-1,-1,-1,-1,0,0.483471,1,16276,3962,55,1,2,5,1790,1,1,0,0,0,0
2,0,0,0,0,0,0,0,0,0,0,0,0,0,0,0,0,1,17,2,0,0,0,0,0,0,0,0,0,0,0,0,0,0,0,0,4,17,0,0,-1,-1,-1,-1,-1,-1,-1,-1,-1,-1,-1,-1,-1,-1,-1,-1,-1,-1,-1,-1,-1,-1,-1,-1,-1,-1,-1,-1,-1,-1,-1,-1,-1,-1,-1,-1,-1,-1,-1,-1,-1,-1,-1,-1,-1,-1,-1,-1,-1,-1,-1,-1,-1,-1,-1,-1,0,-1.0,0,3216,-1,-1,1,2,1,572,0,0,0,0,0,1
1,0,1,1,0,0,0,0,0,0,0,0,0,0,0,0,0,1,26,1,0,0,0,0,0,0,0,0,0,0,0,0,0,0,0,0,3,11,0,0,0,0,1,1,0,0,0,0,0,0,0,0,0,0,0,0,0,15,0,0,1,0,0,0,0,0,0,0,0,0,0,0,0,0,0,14,-1,-1,-1,-1,-1,-1,-1,-1,-1,-1,-1,-1,-1,-1,-1,-1,-1,-1,-1,-1,0,0.308214,1,13414,6832,472,2,12,5,675,1,0,0,0,0,0
3,0,0,3,0,0,0,0,0,0,0,0,0,0,0,0,0,1,59,2,0,0,0,0,0,0,0,0,0,0,0,0,0,0,0,0,8,32,0,0,1,0,0,3,0,0,0,0,0,0,0,0,0,0,0,0,0,27,1,0,0,0,0,0,0,0,0,0,0,0,0,0,0,0,0,16,-1,-1,-1,-1,-1,-1,-1,-1,-1,-1,-1,-1,-1,-1,-1,-1,-1,-1,-1,-1,0,0.29893000000000003,0,47583,-1,-1,1,1,1,24,1,0,0,0,0,1
3,2,1,1,0,0,0,0,0,0,0,0,0,0,0,0,0,1,38,2,2,0,0,0,0,0,0,0,0,0,0,0,0,0,0,0,9,25,0,0,1,0,1,1,0,0,0,0,0,0,0,0,0,0,0,0,0,13,1,0,1,0,0,0,0,0,0,0,0,0,0,0,0,0,0,12,-1,-1,-1,-1,-1,-1,-1,-1,-1,-1,-1,-1,-1,-1,-1,-1,-1,-1,-1,-1,0,1.214856,-1,31624,-1,-1,1,4,1,290,0,0,0,0,0,1
1,0,0,0,0,0,0,0,0,0,0,0,0,0,0,0,0,1,14,1,0,0,0,0,0,0,0,0,0,0,0,0,0,0,0,0,6,14,0,0,-1,-1,-1,-1,-1,-1,-1,-1,-1,-1,-1,-1,-1,-1,-1,-1,-1,-1,-1,-1,-1,-1,-1,-1,-1,-1,-1,-1,-1,-1,-1,-1,-1,-1,-1,-1,-1,-1,-1,-1,-1,-1,-1,-1,-1,-1,-1,-1,-1,-1,-1,-1,-1,-1,-1,-1,0,-1.0,0,-1,-1,-1,-1,4,0,-1,0,-1,0,0,0,0
2,1,0,0,0,0,0,0,0,0,0,0,0,0,0,0,0,1,24,2,1,0,0,0,0,0,0,0,0,0,0,0,0,0,0,0,9,24,0,0,-1,-1,-1,-1,-1,-1,-1,-1,-1,-1,-1,-1,-1,-1,-1,-1,-1,-1,-1,-1,-1,-1,-1,-1,-1,-1,-1,-1,-1,-1,-1,-1,-1,-1,-1,-1,-1,-1,-1,-1,-1,-1,-1,-1,-1,-1,-1,-1,-1,-1,-1,-1,-1,-1,-1,-1,0,0.4312470000000001,0,16509,-1,-1,2,3,1,59,0,3,0,0,0,0
2,0,0,6,0,0,0,0,0,0,0,0,0,0,0,0,0,1,85,1,0,0,0,0,0,0,0,0,0,0,0,0,0,0,0,0,5,17,0,0,1,0,0,6,0,0,0,0,0,0,0,0,0,0,0,0,0,68,1,0,0,0,0,0,0,0,0,0,0,0,0,0,0,0,0,7,-1,-1,-1,-1,-1,-1,-1,-1,-1,-1,-1,-1,-1,-1,-1,-1,-1,-1,-1,-1,0,1.703183,0,19969,1041,54,1,2,1,385,1,0,0,0,0,1
1,1,0,0,0,0,0,0,0,0,0,0,0,0,0,0,0,1,14,1,1,0,0,0,0,0,0,0,0,0,0,0,0,0,0,0,5,14,0,0,-1,-1,-1,-1,-1,-1,-1,-1,-1,-1,-1,-1,-1,-1,-1,-1,-1,-1,-1,-1,-1,-1,-1,-1,-1,-1,-1,-1,-1,-1,-1,-1,-1,-1,-1,-1,-1,-1,-1,-1,-1,-1,-1,-1,-1,-1,-1,-1,-1,-1,-1,-1,-1,-1,-1,-1,0,6.056966,1,13213,5744,99,1,2,7,1785,0,-1,0,0,0,0
1,0,1,5,0,0,0,0,0,0,0,0,0,0,0,0,0,1,50,1,0,0,0,0,0,0,0,0,0,0,0,0,0,0,0,0,3,13,0,0,0,0,1,5,0,0,0,0,0,0,0,0,0,0,0,0,0,37,0,0,0,0,0,0,0,0,0,0,0,0,0,0,0,0,0,0,-1,-1,-1,-1,-1,-1,-1,-1,-1,-1,-1,-1,-1,-1,-1,-1,-1,-1,-1,-1,0,0.179557,1,46606,3850,167,1,2,2,12410,0,-1,0,0,0,1
1,0,2,2,0,2,0,1,0,0,0,0,0,0,0,0,0,1,59,1,0,0,0,0,0,0,0,0,0,0,0,0,0,0,0,0,2,9,0,0,0,0,0,2,0,0,0,0,0,0,0,0,0,0,0,0,0,8,0,0,0,0,0,0,0,0,0,0,0,0,0,0,0,0,0,5,0,0,2,0,0,2,0,1,0,0,0,0,0,0,0,0,0,42,0,2,0,0.7102350000000001,1,262254,287,77,1,3,7,596,1,0,0,0,0,1
2,0,0,3,0,0,0,0,0,0,0,0,0,0,0,0,0,1,48,2,0,0,0,0,0,0,0,0,0,0,0,0,0,0,0,0,7,26,0,0,0,0,0,3,0,0,0,0,0,0,0,0,0,0,0,0,0,22,0,0,0,0,0,0,0,0,0,0,0,0,0,0,0,0,0,8,-1,-1,-1,-1,-1,-1,-1,-1,-1,-1,-1,-1,-1,-1,-1,-1,-1,-1,-1,-1,0,0.252337,0,15169,-1,-1,1,4,0,229,1,0,0,0,0,0
4,0,0,1,0,1,0,0,0,0,0,0,0,0,0,0,5,2,68,1,0,0,0,0,0,0,0,0,0,0,0,0,0,0,0,0,5,15,0,0,1,0,0,1,0,0,0,0,0,0,0,0,0,0,0,0,0,7,1,0,0,0,0,0,0,0,0,0,0,0,0,0,0,0,0,6,2,0,0,0,0,1,0,0,0,0,0,0,0,0,0,0,5,46,1,1,0,0.170036,0,62214,5299,179,1,2,1,598,0,0,0,0,0,1
2,0,1,4,0,3,0,2,0,0,0,0,0,0,0,0,0,1,221,1,0,0,0,0,0,0,0,0,0,0,0,0,0,0,0,0,3,12,0,0,1,0,0,4,0,0,0,0,0,0,0,0,0,0,0,0,0,52,1,0,0,0,0,0,0,0,0,0,0,0,0,0,0,0,0,9,0,0,1,0,0,3,0,2,0,0,0,0,0,0,0,0,0,157,0,3,0,0.461872,-1,32748,305,59,1,2,1,8265,0,0,0,0,0,1
1,0,0,1,0,0,0,0,0,0,0,0,0,0,0,0,0,1,11,1,0,0,0,0,0,0,0,0,0,0,0,0,0,0,0,0,3,10,0,0,0,0,0,1,0,0,0,0,0,0,0,0,0,0,0,0,0,1,0,0,0,0,0,0,0,0,0,0,0,0,0,0,0,0,0,0,-1,-1,-1,-1,-1,-1,-1,-1,-1,-1,-1,-1,-1,-1,-1,-1,-1,-1,-1,-1,0,0.314435,1,15169,3331,320,1,4,4,293,1,0,0,0,0,0
3,0,0,1,0,0,0,0,0,0,0,0,0,0,0,0,0,1,29,2,0,0,0,0,0,0,0,0,0,0,0,0,0,0,0,0,5,16,0,0,1,0,0,1,0,0,0,0,0,0,0,0,0,0,0,0,0,13,1,0,0,0,0,0,0,0,0,0,0,0,0,0,0,0,0,12,-1,-1,-1,-1,-1,-1,-1,-1,-1,-1,-1,-1,-1,-1,-1,-1,-1,-1,-1,-1,0,0.213984,0,32934,7859,3464,1,2,1,73,1,0,0,0,0,0
2,0,0,3,0,0,0,0,0,0,0,0,0,0,0,0,0,1,45,2,0,0,0,0,0,0,0,0,0,0,0,0,0,0,0,0,6,16,0,0,0,0,0,3,0,0,0,0,0,0,0,0,0,0,0,0,0,29,0,0,0,0,0,0,0,0,0,0,0,0,0,0,0,0,0,0,-1,-1,-1,-1,-1,-1,-1,-1,-1,-1,-1,-1,-1,-1,-1,-1,-1,-1,-1,-1,0,0.182015,0,15169,-1,-1,1,4,5,284,1,0,0,0,0,1
2,0,1,3,0,1,0,0,0,0,0,0,0,0,0,0,2,1,79,1,0,0,0,0,0,0,0,0,0,0,0,0,0,0,0,0,6,22,0,0,1,0,0,3,0,0,0,0,0,0,0,0,0,0,0,0,2,41,1,0,0,0,0,0,0,0,0,0,0,0,0,0,0,0,0,9,0,0,1,0,0,1,0,0,0,0,0,0,0,0,0,0,0,16,0,1,0,0.7084159999999999,0,13768,3622,29,1,3,1,5777,1,0,0,0,0,1
2,0,0,1,0,0,0,0,0,0,0,0,0,0,0,0,0,1,26,2,0,0,0,0,0,0,0,0,0,0,0,0,0,0,0,0,10,25,0,0,0,0,0,1,0,0,0,0,0,0,0,0,0,0,0,0,0,1,0,0,0,0,0,0,0,0,0,0,0,0,0,0,0,0,0,0,-1,-1,-1,-1,-1,-1,-1,-1,-1,-1,-1,-1,-1,-1,-1,-1,-1,-1,-1,-1,0,0.481391,0,13335,-1,-1,5,2,0,299,1,1,0,0,0,1
2,0,0,4,0,0,0,0,0,0,0,0,0,0,0,0,0,1,64,1,0,0,0,0,0,0,0,0,0,0,0,0,0,0,0,0,4,14,0,0,1,0,0,4,0,0,0,0,0,0,0,0,0,0,0,0,0,50,1,0,0,0,0,0,0,0,0,0,0,0,0,0,0,0,0,10,-1,-1,-1,-1,-1,-1,-1,-1,-1,-1,-1,-1,-1,-1,-1,-1,-1,-1,-1,-1,0,0.235837,0,-1,21,709,1,2,0,6305,1,0,0,0,0,1
4,0,0,4,0,0,0,0,0,0,0,0,0,0,0,0,0,1,42,3,0,0,0,0,0,0,0,0,0,0,0,0,0,0,0,0,3,14,0,0,1,0,0,4,0,0,0,0,0,0,0,0,0,0,0,0,0,28,1,0,0,0,0,0,0,0,0,0,0,0,0,0,0,0,0,11,-1,-1,-1,-1,-1,-1,-1,-1,-1,-1,-1,-1,-1,-1,-1,-1,-1,-1,-1,-1,0,0.410596,0,2818,-1,-1,2,4,2,292,1,4,0,0,0,0
3,1,0,4,0,0,0,0,0,0,0,0,0,0,0,0,0,1,45,2,1,0,0,0,0,0,0,0,0,0,0,0,0,0,0,0,6,17,0,0,1,0,0,4,0,0,0,0,0,0,0,0,0,0,0,0,0,28,1,0,0,0,0,0,0,0,0,0,0,0,0,0,0,0,0,9,-1,-1,-1,-1,-1,-1,-1,-1,-1,-1,-1,-1,-1,-1,-1,-1,-1,-1,-1,-1,0,0.753898,1,46606,1234,226,1,2,1,14398,0,0,0,0,0,1
1,0,0,1,0,0,0,0,0,0,0,0,0,0,0,0,0,1,17,1,0,0,0,0,0,0,0,0,0,0,0,0,0,0,0,0,4,11,0,0,0,0,0,1,0,0,0,0,0,0,0,0,0,0,0,0,0,6,0,0,0,0,0,0,0,0,0,0,0,0,0,0,0,0,0,5,-1,-1,-1,-1,-1,-1,-1,-1,-1,-1,-1,-1,-1,-1,-1,-1,-1,-1,-1,-1,0,0.184433,-1,32748,1423,37,1,2,1,14396,1,2,0,0,0,1
6,2,0,4,0,2,0,1,0,0,0,0,0,0,0,0,0,1,159,3,1,0,0,0,0,0,0,0,0,0,0,0,0,0,0,0,12,33,0,0,1,0,0,4,0,0,0,0,0,0,0,0,0,0,0,0,0,103,1,0,0,0,0,0,0,0,0,0,0,0,0,0,0,0,0,9,2,1,0,0,0,2,0,1,0,0,0,0,0,0,0,0,0,23,0,2,0,-1.0,0,-1,-1,-1,-1,0,0,-1,0,-1,0,0,0,1
2,0,0,2,0,0,0,0,0,0,0,0,0,0,0,0,2,1,43,2,0,0,0,0,0,0,0,0,0,0,0,0,0,0,0,0,5,15,0,0,0,0,0,2,0,0,0,0,0,0,0,0,0,0,0,0,2,28,0,0,0,0,0,0,0,0,0,0,0,0,0,0,0,0,2,25,-1,-1,-1,-1,-1,-1,-1,-1,-1,-1,-1,-1,-1,-1,-1,-1,-1,-1,-1,-1,0,0.080014,-1,15169,-1,-1,1,4,5,273,1,0,0,0,0,0
2,0,0,4,0,0,0,0,0,0,0,0,0,0,0,0,0,1,43,2,0,0,0,0,0,0,0,0,0,0,0,0,0,0,0,0,4,15,0,0,0,0,0,4,0,0,0,0,0,0,0,0,0,0,0,0,0,28,0,0,0,0,0,0,0,0,0,0,0,0,0,0,0,0,0,0,-1,-1,-1,-1,-1,-1,-1,-1,-1,-1,-1,-1,-1,-1,-1,-1,-1,-1,-1,-1,0,0.5577449999999999,1,16509,2779,2699,1,4,4,47,1,0,0,0,0,1
1,0,0,4,0,0,0,0,0,0,0,0,0,0,0,0,0,1,39,1,0,0,0,0,0,0,0,0,0,0,0,0,0,0,0,0,6,20,0,0,0,0,0,4,0,0,0,0,0,0,0,0,0,0,0,0,0,19,0,0,0,0,0,0,0,0,0,0,0,0,0,0,0,0,0,0,-1,-1,-1,-1,-1,-1,-1,-1,-1,-1,-1,-1,-1,-1,-1,-1,-1,-1,-1,-1,0,0.7033189999999999,1,20013,2413,143,1,2,1,4192,1,0,0,0,0,1
2,0,0,1,0,0,0,0,0,0,0,0,0,0,0,0,0,1,24,2,0,0,0,0,0,0,0,0,0,0,0,0,0,0,0,0,8,23,0,0,0,0,0,1,0,0,0,0,0,0,0,0,0,0,0,0,0,1,0,0,0,0,0,0,0,0,0,0,0,0,0,0,0,0,0,0,-1,-1,-1,-1,-1,-1,-1,-1,-1,-1,-1,-1,-1,-1,-1,-1,-1,-1,-1,-1,0,0.157047,0,64432,-1,-1,1,2,1,592,0,0,0,0,0,1
2,0,0,3,0,0,0,0,0,0,0,0,0,0,0,0,0,1,41,2,0,0,0,0,0,0,0,0,0,0,0,0,0,0,0,0,6,16,0,0,0,0,0,3,0,0,0,0,0,0,0,0,0,0,0,0,0,25,0,0,0,0,0,0,0,0,0,0,0,0,0,0,0,0,0,0,-1,-1,-1,-1,-1,-1,-1,-1,-1,-1,-1,-1,-1,-1,-1,-1,-1,-1,-1,-1,0,0.16808199999999998,0,15169,-1,-1,1,4,5,255,1,0,0,0,0,1
2,0,0,0,0,0,0,0,0,0,0,0,0,0,0,0,0,1,26,2,0,0,0,0,0,0,0,0,0,0,0,0,0,0,0,0,9,26,0,0,-1,-1,-1,-1,-1,-1,-1,-1,-1,-1,-1,-1,-1,-1,-1,-1,-1,-1,-1,-1,-1,-1,-1,-1,-1,-1,-1,-1,-1,-1,-1,-1,-1,-1,-1,-1,-1,-1,-1,-1,-1,-1,-1,-1,-1,-1,-1,-1,-1,-1,-1,-1,-1,-1,-1,-1,0,0.264484,0,15169,-1,-1,1,4,0,293,1,0,0,0,0,0
4,1,0,6,0,0,0,0,0,0,0,0,0,0,0,0,0,2,57,2,1,0,0,0,0,0,0,0,0,0,0,0,0,0,0,0,5,18,0,0,2,0,0,6,0,0,0,0,0,0,0,0,0,0,0,0,0,39,0,0,0,0,0,0,0,0,0,0,0,0,0,0,0,0,0,0,-1,-1,-1,-1,-1,-1,-1,-1,-1,-1,-1,-1,-1,-1,-1,-1,-1,-1,-1,-1,0,0.213013,1,20013,1448,12,1,2,1,8336,0,1,0,0,0,1
2,1,0,4,0,0,0,0,0,0,0,0,0,0,0,0,0,1,43,1,1,0,0,0,0,0,0,0,0,0,0,0,0,0,0,0,5,15,0,0,1,0,0,4,0,0,0,0,0,0,0,0,0,0,0,0,0,28,1,0,0,0,0,0,0,0,0,0,0,0,0,0,0,0,0,9,-1,-1,-1,-1,-1,-1,-1,-1,-1,-1,-1,-1,-1,-1,-1,-1,-1,-1,-1,-1,0,1.878014,0,55701,878,216,1,4,1,13350,1,0,0,0,0,1
1,0,3,2,0,1,0,0,1,0,0,0,0,0,0,0,0,1,50,1,0,0,0,0,0,0,0,0,0,0,0,0,0,0,0,0,0,7,0,0,0,0,3,2,0,0,0,0,1,0,0,0,0,0,0,0,0,34,0,0,3,0,0,0,0,0,1,0,0,0,0,0,0,0,0,30,0,0,0,0,0,1,0,0,0,0,0,0,0,0,0,0,0,9,0,0,0,0.168783,0,8068,-1,-1,1,2,0,1108,1,0,0,0,0,1
3,0,0,2,0,0,0,0,0,0,0,0,0,0,0,0,0,1,23,3,0,0,0,0,0,0,0,0,0,0,0,0,0,0,0,0,3,14,0,0,0,0,0,2,0,0,0,0,0,0,0,0,0,0,0,0,0,9,0,0,0,0,0,0,0,0,0,0,0,0,0,0,0,0,0,5,-1,-1,-1,-1,-1,-1,-1,-1,-1,-1,-1,-1,-1,-1,-1,-1,-1,-1,-1,-1,0,0.353599,-1,5593,-1,-1,1,2,2,3540,1,0,0,0,0,0
2,2,0,0,0,0,0,0,0,0,0,0,0,0,0,0,0,1,25,2,2,0,0,0,0,0,0,0,0,0,0,0,0,0,0,0,9,25,0,0,-1,-1,-1,-1,-1,-1,-1,-1,-1,-1,-1,-1,-1,-1,-1,-1,-1,-1,-1,-1,-1,-1,-1,-1,-1,-1,-1,-1,-1,-1,-1,-1,-1,-1,-1,-1,-1,-1,-1,-1,-1,-1,-1,-1,-1,-1,-1,-1,-1,-1,-1,-1,-1,-1,-1,-1,0,0.532224,0,47846,-1,-1,1,4,1,293,0,0,0,0,0,1
3,0,0,1,0,1,0,0,0,0,0,0,0,0,0,0,0,1,34,2,0,0,0,0,0,0,0,0,0,0,0,0,0,0,0,0,3,14,0,0,1,0,0,1,0,0,0,0,0,0,0,0,0,0,0,0,0,17,1,0,0,0,0,0,0,0,0,0,0,0,0,0,0,0,0,16,0,0,0,0,0,1,0,0,0,0,0,0,0,0,0,0,0,3,0,1,0,-1.0,0,-1,3220,66,-1,2,0,-1,0,-1,0,0,0,0
3,0,0,2,0,0,0,0,0,0,0,0,0,0,0,0,0,1,30,2,0,0,0,0,0,0,0,0,0,0,0,0,0,0,0,0,2,13,0,0,1,0,0,2,0,0,0,0,0,0,0,0,0,0,0,0,0,17,1,0,0,0,0,0,0,0,0,0,0,0,0,0,0,0,0,8,-1,-1,-1,-1,-1,-1,-1,-1,-1,-1,-1,-1,-1,-1,-1,-1,-1,-1,-1,-1,0,0.250422,0,13335,7823,2039,1,4,3,299,1,0,0,0,0,0
3,1,0,1,0,0,0,0,0,0,0,0,0,0,0,0,0,1,25,3,1,0,0,0,0,0,0,0,0,0,0,0,0,0,0,0,5,24,0,0,0,0,0,1,0,0,0,0,0,0,0,0,0,0,0,0,0,1,0,0,0,0,0,0,0,0,0,0,0,0,0,0,0,0,0,0,-1,-1,-1,-1,-1,-1,-1,-1,-1,-1,-1,-1,-1,-1,-1,-1,-1,-1,-1,-1,0,0.8499899999999999,0,8560,656,73,1,3,0,3598,0,1,0,0,0,0
1,1,0,4,0,0,0,0,0,0,0,0,0,0,0,0,0,1,31,1,0,0,0,0,0,0,0,0,0,0,0,0,0,0,0,0,5,13,0,0,0,1,0,4,0,0,0,0,0,0,0,0,0,0,0,0,0,18,0,0,0,0,0,0,0,0,0,0,0,0,0,0,0,0,0,0,-1,-1,-1,-1,-1,-1,-1,-1,-1,-1,-1,-1,-1,-1,-1,-1,-1,-1,-1,-1,0,0.367992,0,26347,2606,1046,1,3,7,7371,0,1,0,0,0,1
3,0,0,6,0,0,0,0,0,0,0,3,0,0,0,0,0,1,63,0,0,0,0,0,0,0,0,0,0,0,0,0,0,0,0,0,0,6,0,0,3,0,0,6,0,0,0,0,0,0,0,3,0,0,0,0,0,57,1,0,0,0,0,0,0,0,0,0,0,3,0,0,0,0,0,23,-1,-1,-1,-1,-1,-1,-1,-1,-1,-1,-1,-1,-1,-1,-1,-1,-1,-1,-1,-1,0,-1.0,0,-1,-1,-1,-1,4,0,-1,0,-1,0,0,0,0
2,0,2,2,0,0,0,0,0,0,0,0,0,0,0,0,0,1,41,2,0,0,0,0,0,0,0,0,0,0,0,0,0,0,0,0,7,16,0,0,0,0,2,2,0,0,0,0,0,0,0,0,0,0,0,0,0,25,0,0,2,0,0,0,0,0,0,0,0,0,0,0,0,0,0,19,-1,-1,-1,-1,-1,-1,-1,-1,-1,-1,-1,-1,-1,-1,-1,-1,-1,-1,-1,-1,0,0.031109,0,43821,-1,-1,1,3,2,563,1,1,0,0,0,0
2,0,0,0,0,0,0,0,0,0,0,0,0,0,0,0,0,1,17,2,0,0,0,0,0,0,0,0,0,0,0,0,0,0,0,0,6,17,0,0,-1,-1,-1,-1,-1,-1,-1,-1,-1,-1,-1,-1,-1,-1,-1,-1,-1,-1,-1,-1,-1,-1,-1,-1,-1,-1,-1,-1,-1,-1,-1,-1,-1,-1,-1,-1,-1,-1,-1,-1,-1,-1,-1,-1,-1,-1,-1,-1,-1,-1,-1,-1,-1,-1,-1,-1,0,0.17114300000000002,0,19324,6959,2902,1,4,3,58,1,1,0,0,0,0
2,0,0,0,0,0,0,0,0,0,0,0,0,0,0,0,0,1,16,2,0,0,0,0,0,0,0,0,0,0,0,0,0,0,0,0,3,16,0,0,-1,-1,-1,-1,-1,-1,-1,-1,-1,-1,-1,-1,-1,-1,-1,-1,-1,-1,-1,-1,-1,-1,-1,-1,-1,-1,-1,-1,-1,-1,-1,-1,-1,-1,-1,-1,-1,-1,-1,-1,-1,-1,-1,-1,-1,-1,-1,-1,-1,-1,-1,-1,-1,-1,-1,-1,0,0.811176,0,2818,6944,360,4,4,0,3599,0,2,0,0,0,0
2,0,0,1,0,0,0,0,0,0,0,0,0,0,0,0,0,1,13,2,0,0,0,0,0,0,0,0,0,0,0,0,0,0,0,0,3,12,0,0,0,0,0,1,0,0,0,0,0,0,0,0,0,0,0,0,0,1,0,0,0,0,0,0,0,0,0,0,0,0,0,0,0,0,0,0,-1,-1,-1,-1,-1,-1,-1,-1,-1,-1,-1,-1,-1,-1,-1,-1,-1,-1,-1,-1,0,0.5063880000000001,0,8972,7202,102,1,3,3,757,1,1,0,0,0,0
1,0,0,0,0,0,0,0,0,0,0,0,0,0,0,0,0,1,12,1,0,0,0,0,0,0,0,0,0,0,0,0,0,0,0,0,3,12,0,0,-1,-1,-1,-1,-1,-1,-1,-1,-1,-1,-1,-1,-1,-1,-1,-1,-1,-1,-1,-1,-1,-1,-1,-1,-1,-1,-1,-1,-1,-1,-1,-1,-1,-1,-1,-1,-1,-1,-1,-1,-1,-1,-1,-1,-1,-1,-1,-1,-1,-1,-1,-1,-1,-1,-1,-1,0,-1.0,0,32244,1257,203,1,5,1,3598,0,1,0,0,0,0
2,0,0,1,0,0,0,0,0,0,0,0,0,0,0,0,0,1,36,2,0,0,0,0,0,0,0,0,0,0,0,0,0,0,0,0,12,31,0,0,0,0,0,1,0,0,0,0,0,0,0,0,0,0,0,0,0,5,0,0,0,0,0,0,0,0,0,0,0,0,0,0,0,0,0,4,-1,-1,-1,-1,-1,-1,-1,-1,-1,-1,-1,-1,-1,-1,-1,-1,-1,-1,-1,-1,0,0.363142,0,15169,-1,-1,1,4,0,291,0,2,0,0,0,0
2,0,0,3,0,0,0,0,0,0,0,0,0,0,0,0,0,1,46,2,0,0,0,0,0,0,0,0,0,0,0,0,0,0,0,0,9,28,0,0,0,0,0,3,0,0,0,0,0,0,0,0,0,0,0,0,0,18,0,0,0,0,0,0,0,0,0,0,0,0,0,0,0,0,0,2,-1,-1,-1,-1,-1,-1,-1,-1,-1,-1,-1,-1,-1,-1,-1,-1,-1,-1,-1,-1,0,0.239324,0,55053,-1,-1,1,2,1,3556,1,0,0,0,0,0
2,0,0,1,0,0,0,0,0,0,0,0,0,0,0,0,0,1,39,2,0,0,0,0,0,0,0,0,0,0,0,0,0,0,0,0,9,33,0,0,0,0,0,1,0,0,0,0,0,0,0,0,0,0,0,0,0,6,0,0,0,0,0,0,0,0,0,0,0,0,0,0,0,0,0,5,-1,-1,-1,-1,-1,-1,-1,-1,-1,-1,-1,-1,-1,-1,-1,-1,-1,-1,-1,-1,0,0.123628,-1,26496,-1,-1,1,2,2,51,1,0,0,0,0,1
1,1,0,3,0,1,0,0,0,0,0,0,0,0,0,0,0,1,78,1,1,0,0,0,0,0,0,0,0,0,0,0,0,0,0,0,5,23,0,0,0,0,0,3,0,0,0,0,0,0,0,0,0,0,0,0,0,13,0,0,0,0,0,0,0,0,0,0,0,0,0,0,0,0,0,3,0,0,0,0,0,1,0,0,0,0,0,0,0,0,0,0,0,42,0,1,0,-1.0,0,55286,134,230,1,2,0,41,0,-1,0,0,0,1
2,0,0,2,0,0,0,0,0,0,0,0,0,0,0,0,0,1,28,2,0,0,0,0,0,0,0,0,0,0,0,0,0,0,0,0,5,16,0,0,0,0,0,2,0,0,0,0,0,0,0,0,0,0,0,0,0,12,0,0,0,0,0,0,0,0,0,0,0,0,0,0,0,0,0,0,-1,-1,-1,-1,-1,-1,-1,-1,-1,-1,-1,-1,-1,-1,-1,-1,-1,-1,-1,-1,0,0.070003,0,13335,3342,-1,2,2,1,299,1,0,0,0,0,0
2,0,0,0,0,0,0,0,0,0,0,0,0,0,0,0,0,1,13,2,0,0,0,0,0,0,0,0,0,0,0,0,0,0,0,0,4,13,0,0,-1,-1,-1,-1,-1,-1,-1,-1,-1,-1,-1,-1,-1,-1,-1,-1,-1,-1,-1,-1,-1,-1,-1,-1,-1,-1,-1,-1,-1,-1,-1,-1,-1,-1,-1,-1,-1,-1,-1,-1,-1,-1,-1,-1,-1,-1,-1,-1,-1,-1,-1,-1,-1,-1,-1,-1,0,1.413274,0,20545,-1,-1,1,2,2,21589,1,1,0,0,0,0
1,0,0,2,0,0,0,0,0,0,0,0,0,0,0,0,0,1,36,1,0,0,0,0,0,0,0,0,0,0,0,0,0,0,0,0,9,19,0,0,0,0,0,2,0,0,0,0,0,0,0,0,0,0,0,0,0,17,0,0,0,0,0,0,0,0,0,0,0,0,0,0,0,0,0,0,-1,-1,-1,-1,-1,-1,-1,-1,-1,-1,-1,-1,-1,-1,-1,-1,-1,-1,-1,-1,0,0.964299,0,26496,2951,701,1,2,2,591,0,0,0,0,0,1
3,0,0,0,0,0,0,0,0,0,0,0,0,0,0,0,0,1,24,3,0,0,0,0,0,0,0,0,0,0,0,0,0,0,0,0,8,24,0,0,-1,-1,-1,-1,-1,-1,-1,-1,-1,-1,-1,-1,-1,-1,-1,-1,-1,-1,-1,-1,-1,-1,-1,-1,-1,-1,-1,-1,-1,-1,-1,-1,-1,-1,-1,-1,-1,-1,-1,-1,-1,-1,-1,-1,-1,-1,-1,-1,-1,-1,-1,-1,-1,-1,-1,-1,0,1.076079,0,54290,-1,-1,1,2,1,14397,1,0,0,0,0,1
3,0,0,3,0,0,0,0,0,0,0,0,0,0,0,0,0,1,49,2,0,0,0,0,0,0,0,0,0,0,0,0,0,0,0,0,7,19,0,1,1,0,0,3,0,0,0,0,0,0,0,0,0,0,0,0,0,30,1,0,0,0,0,0,0,0,0,0,0,0,0,0,0,0,0,19,-1,-1,-1,-1,-1,-1,-1,-1,-1,-1,-1,-1,-1,-1,-1,-1,-1,-1,-1,-1,0,0.573287,0,22611,-1,-1,1,2,1,4378,0,0,0,0,0,1
2,0,0,3,0,0,0,0,0,0,0,0,0,0,0,0,0,1,46,2,0,0,0,0,0,0,0,0,0,0,0,0,0,0,0,0,9,28,0,0,0,0,0,3,0,0,0,0,0,0,0,0,0,0,0,0,0,18,0,0,0,0,0,0,0,0,0,0,0,0,0,0,0,0,0,2,-1,-1,-1,-1,-1,-1,-1,-1,-1,-1,-1,-1,-1,-1,-1,-1,-1,-1,-1,-1,0,0.257594,0,55053,-1,-1,1,2,1,2873,1,0,0,0,0,0
2,0,0,0,0,0,0,0,0,0,0,0,0,0,0,0,0,1,19,2,0,0,0,0,0,0,0,0,0,0,0,0,0,0,0,0,5,19,0,0,-1,-1,-1,-1,-1,-1,-1,-1,-1,-1,-1,-1,-1,-1,-1,-1,-1,-1,-1,-1,-1,-1,-1,-1,-1,-1,-1,-1,-1,-1,-1,-1,-1,-1,-1,-1,-1,-1,-1,-1,-1,-1,-1,-1,-1,-1,-1,-1,-1,-1,-1,-1,-1,-1,-1,-1,0,0.085985,0,15169,-1,-1,1,4,0,256,1,4,0,0,0,0
1,7,0,1,0,0,0,0,0,0,0,0,0,0,0,0,0,1,65,1,0,0,0,0,0,0,0,0,0,0,0,0,0,0,0,0,3,10,0,0,0,7,0,1,0,0,0,0,0,0,0,0,0,0,0,0,0,55,0,7,0,0,0,0,0,0,0,0,0,0,0,0,0,0,0,54,-1,-1,-1,-1,-1,-1,-1,-1,-1,-1,-1,-1,-1,-1,-1,-1,-1,-1,-1,-1,0,0.148386,0,62041,-1,-1,2,2,0,597,1,0,0,0,0,1
5,4,0,6,0,1,0,0,0,0,0,0,0,0,0,0,0,1,93,1,0,0,0,0,0,0,0,0,0,0,0,0,0,0,0,0,5,15,0,0,4,4,0,6,0,1,0,0,0,0,0,0,0,0,0,0,0,78,0,0,0,0,0,0,0,0,0,0,0,0,0,0,0,0,0,0,-1,-1,-1,-1,-1,-1,-1,-1,-1,-1,-1,-1,-1,-1,-1,-1,-1,-1,-1,-1,0,0.273899,1,46606,1850,340,1,2,1,14368,1,1,0,0,0,1
1,1,0,1,0,0,0,0,0,0,0,0,0,0,0,0,0,1,13,1,1,0,0,0,0,0,0,0,0,0,0,0,0,0,0,0,2,7,0,0,0,0,0,1,0,0,0,0,0,0,0,0,0,0,0,0,0,6,0,0,0,0,0,0,0,0,0,0,0,0,0,0,0,0,0,5,-1,-1,-1,-1,-1,-1,-1,-1,-1,-1,-1,-1,-1,-1,-1,-1,-1,-1,-1,-1,0,1.501965,0,13335,379,350,2,2,0,266,1,3,0,0,0,1
4,1,0,1,0,0,0,0,0,0,0,0,0,0,0,0,0,1,55,3,0,0,0,0,0,0,0,0,0,0,0,0,0,0,0,0,10,36,0,0,1,1,0,1,0,0,0,0,0,0,0,0,0,0,0,0,0,19,1,1,0,0,0,0,0,0,0,0,0,0,0,0,0,0,0,18,-1,-1,-1,-1,-1,-1,-1,-1,-1,-1,-1,-1,-1,-1,-1,-1,-1,-1,-1,-1,0,0.404863,0,13335,-1,-1,5,2,0,299,0,0,0,0,0,1
2,0,0,0,0,0,0,0,0,0,0,0,0,0,0,0,0,1,18,2,0,0,0,0,0,0,0,0,0,0,0,0,0,0,0,0,7,18,0,0,-1,-1,-1,-1,-1,-1,-1,-1,-1,-1,-1,-1,-1,-1,-1,-1,-1,-1,-1,-1,-1,-1,-1,-1,-1,-1,-1,-1,-1,-1,-1,-1,-1,-1,-1,-1,-1,-1,-1,-1,-1,-1,-1,-1,-1,-1,-1,-1,-1,-1,-1,-1,-1,-1,-1,-1,0,-1.0,0,-1,-1,-1,-1,0,0,-1,0,-1,0,0,0,0
2,2,0,1,0,0,0,0,0,0,0,0,0,0,0,0,0,1,37,2,2,0,0,0,0,0,0,0,0,0,0,0,0,0,0,0,12,36,0,0,0,0,0,1,0,0,0,0,0,0,0,0,0,0,0,0,0,1,0,0,0,0,0,0,0,0,0,0,0,0,0,0,0,0,0,0,-1,-1,-1,-1,-1,-1,-1,-1,-1,-1,-1,-1,-1,-1,-1,-1,-1,-1,-1,-1,0,1.451862,0,31624,-1,-1,1,4,0,291,0,0,0,0,0,1
2,0,0,1,0,0,0,0,0,0,0,0,0,0,0,0,0,1,26,2,0,0,0,0,0,0,0,0,0,0,0,0,0,0,0,0,9,25,0,0,0,0,0,1,0,0,0,0,0,0,0,0,0,0,0,0,0,1,0,0,0,0,0,0,0,0,0,0,0,0,0,0,0,0,0,0,-1,-1,-1,-1,-1,-1,-1,-1,-1,-1,-1,-1,-1,-1,-1,-1,-1,-1,-1,-1,0,0.384916,0,2635,-1,-1,2,4,1,292,1,1,0,0,0,0
1,0,0,2,0,0,0,0,0,0,0,0,0,0,0,0,0,1,26,1,0,0,0,0,0,0,0,0,0,0,0,0,0,0,0,0,5,20,0,0,0,0,0,2,0,0,0,0,0,0,0,0,0,0,0,0,0,6,0,0,0,0,0,0,0,0,0,0,0,0,0,0,0,0,0,0,-1,-1,-1,-1,-1,-1,-1,-1,-1,-1,-1,-1,-1,-1,-1,-1,-1,-1,-1,-1,0,2.3680000000000003,-1,32244,1675,150,1,2,1,14389,1,0,0,0,0,1
3,0,0,1,0,0,0,0,0,0,0,0,0,0,0,0,0,1,20,3,0,0,0,0,0,0,0,0,0,0,0,0,0,0,0,0,2,13,0,0,0,0,0,1,0,0,0,0,0,0,0,0,0,0,0,0,0,7,0,0,0,0,0,0,0,0,0,0,0,0,0,0,0,0,0,6,-1,-1,-1,-1,-1,-1,-1,-1,-1,-1,-1,-1,-1,-1,-1,-1,-1,-1,-1,-1,0,0.199729,0,2818,-1,2625,4,4,2,299,1,1,0,0,0,0
2,0,0,0,0,0,0,0,0,0,0,0,0,0,0,0,0,1,13,2,0,0,0,0,0,0,0,0,0,0,0,0,0,0,0,0,4,13,0,0,-1,-1,-1,-1,-1,-1,-1,-1,-1,-1,-1,-1,-1,-1,-1,-1,-1,-1,-1,-1,-1,-1,-1,-1,-1,-1,-1,-1,-1,-1,-1,-1,-1,-1,-1,-1,-1,-1,-1,-1,-1,-1,-1,-1,-1,-1,-1,-1,-1,-1,-1,-1,-1,-1,-1,-1,0,0.142757,0,13335,6966,193,2,2,1,298,1,1,0,0,0,0
2,0,0,1,0,0,0,0,0,0,0,0,0,0,0,0,0,1,36,2,0,0,0,0,0,0,0,0,0,0,0,0,0,0,0,0,13,35,0,0,0,0,0,1,0,0,0,0,0,0,0,0,0,0,0,0,0,1,0,0,0,0,0,0,0,0,0,0,0,0,0,0,0,0,0,0,-1,-1,-1,-1,-1,-1,-1,-1,-1,-1,-1,-1,-1,-1,-1,-1,-1,-1,-1,-1,0,0.482312,0,13649,-1,-1,1,4,4,293,1,0,0,0,0,1
2,0,0,0,0,0,0,0,0,0,0,0,0,0,0,0,0,1,13,2,0,0,0,0,0,0,0,0,0,0,0,0,0,0,0,0,2,13,0,0,-1,-1,-1,-1,-1,-1,-1,-1,-1,-1,-1,-1,-1,-1,-1,-1,-1,-1,-1,-1,-1,-1,-1,-1,-1,-1,-1,-1,-1,-1,-1,-1,-1,-1,-1,-1,-1,-1,-1,-1,-1,-1,-1,-1,-1,-1,-1,-1,-1,-1,-1,-1,-1,-1,-1,-1,0,0.784194,-1,16509,4938,174,3,4,1,59,1,1,0,0,0,0
4,0,0,3,0,0,0,0,0,0,0,0,0,0,0,0,0,0,74,3,0,0,0,0,0,0,0,0,0,0,0,0,0,0,0,0,0,13,1,0,1,0,0,3,0,0,0,0,0,0,0,0,0,0,0,0,0,61,1,0,0,0,0,0,0,0,0,0,0,0,0,0,0,0,0,10,-1,-1,-1,-1,-1,-1,-1,-1,-1,-1,-1,-1,-1,-1,-1,-1,-1,-1,-1,-1,0,-1.0,0,14061,1183,-1,1,4,0,0,0,-1,0,0,0,1
2,0,0,0,0,0,0,0,0,0,0,0,0,0,0,0,0,1,23,2,0,0,0,0,0,0,0,0,0,0,0,0,0,0,0,0,7,23,0,0,-1,-1,-1,-1,-1,-1,-1,-1,-1,-1,-1,-1,-1,-1,-1,-1,-1,-1,-1,-1,-1,-1,-1,-1,-1,-1,-1,-1,-1,-1,-1,-1,-1,-1,-1,-1,-1,-1,-1,-1,-1,-1,-1,-1,-1,-1,-1,-1,-1,-1,-1,-1,-1,-1,-1,-1,0,1.626227,0,10569,-1,-1,-1,4,0,-1,0,0,0,0,0,0
1,0,0,0,0,0,0,0,0,0,0,0,0,0,0,0,0,1,14,1,0,0,0,0,0,0,0,0,0,0,0,0,0,0,0,0,5,14,0,0,-1,-1,-1,-1,-1,-1,-1,-1,-1,-1,-1,-1,-1,-1,-1,-1,-1,-1,-1,-1,-1,-1,-1,-1,-1,-1,-1,-1,-1,-1,-1,-1,-1,-1,-1,-1,-1,-1,-1,-1,-1,-1,-1,-1,-1,-1,-1,-1,-1,-1,-1,-1,-1,-1,-1,-1,0,-1.0,0,14618,2003,553,2,4,0,51,0,-1,0,0,0,0
2,0,0,4,0,0,0,0,0,0,0,0,0,0,0,0,0,1,51,1,0,0,0,0,0,0,0,0,0,0,0,0,0,0,0,0,9,22,0,0,1,0,0,4,0,0,0,0,0,0,0,0,0,0,0,0,0,29,1,0,0,0,0,0,0,0,0,0,0,0,0,0,0,0,0,10,-1,-1,-1,-1,-1,-1,-1,-1,-1,-1,-1,-1,-1,-1,-1,-1,-1,-1,-1,-1,0,0.418735,1,26496,1514,311,1,2,1,5069,0,0,0,0,0,1
3,1,5,2,0,0,0,0,0,0,0,0,0,0,0,0,0,1,70,2,1,0,0,0,0,0,0,0,0,0,0,0,0,0,0,0,4,17,0,0,1,0,5,2,0,0,0,0,0,0,0,0,0,0,0,0,0,53,1,0,3,0,0,0,0,0,0,0,0,0,0,0,0,0,0,30,-1,-1,-1,-1,-1,-1,-1,-1,-1,-1,-1,-1,-1,-1,-1,-1,-1,-1,-1,-1,0,0.244195,0,13335,5084,28,2,2,5,288,1,0,0,0,0,0
2,0,0,0,0,0,0,0,0,0,0,0,0,0,0,0,0,1,24,2,0,0,0,0,0,0,0,0,0,0,0,0,0,0,0,0,8,24,0,0,-1,-1,-1,-1,-1,-1,-1,-1,-1,-1,-1,-1,-1,-1,-1,-1,-1,-1,-1,-1,-1,-1,-1,-1,-1,-1,-1,-1,-1,-1,-1,-1,-1,-1,-1,-1,-1,-1,-1,-1,-1,-1,-1,-1,-1,-1,-1,-1,-1,-1,-1,-1,-1,-1,-1,-1,0,0.077817,0,15169,-1,-1,1,4,0,284,1,4,0,0,0,0
2,0,0,0,0,0,0,0,0,0,0,0,0,0,0,0,0,1,14,2,0,0,0,0,0,0,0,0,0,0,0,0,0,0,0,0,5,14,0,0,-1,-1,-1,-1,-1,-1,-1,-1,-1,-1,-1,-1,-1,-1,-1,-1,-1,-1,-1,-1,-1,-1,-1,-1,-1,-1,-1,-1,-1,-1,-1,-1,-1,-1,-1,-1,-1,-1,-1,-1,-1,-1,-1,-1,-1,-1,-1,-1,-1,-1,-1,-1,-1,-1,-1,-1,0,4.436636,0,29873,3401,616,1,2,4,3599,1,0,0,0,0,0
1,0,0,4,0,0,0,0,0,0,0,0,0,0,0,0,0,1,31,1,0,0,0,0,0,0,0,0,0,0,0,0,0,0,0,0,2,9,0,0,0,0,0,4,0,0,0,0,0,0,0,0,0,0,0,0,0,22,0,0,0,0,0,0,0,0,0,0,0,0,0,0,0,0,0,0,-1,-1,-1,-1,-1,-1,-1,-1,-1,-1,-1,-1,-1,-1,-1,-1,-1,-1,-1,-1,0,0.092006,0,12876,2691,230,1,4,2,3231,0,0,0,0,0,1
1,0,0,1,0,0,0,0,0,0,0,0,0,0,0,0,0,1,21,1,0,0,0,0,0,0,0,0,0,0,0,0,0,0,0,0,9,20,0,0,0,0,0,1,0,0,0,0,0,0,0,0,0,0,0,0,0,1,0,0,0,0,0,0,0,0,0,0,0,0,0,0,0,0,0,0,-1,-1,-1,-1,-1,-1,-1,-1,-1,-1,-1,-1,-1,-1,-1,-1,-1,-1,-1,-1,0,0.301661,-1,29182,50,314,1,2,2,3597,1,0,0,0,0,1
2,0,0,1,0,0,0,0,0,0,0,0,0,0,0,0,0,1,16,2,0,0,0,0,0,0,0,0,0,0,0,0,0,0,0,0,4,15,0,0,0,0,0,1,0,0,0,0,0,0,0,0,0,0,0,0,0,1,0,0,0,0,0,0,0,0,0,0,0,0,0,0,0,0,0,0,-1,-1,-1,-1,-1,-1,-1,-1,-1,-1,-1,-1,-1,-1,-1,-1,-1,-1,-1,-1,0,0.260434,1,174,6423,150,1,2,5,221,1,0,0,0,0,0
3,0,0,8,0,0,0,0,0,0,0,0,0,0,0,0,0,1,89,2,0,0,0,0,0,0,0,0,0,0,0,0,0,0,0,0,4,16,0,0,1,0,0,8,0,0,0,0,0,0,0,0,0,0,0,0,0,73,1,0,0,0,0,0,0,0,0,0,0,0,0,0,0,0,0,9,-1,-1,-1,-1,-1,-1,-1,-1,-1,-1,-1,-1,-1,-1,-1,-1,-1,-1,-1,-1,0,5.359621,0,61440,1350,110,1,2,1,14398,0,0,0,0,0,1
2,1,0,3,0,1,1,0,0,0,0,0,0,0,0,0,0,2,56,1,0,0,0,0,0,0,0,0,0,0,0,0,0,0,0,0,3,12,0,0,0,0,0,3,0,0,0,0,0,0,0,0,0,0,0,0,0,20,0,0,0,0,0,0,0,0,0,0,0,0,0,0,0,0,0,0,1,1,0,0,0,1,1,0,0,0,0,0,0,0,0,0,0,24,1,1,1,0.510782,0,33182,7632,36,1,2,1,7559,1,0,0,0,0,1
1,0,0,0,0,0,0,0,0,0,0,0,0,0,0,0,0,1,23,1,0,0,0,0,0,0,0,0,0,0,0,0,0,0,0,0,9,23,0,0,-1,-1,-1,-1,-1,-1,-1,-1,-1,-1,-1,-1,-1,-1,-1,-1,-1,-1,-1,-1,-1,-1,-1,-1,-1,-1,-1,-1,-1,-1,-1,-1,-1,-1,-1,-1,-1,-1,-1,-1,-1,-1,-1,-1,-1,-1,-1,-1,-1,-1,-1,-1,-1,-1,-1,-1,0,0.420979,-1,13335,2613,308,2,2,1,292,1,0,0,0,0,0
2,2,2,6,0,1,0,0,0,0,0,0,0,0,0,0,0,1,68,2,0,0,0,0,0,0,0,0,0,0,0,0,0,0,0,0,5,16,0,0,0,2,2,6,0,1,0,0,0,0,0,0,0,0,0,0,0,52,0,0,0,0,0,0,0,0,0,0,0,0,0,0,0,0,0,0,-1,-1,-1,-1,-1,-1,-1,-1,-1,-1,-1,-1,-1,-1,-1,-1,-1,-1,-1,-1,0,1.817026,-1,26496,6659,226,1,2,3,21588,0,0,0,0,0,1
2,0,0,0,0,0,0,0,0,0,0,0,0,0,0,0,0,1,23,2,0,0,0,0,0,0,0,0,0,0,0,0,0,0,0,0,8,23,0,0,-1,-1,-1,-1,-1,-1,-1,-1,-1,-1,-1,-1,-1,-1,-1,-1,-1,-1,-1,-1,-1,-1,-1,-1,-1,-1,-1,-1,-1,-1,-1,-1,-1,-1,-1,-1,-1,-1,-1,-1,-1,-1,-1,-1,-1,-1,-1,-1,-1,-1,-1,-1,-1,-1,-1,-1,0,-1.0,0,-1,4637,110,-1,2,0,-1,0,-1,0,0,0,0
2,0,1,3,0,0,0,0,0,0,0,0,0,0,0,0,0,1,38,1,0,0,0,0,0,0,0,0,0,0,0,0,0,0,0,0,6,16,0,0,1,0,1,3,0,0,0,0,0,0,0,0,0,0,0,0,0,22,1,0,0,0,0,0,0,0,0,0,0,0,0,0,0,0,0,9,-1,-1,-1,-1,-1,-1,-1,-1,-1,-1,-1,-1,-1,-1,-1,-1,-1,-1,-1,-1,0,2.164736,1,20013,2679,2799,1,2,5,14399,1,1,0,0,0,1
1,0,0,3,0,0,0,0,0,0,0,0,0,0,0,0,0,1,33,1,0,0,0,0,0,0,0,0,0,0,0,0,0,0,0,0,5,20,0,0,0,0,0,3,0,0,0,0,0,0,0,0,0,0,0,0,0,13,0,0,0,0,0,0,0,0,0,0,0,0,0,0,0,0,0,0,-1,-1,-1,-1,-1,-1,-1,-1,-1,-1,-1,-1,-1,-1,-1,-1,-1,-1,-1,-1,0,2.217868,0,54641,3468,183,1,2,1,1787,1,0,0,0,0,1
2,0,0,3,0,0,0,0,0,0,0,0,0,0,0,0,0,1,37,2,0,0,0,0,0,0,0,0,0,0,0,0,0,0,0,0,6,16,0,0,0,0,0,3,0,0,0,0,0,0,0,0,0,0,0,0,0,21,0,0,0,0,0,0,0,0,0,0,0,0,0,0,0,0,0,0,-1,-1,-1,-1,-1,-1,-1,-1,-1,-1,-1,-1,-1,-1,-1,-1,-1,-1,-1,-1,0,0.188885,0,15169,-1,-1,1,4,5,162,1,0,0,0,0,1
3,0,0,1,0,0,0,0,0,0,0,0,0,0,0,0,0,1,30,3,0,0,0,0,0,0,0,0,0,0,0,0,0,0,0,0,7,29,0,0,0,0,0,1,0,0,0,0,0,0,0,0,0,0,0,0,0,1,0,0,0,0,0,0,0,0,0,0,0,0,0,0,0,0,0,0,-1,-1,-1,-1,-1,-1,-1,-1,-1,-1,-1,-1,-1,-1,-1,-1,-1,-1,-1,-1,0,0.710364,0,15169,-1,-1,1,4,0,246,0,1,0,0,0,0
2,0,0,0,0,0,0,0,0,0,0,0,0,0,0,0,0,1,17,2,0,0,0,0,0,0,0,0,0,0,0,0,0,0,0,0,5,17,0,0,-1,-1,-1,-1,-1,-1,-1,-1,-1,-1,-1,-1,-1,-1,-1,-1,-1,-1,-1,-1,-1,-1,-1,-1,-1,-1,-1,-1,-1,-1,-1,-1,-1,-1,-1,-1,-1,-1,-1,-1,-1,-1,-1,-1,-1,-1,-1,-1,-1,-1,-1,-1,-1,-1,-1,-1,0,0.303902,0,44112,5299,178,1,4,2,598,0,0,0,0,0,0
1,1,0,5,0,0,0,0,0,0,0,0,0,0,0,0,0,1,41,1,0,0,0,0,0,0,0,0,0,0,0,0,0,0,0,0,4,14,0,0,0,1,0,5,0,0,0,0,0,0,0,0,0,0,0,0,0,27,0,0,0,0,0,0,0,0,0,0,0,0,0,0,0,0,0,0,-1,-1,-1,-1,-1,-1,-1,-1,-1,-1,-1,-1,-1,-1,-1,-1,-1,-1,-1,-1,0,0.292925,0,39570,956,139,1,2,0,3592,0,1,0,0,0,1
4,0,0,3,0,0,0,0,0,0,0,0,0,0,0,0,0,1,40,3,0,0,0,0,0,0,0,0,0,0,0,0,0,0,0,0,6,19,0,0,1,0,0,3,0,0,0,0,0,0,0,0,0,0,0,0,0,21,1,0,0,0,0,0,0,0,0,0,0,0,0,0,0,0,0,10,-1,-1,-1,-1,-1,-1,-1,-1,-1,-1,-1,-1,-1,-1,-1,-1,-1,-1,-1,-1,0,0.229364,0,12400,-1,-1,1,10,3,592,0,-1,0,0,0,0
1,0,0,0,0,0,0,0,0,0,0,0,0,0,0,0,0,1,14,1,0,0,0,0,0,0,0,0,0,0,0,0,0,0,0,0,6,14,0,0,-1,-1,-1,-1,-1,-1,-1,-1,-1,-1,-1,-1,-1,-1,-1,-1,-1,-1,-1,-1,-1,-1,-1,-1,-1,-1,-1,-1,-1,-1,-1,-1,-1,-1,-1,-1,-1,-1,-1,-1,-1,-1,-1,-1,-1,-1,-1,-1,-1,-1,-1,-1,-1,-1,-1,-1,0,-1.0,0,-1,-1,-1,-1,4,0,-1,0,-1,0,0,0,0
1,0,0,3,0,0,0,0,0,0,0,0,0,0,0,0,0,1,45,1,0,0,0,0,0,0,0,0,0,0,0,0,0,0,0,0,13,34,0,0,0,0,0,3,0,0,0,0,0,0,0,0,0,0,0,0,0,11,0,0,0,0,0,0,0,0,0,0,0,0,0,0,0,0,0,0,-1,-1,-1,-1,-1,-1,-1,-1,-1,-1,-1,-1,-1,-1,-1,-1,-1,-1,-1,-1,0,0.318287,0,14828,3117,169,1,5,4,19390,0,0,0,0,0,1
2,1,1,6,0,0,0,0,0,0,0,0,0,0,0,0,0,1,76,2,0,0,0,0,0,0,0,0,0,0,0,0,0,0,0,0,2,14,0,0,0,1,1,6,0,0,0,0,0,0,0,0,0,0,0,0,0,62,0,0,0,0,0,0,0,0,0,0,0,0,0,0,0,0,0,8,-1,-1,-1,-1,-1,-1,-1,-1,-1,-1,-1,-1,-1,-1,-1,-1,-1,-1,-1,-1,0,0.107633,-1,198610,-1,-1,1,4,2,573,0,0,0,0,0,1
3,7,1,2,0,0,0,0,0,0,0,0,0,0,0,0,0,1,94,2,1,0,0,0,0,0,0,0,0,0,0,0,0,0,0,0,6,20,0,0,1,6,1,2,0,0,0,0,0,0,0,0,0,0,0,0,0,74,1,6,1,0,0,0,0,0,0,0,0,0,0,0,0,0,0,70,-1,-1,-1,-1,-1,-1,-1,-1,-1,-1,-1,-1,-1,-1,-1,-1,-1,-1,-1,-1,0,0.64476,0,29550,2014,176,1,2,1,223,1,0,0,0,0,1
2,0,0,0,0,0,0,0,0,0,0,0,0,0,0,0,0,1,23,2,0,0,0,0,0,0,0,0,0,0,0,0,0,0,0,0,8,23,0,0,-1,-1,-1,-1,-1,-1,-1,-1,-1,-1,-1,-1,-1,-1,-1,-1,-1,-1,-1,-1,-1,-1,-1,-1,-1,-1,-1,-1,-1,-1,-1,-1,-1,-1,-1,-1,-1,-1,-1,-1,-1,-1,-1,-1,-1,-1,-1,-1,-1,-1,-1,-1,-1,-1,-1,-1,0,0.8982620000000001,0,16625,7272,1127,1,6,1,298,1,1,0,0,0,0
2,0,0,2,0,0,0,0,0,0,0,0,0,0,0,0,0,1,29,2,0,0,0,0,0,0,0,0,0,0,0,0,0,0,0,0,6,21,0,0,0,0,0,2,0,0,0,0,0,0,0,0,0,0,0,0,0,8,0,0,0,0,0,0,0,0,0,0,0,0,0,0,0,0,0,0,-1,-1,-1,-1,-1,-1,-1,-1,-1,-1,-1,-1,-1,-1,-1,-1,-1,-1,-1,-1,0,1.039406,1,20013,1004,456,1,2,5,11910,0,0,0,0,0,1
2,0,0,2,0,0,0,0,0,0,0,0,0,0,0,0,0,1,26,1,0,0,0,0,0,0,0,0,0,0,0,0,0,0,0,0,5,11,0,0,1,0,0,2,0,0,0,0,0,0,0,0,0,0,0,0,0,15,1,0,0,0,0,0,0,0,0,0,0,0,0,0,0,0,0,9,-1,-1,-1,-1,-1,-1,-1,-1,-1,-1,-1,-1,-1,-1,-1,-1,-1,-1,-1,-1,0,-1.0,0,-1,418,311,-1,2,0,-1,0,-1,0,0,0,1
4,1,0,4,0,1,1,0,0,0,0,0,0,0,0,0,0,2,79,2,0,0,0,0,0,0,0,0,0,0,0,0,0,0,0,0,8,22,0,0,1,1,0,4,0,0,0,0,0,0,0,0,0,0,0,0,0,34,1,0,0,0,0,0,0,0,0,0,0,0,0,0,0,0,0,9,1,0,0,0,0,1,1,0,0,0,0,0,0,0,0,0,0,23,1,1,1,0.5539689999999999,1,46606,2060,130,1,2,1,14326,1,0,0,0,0,1
1,0,0,1,0,0,0,0,0,0,0,0,0,0,0,0,0,1,13,1,0,0,0,0,0,0,0,0,0,0,0,0,0,0,0,0,1,6,0,0,0,0,0,1,0,0,0,0,0,0,0,0,0,0,0,0,0,7,0,0,0,0,0,0,0,0,0,0,0,0,0,0,0,0,0,6,-1,-1,-1,-1,-1,-1,-1,-1,-1,-1,-1,-1,-1,-1,-1,-1,-1,-1,-1,-1,0,0.288267,1,13335,-1,-1,2,2,1,295,1,3,0,0,1,1
3,0,0,0,0,0,0,0,0,0,0,0,0,0,0,0,0,1,18,3,0,0,0,0,0,0,0,0,0,0,0,0,0,0,0,0,2,18,0,0,-1,-1,-1,-1,-1,-1,-1,-1,-1,-1,-1,-1,-1,-1,-1,-1,-1,-1,-1,-1,-1,-1,-1,-1,-1,-1,-1,-1,-1,-1,-1,-1,-1,-1,-1,-1,-1,-1,-1,-1,-1,-1,-1,-1,-1,-1,-1,-1,-1,-1,-1,-1,-1,-1,-1,-1,0,0.6283810000000001,0,8075,5389,1188,1,2,1,21597,1,0,0,0,0,0
2,0,0,0,0,0,0,0,0,0,0,0,0,0,0,0,0,1,18,2,0,0,0,0,0,0,0,0,0,0,0,0,0,0,0,0,7,18,0,0,-1,-1,-1,-1,-1,-1,-1,-1,-1,-1,-1,-1,-1,-1,-1,-1,-1,-1,-1,-1,-1,-1,-1,-1,-1,-1,-1,-1,-1,-1,-1,-1,-1,-1,-1,-1,-1,-1,-1,-1,-1,-1,-1,-1,-1,-1,-1,-1,-1,-1,-1,-1,-1,-1,-1,-1,0,0.319794,0,54113,6824,846,1,4,1,297,1,1,0,0,0,0
3,0,0,2,0,0,0,0,0,0,0,0,0,0,0,0,0,1,34,2,0,0,0,0,0,0,0,0,0,0,0,0,0,0,0,0,4,16,0,0,1,0,0,2,0,0,0,0,0,0,0,0,0,0,0,0,0,18,1,0,0,0,0,0,0,0,0,0,0,0,0,0,0,0,0,9,-1,-1,-1,-1,-1,-1,-1,-1,-1,-1,-1,-1,-1,-1,-1,-1,-1,-1,-1,-1,0,1.044304,1,20013,4946,166,1,2,1,6170,0,1,0,0,0,1
1,0,0,7,0,0,0,0,0,0,0,0,0,0,0,0,0,1,62,1,0,0,0,0,0,0,0,0,0,0,0,0,0,0,0,0,8,22,0,0,0,0,0,7,0,0,0,0,0,0,0,0,0,0,0,0,0,40,0,0,0,0,0,0,0,0,0,0,0,0,0,0,0,0,0,0,-1,-1,-1,-1,-1,-1,-1,-1,-1,-1,-1,-1,-1,-1,-1,-1,-1,-1,-1,-1,0,0.136501,-1,16276,1104,356,1,2,1,14393,0,1,0,0,0,1
2,0,1,3,0,3,0,2,0,0,0,0,0,0,0,0,0,1,229,1,0,0,0,0,0,0,0,0,0,0,0,0,0,0,0,0,4,13,0,0,1,0,0,3,0,0,0,0,0,0,0,0,0,0,0,0,0,51,1,0,0,0,0,0,0,0,0,0,0,0,0,0,0,0,0,9,0,0,1,0,0,3,0,2,0,0,0,0,0,0,0,0,0,165,0,3,0,5.323964,0,36024,3299,352,1,2,1,816,0,0,0,0,0,1
3,0,0,1,0,0,0,0,0,0,0,0,0,0,0,0,0,1,15,3,0,0,0,0,0,0,0,0,0,0,0,0,0,0,0,0,1,14,0,0,0,0,0,1,0,0,0,0,0,0,0,0,0,0,0,0,0,1,0,0,0,0,0,0,0,0,0,0,0,0,0,0,0,0,0,0,-1,-1,-1,-1,-1,-1,-1,-1,-1,-1,-1,-1,-1,-1,-1,-1,-1,-1,-1,-1,0,2.205295,0,3462,7827,603,-1,2,2,-1,1,1,0,0,0,0
3,0,1,7,0,0,0,0,0,0,0,0,0,0,0,0,0,1,70,2,0,0,0,0,0,0,0,0,0,0,0,0,0,0,0,0,3,11,0,0,1,0,1,7,0,0,0,0,0,0,0,0,0,0,0,0,0,59,1,0,1,0,0,0,0,0,0,0,0,0,0,0,0,0,0,27,-1,-1,-1,-1,-1,-1,-1,-1,-1,-1,-1,-1,-1,-1,-1,-1,-1,-1,-1,-1,0,1.221594,0,16509,-1,-1,2,6,5,50,1,0,0,0,0,1
2,2,0,6,0,0,0,0,0,0,0,0,0,0,0,0,1,1,70,1,0,0,0,0,0,0,0,0,0,0,0,0,0,0,0,0,5,14,0,0,1,2,0,6,0,0,0,0,0,0,0,0,0,0,0,0,1,56,0,0,0,0,0,0,0,0,0,0,0,0,0,0,0,0,0,0,-1,-1,-1,-1,-1,-1,-1,-1,-1,-1,-1,-1,-1,-1,-1,-1,-1,-1,-1,-1,0,0.40305,0,13335,-1,-1,2,2,1,293,1,0,0,0,0,1
2,2,1,5,0,0,0,0,0,0,0,0,0,0,0,0,0,1,78,2,1,0,0,0,0,0,0,0,0,0,0,0,0,0,0,0,6,22,0,0,0,1,1,5,0,0,0,0,0,0,0,0,0,0,0,0,0,56,0,0,0,0,0,0,0,0,0,0,0,0,0,0,0,0,0,0,-1,-1,-1,-1,-1,-1,-1,-1,-1,-1,-1,-1,-1,-1,-1,-1,-1,-1,-1,-1,0,0.258682,-1,51167,-1,-1,1,3,1,14391,0,0,0,0,0,1
3,0,0,1,0,0,0,0,0,0,0,0,0,0,0,0,0,1,30,3,0,0,0,0,0,0,0,0,0,0,0,0,0,0,0,0,8,29,0,0,0,0,0,1,0,0,0,0,0,0,0,0,0,0,0,0,0,1,0,0,0,0,0,0,0,0,0,0,0,0,0,0,0,0,0,0,-1,-1,-1,-1,-1,-1,-1,-1,-1,-1,-1,-1,-1,-1,-1,-1,-1,-1,-1,-1,0,0.591005,0,13446,-1,-1,1,2,2,299,0,0,0,0,0,0
3,5,5,2,0,1,0,0,0,0,0,0,0,0,0,0,0,1,111,2,1,0,0,0,0,0,0,0,0,0,0,0,0,0,0,0,3,16,0,0,1,0,0,2,0,0,0,0,0,0,0,0,0,0,0,0,0,13,1,0,0,0,0,0,0,0,0,0,0,0,0,0,0,0,0,8,0,4,5,0,0,1,0,0,0,0,0,0,0,0,0,0,0,82,0,1,0,0.06529,0,-1,27,337,1,2,0,1747,0,0,0,0,0,1
2,0,0,1,0,1,0,0,0,0,0,0,0,0,0,0,0,1,90,1,0,0,0,0,0,0,0,0,0,0,0,0,0,0,0,0,5,16,0,0,1,0,0,1,0,0,0,0,0,0,0,0,0,0,0,0,0,9,1,0,0,0,0,0,0,0,0,0,0,0,0,0,0,0,0,8,0,0,0,0,0,1,0,0,0,0,0,0,0,0,0,0,0,65,0,1,0,0.752627,1,46606,733,361,1,2,1,14391,1,0,0,0,0,1
4,1,0,4,0,1,1,0,0,0,0,0,0,0,0,0,0,2,79,2,0,0,0,0,0,0,0,0,0,0,0,0,0,0,0,0,8,22,0,0,1,1,0,4,0,0,0,0,0,0,0,0,0,0,0,0,0,34,1,0,0,0,0,0,0,0,0,0,0,0,0,0,0,0,0,9,1,0,0,0,0,1,1,0,0,0,0,0,0,0,0,0,0,23,1,1,1,0.520031,1,46606,2060,130,1,2,1,14338,1,0,0,0,0,1
3,0,0,1,0,0,0,0,0,0,0,0,0,0,0,0,0,1,14,3,0,0,0,0,0,0,0,0,0,0,0,0,0,0,0,0,2,13,0,0,0,0,0,1,0,0,0,0,0,0,0,0,0,0,0,0,0,1,0,0,0,0,0,0,0,0,0,0,0,0,0,0,0,0,0,0,-1,-1,-1,-1,-1,-1,-1,-1,-1,-1,-1,-1,-1,-1,-1,-1,-1,-1,-1,-1,0,3.026326,0,4782,-1,-1,-1,2,1,-1,1,-1,0,0,0,0
2,0,0,1,0,0,0,0,0,0,0,0,0,0,0,0,0,1,31,2,0,0,0,0,0,0,0,0,0,0,0,0,0,0,0,0,13,30,0,0,0,0,0,1,0,0,0,0,0,0,0,0,0,0,0,0,0,1,0,0,0,0,0,0,0,0,0,0,0,0,0,0,0,0,0,0,-1,-1,-1,-1,-1,-1,-1,-1,-1,-1,-1,-1,-1,-1,-1,-1,-1,-1,-1,-1,0,0.224512,0,29119,-1,-1,1,4,0,3591,1,1,0,0,0,1
3,1,0,1,0,0,0,0,0,0,0,0,0,0,0,0,0,1,29,3,1,0,0,0,0,0,0,0,0,0,0,0,0,0,0,0,7,28,0,0,0,0,0,1,0,0,0,0,0,0,0,0,0,0,0,0,0,1,0,0,0,0,0,0,0,0,0,0,0,0,0,0,0,0,0,0,-1,-1,-1,-1,-1,-1,-1,-1,-1,-1,-1,-1,-1,-1,-1,-1,-1,-1,-1,-1,0,0.332908,0,15169,-1,-1,1,4,0,152,0,1,0,0,0,0
2,0,0,5,0,0,0,0,0,0,0,0,0,0,0,0,0,1,67,1,0,0,0,0,0,0,0,0,0,0,0,0,0,0,0,0,7,22,0,0,1,0,0,5,0,0,0,0,0,0,0,0,0,0,0,0,0,45,1,0,0,0,0,0,0,0,0,0,0,0,0,0,0,0,0,9,-1,-1,-1,-1,-1,-1,-1,-1,-1,-1,-1,-1,-1,-1,-1,-1,-1,-1,-1,-1,0,0.342102,1,26496,1262,198,1,2,1,10769,0,0,0,0,0,1
1,1,0,4,0,0,0,0,0,0,0,0,0,0,0,0,0,1,43,1,1,0,0,0,0,0,0,0,0,0,0,0,0,0,0,0,5,25,0,0,0,0,0,4,0,0,0,0,0,0,0,0,0,0,0,0,0,18,0,0,0,0,0,0,0,0,0,0,0,0,0,0,0,0,0,0,-1,-1,-1,-1,-1,-1,-1,-1,-1,-1,-1,-1,-1,-1,-1,-1,-1,-1,-1,-1,0,0.513744,1,46606,13,351,1,2,1,14376,1,1,0,0,0,1
4,2,0,3,0,7,1,6,0,0,0,0,0,0,0,0,0,2,147,1,1,0,0,0,0,0,0,0,0,0,0,0,0,0,0,0,5,15,0,0,1,0,0,3,0,0,0,0,0,0,0,0,0,0,0,0,0,17,1,0,0,0,0,0,0,0,0,0,0,0,0,0,0,0,0,6,2,1,0,0,0,7,1,6,0,0,0,0,0,0,0,0,0,115,1,7,1,0.64165,-1,32748,310,54,1,2,1,9942,1,0,0,0,0,1
2,0,0,2,0,0,0,0,0,0,0,0,0,0,0,0,0,1,71,2,0,0,0,0,0,0,0,0,0,0,0,0,0,0,0,0,12,30,0,0,0,0,0,2,0,0,0,0,0,0,0,0,0,0,0,0,0,41,0,0,0,0,0,0,0,0,0,0,0,0,0,0,0,0,0,0,-1,-1,-1,-1,-1,-1,-1,-1,-1,-1,-1,-1,-1,-1,-1,-1,-1,-1,-1,-1,0,0.30394,1,20013,2615,2133,1,2,1,14324,1,0,0,0,0,1
2,1,0,1,0,0,0,0,0,0,0,0,0,0,0,0,0,1,34,2,1,0,0,0,0,0,0,0,0,0,0,0,0,0,0,0,10,33,0,0,0,0,0,1,0,0,0,0,0,0,0,0,0,0,0,0,0,1,0,0,0,0,0,0,0,0,0,0,0,0,0,0,0,0,0,0,-1,-1,-1,-1,-1,-1,-1,-1,-1,-1,-1,-1,-1,-1,-1,-1,-1,-1,-1,-1,0,0.360147,0,15169,-1,-1,1,4,0,292,1,0,0,0,0,1
2,0,0,0,0,0,0,0,0,0,0,0,0,0,0,0,0,1,16,2,0,0,0,0,0,0,0,0,0,0,0,0,0,0,0,0,4,16,0,0,-1,-1,-1,-1,-1,-1,-1,-1,-1,-1,-1,-1,-1,-1,-1,-1,-1,-1,-1,-1,-1,-1,-1,-1,-1,-1,-1,-1,-1,-1,-1,-1,-1,-1,-1,-1,-1,-1,-1,-1,-1,-1,-1,-1,-1,-1,-1,-1,-1,-1,-1,-1,-1,-1,-1,-1,0,0.125153,0,54113,5903,671,4,4,7,58,1,1,0,0,0,0
2,0,0,3,0,0,0,0,0,0,0,0,0,0,0,0,0,1,29,2,0,0,0,0,0,0,0,0,0,0,0,0,0,0,0,0,6,18,0,0,0,0,0,3,0,0,0,0,0,0,0,0,0,0,0,0,0,11,0,0,0,0,0,0,0,0,0,0,0,0,0,0,0,0,0,0,-1,-1,-1,-1,-1,-1,-1,-1,-1,-1,-1,-1,-1,-1,-1,-1,-1,-1,-1,-1,0,0.756197,0,1299,9608,251,1,4,5,4567,1,0,0,0,0,0
2,0,0,3,0,0,0,0,0,0,0,0,0,0,0,0,0,1,64,1,0,0,0,0,0,0,0,0,0,0,0,0,0,0,0,0,4,13,0,0,1,0,0,3,0,0,0,0,0,0,0,0,0,0,0,0,0,51,1,0,0,0,0,0,0,0,0,0,0,0,0,0,0,0,0,9,-1,-1,-1,-1,-1,-1,-1,-1,-1,-1,-1,-1,-1,-1,-1,-1,-1,-1,-1,-1,0,5.315334,0,36024,3298,353,1,2,1,16082,0,0,0,0,0,1
5,1,2,7,0,3,0,1,0,0,0,0,0,0,0,0,0,1,171,3,0,0,0,0,0,0,0,0,0,0,0,0,0,0,0,0,3,18,0,0,0,1,1,7,0,1,0,0,0,0,0,0,0,0,0,0,0,130,0,0,0,0,0,0,0,0,0,0,0,0,0,0,0,0,0,0,2,0,1,0,0,2,0,1,0,0,0,0,0,0,0,0,0,23,0,1,0,0.429091,-1,8075,65,299,1,2,2,7570,0,0,0,0,0,1
1,1,1,7,0,0,0,0,0,0,0,0,0,0,0,0,0,1,84,1,0,0,0,0,0,0,0,0,0,0,0,0,0,0,0,0,4,11,0,0,0,1,1,7,0,0,0,0,0,0,0,0,0,0,0,0,0,73,0,0,0,0,0,0,0,0,0,0,0,0,0,0,0,0,0,0,-1,-1,-1,-1,-1,-1,-1,-1,-1,-1,-1,-1,-1,-1,-1,-1,-1,-1,-1,-1,0,1.04978,-1,36024,1380,80,1,2,1,7197,1,0,0,0,0,1
2,1,0,0,0,0,0,0,0,0,0,0,0,0,0,0,0,1,21,2,1,0,0,0,0,0,0,0,0,0,0,0,0,0,0,0,6,21,0,0,-1,-1,-1,-1,-1,-1,-1,-1,-1,-1,-1,-1,-1,-1,-1,-1,-1,-1,-1,-1,-1,-1,-1,-1,-1,-1,-1,-1,-1,-1,-1,-1,-1,-1,-1,-1,-1,-1,-1,-1,-1,-1,-1,-1,-1,-1,-1,-1,-1,-1,-1,-1,-1,-1,-1,-1,0,0.32579600000000003,0,6354,-1,-1,1,5,3,286,0,0,0,0,0,0
2,2,0,1,0,0,0,0,0,0,0,0,0,0,0,0,0,1,33,1,0,0,0,0,0,0,0,0,0,0,0,0,0,0,0,0,4,11,0,0,1,2,0,1,0,0,0,0,0,0,0,0,0,0,0,0,0,22,1,2,0,0,0,0,0,0,0,0,0,0,0,0,0,0,0,21,-1,-1,-1,-1,-1,-1,-1,-1,-1,-1,-1,-1,-1,-1,-1,-1,-1,-1,-1,-1,0,0.44957,-1,20013,5406,72,1,2,1,4161,1,0,0,0,0,0
3,0,0,2,0,0,0,0,0,0,0,0,0,0,0,0,0,1,34,3,0,0,0,0,0,0,0,0,0,0,0,0,0,0,0,0,6,20,0,0,0,0,0,2,0,0,0,0,0,0,0,0,0,0,0,0,0,14,0,0,0,0,0,0,0,0,0,0,0,0,0,0,0,0,0,0,-1,-1,-1,-1,-1,-1,-1,-1,-1,-1,-1,-1,-1,-1,-1,-1,-1,-1,-1,-1,0,0.464892,0,14618,7456,213,2,4,4,48,0,1,0,0,0,0
1,0,0,0,0,0,0,0,0,0,0,0,0,0,0,0,0,1,7,1,0,0,0,0,0,0,0,0,0,0,0,0,0,0,0,0,1,7,0,0,-1,-1,-1,-1,-1,-1,-1,-1,-1,-1,-1,-1,-1,-1,-1,-1,-1,-1,-1,-1,-1,-1,-1,-1,-1,-1,-1,-1,-1,-1,-1,-1,-1,-1,-1,-1,-1,-1,-1,-1,-1,-1,-1,-1,-1,-1,-1,-1,-1,-1,-1,-1,-1,-1,-1,-1,0,-1.0,0,-1,-1,-1,-1,4,0,-1,0,-1,0,0,0,0
2,1,1,1,0,0,0,0,0,0,0,0,0,0,0,0,0,1,29,2,1,0,0,0,0,0,0,0,0,0,0,0,0,0,0,0,8,27,0,0,0,0,1,1,0,0,0,0,0,0,0,0,0,0,0,0,0,2,0,0,1,0,0,0,0,0,0,0,0,0,0,0,0,0,0,1,-1,-1,-1,-1,-1,-1,-1,-1,-1,-1,-1,-1,-1,-1,-1,-1,-1,-1,-1,-1,0,-1.0,0,-1,952,508,-1,4,0,-1,0,-1,0,0,0,1
6,0,0,11,0,1,0,0,0,0,0,0,0,0,0,0,0,2,115,1,0,0,0,0,0,0,0,0,0,0,0,0,0,0,0,0,4,11,0,0,5,0,0,11,0,1,0,0,0,0,0,0,0,0,0,0,0,104,0,0,0,0,0,0,0,0,0,0,0,0,0,0,0,0,0,0,-1,-1,-1,-1,-1,-1,-1,-1,-1,-1,-1,-1,-1,-1,-1,-1,-1,-1,-1,-1,0,0.21305,-1,198385,4610,139,1,2,1,21592,0,0,0,0,0,1
3,1,1,3,0,0,0,0,0,0,0,0,0,0,0,0,0,1,53,2,0,0,0,0,0,0,0,0,0,0,0,0,0,0,0,0,8,27,0,0,1,1,1,3,0,0,0,0,0,0,0,0,0,0,0,0,0,26,1,1,1,0,0,0,0,0,0,0,0,0,0,0,0,0,0,17,-1,-1,-1,-1,-1,-1,-1,-1,-1,-1,-1,-1,-1,-1,-1,-1,-1,-1,-1,-1,0,0.851052,0,15169,-1,-1,1,4,0,292,1,1,0,0,0,1
2,0,0,0,0,0,0,0,0,0,0,0,0,0,0,0,0,1,14,2,0,0,0,0,0,0,0,0,0,0,0,0,0,0,0,0,3,14,0,0,-1,-1,-1,-1,-1,-1,-1,-1,-1,-1,-1,-1,-1,-1,-1,-1,-1,-1,-1,-1,-1,-1,-1,-1,-1,-1,-1,-1,-1,-1,-1,-1,-1,-1,-1,-1,-1,-1,-1,-1,-1,-1,-1,-1,-1,-1,-1,-1,-1,-1,-1,-1,-1,-1,-1,-1,0,0.230683,0,54113,4907,571,4,4,5,110,1,1,0,0,0,0
7,0,0,1,0,6,0,5,0,0,0,0,0,0,0,0,4,4,145,1,0,0,0,0,0,0,0,0,0,0,0,0,0,0,0,0,2,5,0,0,0,0,0,1,0,0,0,0,0,0,0,0,0,0,0,0,0,3,0,0,0,0,0,0,0,0,0,0,0,0,0,0,0,0,0,2,6,0,0,0,0,6,0,5,0,0,0,0,0,0,0,0,4,137,1,6,0,0.516932,1,47764,7240,91,3,3,2,297,1,0,0,0,0,1
1,0,0,1,0,0,0,0,0,0,0,0,0,0,0,0,0,1,11,1,0,0,0,0,0,0,0,0,0,0,0,0,0,0,0,0,3,10,0,0,0,0,0,1,0,0,0,0,0,0,0,0,0,0,0,0,0,1,0,0,0,0,0,0,0,0,0,0,0,0,0,0,0,0,0,0,-1,-1,-1,-1,-1,-1,-1,-1,-1,-1,-1,-1,-1,-1,-1,-1,-1,-1,-1,-1,0,0.347754,0,26496,169,195,1,2,0,592,0,2,0,0,0,1
1,0,0,1,0,0,0,0,0,0,0,0,0,0,0,0,0,1,13,1,0,0,0,0,0,0,0,0,0,0,0,0,0,0,0,0,2,6,0,0,0,0,0,1,0,0,0,0,0,0,0,0,0,0,0,0,0,7,0,0,0,0,0,0,0,0,0,0,0,0,0,0,0,0,0,6,-1,-1,-1,-1,-1,-1,-1,-1,-1,-1,-1,-1,-1,-1,-1,-1,-1,-1,-1,-1,0,0.071469,-1,15169,4820,120,1,4,0,291,1,1,0,0,1,1
2,0,0,0,0,0,0,0,0,0,0,0,0,0,0,0,0,1,19,2,0,0,0,0,0,0,0,0,0,0,0,0,0,0,0,0,6,19,0,0,-1,-1,-1,-1,-1,-1,-1,-1,-1,-1,-1,-1,-1,-1,-1,-1,-1,-1,-1,-1,-1,-1,-1,-1,-1,-1,-1,-1,-1,-1,-1,-1,-1,-1,-1,-1,-1,-1,-1,-1,-1,-1,-1,-1,-1,-1,-1,-1,-1,-1,-1,-1,-1,-1,-1,-1,0,0.428696,0,15169,-1,-1,1,4,0,282,1,0,0,0,0,0
2,0,0,0,0,0,0,0,0,0,0,0,0,0,0,0,0,1,13,2,0,0,0,0,0,0,0,0,0,0,0,0,0,0,0,0,2,13,0,0,-1,-1,-1,-1,-1,-1,-1,-1,-1,-1,-1,-1,-1,-1,-1,-1,-1,-1,-1,-1,-1,-1,-1,-1,-1,-1,-1,-1,-1,-1,-1,-1,-1,-1,-1,-1,-1,-1,-1,-1,-1,-1,-1,-1,-1,-1,-1,-1,-1,-1,-1,-1,-1,-1,-1,-1,0,-1.0,0,-1,-1,-1,-1,4,0,-1,0,-1,0,0,0,0
2,1,0,1,0,3,0,2,0,0,0,0,0,0,0,0,0,1,88,2,1,0,0,0,0,0,0,0,0,0,0,0,0,0,0,0,8,25,0,0,0,0,0,1,0,0,0,0,0,0,0,0,0,0,0,0,0,1,0,0,0,0,0,0,0,0,0,0,0,0,0,0,0,0,0,0,0,0,0,0,0,3,0,2,0,0,0,0,0,0,0,0,0,62,0,3,0,0.159227,0,3320,-1,-1,1,6,1,12,1,1,0,0,0,1
4,0,0,0,0,0,0,0,0,0,0,0,0,0,0,0,0,1,29,4,0,0,0,0,0,0,0,0,0,0,0,0,0,0,0,0,9,29,0,0,-1,-1,-1,-1,-1,-1,-1,-1,-1,-1,-1,-1,-1,-1,-1,-1,-1,-1,-1,-1,-1,-1,-1,-1,-1,-1,-1,-1,-1,-1,-1,-1,-1,-1,-1,-1,-1,-1,-1,-1,-1,-1,-1,-1,-1,-1,-1,-1,-1,-1,-1,-1,-1,-1,-1,-1,0,3.29918,1,27715,7883,-1,1,3,3,3584,0,0,0,0,0,0
2,0,0,1,0,0,0,0,0,0,0,0,0,0,0,0,0,1,32,2,0,0,0,0,0,0,0,0,0,0,0,0,0,0,0,0,10,31,0,0,0,0,0,1,0,0,0,0,0,0,0,0,0,0,0,0,0,1,0,0,0,0,0,0,0,0,0,0,0,0,0,0,0,0,0,0,-1,-1,-1,-1,-1,-1,-1,-1,-1,-1,-1,-1,-1,-1,-1,-1,-1,-1,-1,-1,0,0.314974,0,47583,-1,-1,1,1,0,51,0,0,0,0,0,1
1,0,0,0,0,0,0,0,0,0,0,0,0,0,0,0,0,1,12,1,0,0,0,0,0,0,0,0,0,0,0,0,0,0,0,0,4,12,0,0,-1,-1,-1,-1,-1,-1,-1,-1,-1,-1,-1,-1,-1,-1,-1,-1,-1,-1,-1,-1,-1,-1,-1,-1,-1,-1,-1,-1,-1,-1,-1,-1,-1,-1,-1,-1,-1,-1,-1,-1,-1,-1,-1,-1,-1,-1,-1,-1,-1,-1,-1,-1,-1,-1,-1,-1,0,0.034595999999999995,1,20940,4825,2479,2,8,5,19,1,2,0,0,0,0
2,0,0,0,0,0,0,0,0,0,0,0,0,0,0,0,0,1,10,2,0,0,0,0,0,0,0,0,0,0,0,0,0,0,0,0,1,10,0,0,-1,-1,-1,-1,-1,-1,-1,-1,-1,-1,-1,-1,-1,-1,-1,-1,-1,-1,-1,-1,-1,-1,-1,-1,-1,-1,-1,-1,-1,-1,-1,-1,-1,-1,-1,-1,-1,-1,-1,-1,-1,-1,-1,-1,-1,-1,-1,-1,-1,-1,-1,-1,-1,-1,-1,-1,0,0.292049,1,20013,7735,664,1,2,1,18543,0,1,0,0,0,0
2,1,0,2,0,0,0,0,0,0,0,0,0,0,0,0,0,1,46,2,0,0,0,0,0,0,0,0,0,0,0,0,0,0,0,0,8,29,0,0,0,1,0,2,0,0,0,0,0,0,0,0,0,0,0,0,0,17,0,0,0,0,0,0,0,0,0,0,0,0,0,0,0,0,0,0,-1,-1,-1,-1,-1,-1,-1,-1,-1,-1,-1,-1,-1,-1,-1,-1,-1,-1,-1,-1,0,0.107011,0,-1,3545,106,2,2,1,2444,0,0,0,0,0,1
3,0,0,5,0,0,0,0,0,0,0,0,0,0,0,0,0,1,49,2,0,0,0,0,0,0,0,0,0,0,0,0,0,0,0,0,5,11,0,0,1,0,0,5,0,0,0,0,0,0,0,0,0,0,0,0,0,38,1,0,0,0,0,0,0,0,0,0,0,0,0,0,0,0,0,17,-1,-1,-1,-1,-1,-1,-1,-1,-1,-1,-1,-1,-1,-1,-1,-1,-1,-1,-1,-1,0,1.004642,1,20013,-1,-1,1,2,1,14333,1,0,0,0,0,1
2,0,0,0,0,0,0,0,0,0,0,0,0,0,0,0,0,1,15,2,0,0,0,0,0,0,0,0,0,0,0,0,0,0,0,0,4,15,0,0,-1,-1,-1,-1,-1,-1,-1,-1,-1,-1,-1,-1,-1,-1,-1,-1,-1,-1,-1,-1,-1,-1,-1,-1,-1,-1,-1,-1,-1,-1,-1,-1,-1,-1,-1,-1,-1,-1,-1,-1,-1,-1,-1,-1,-1,-1,-1,-1,-1,-1,-1,-1,-1,-1,-1,-1,0,0.120057,0,30148,7410,989,1,2,1,560,1,1,0,0,0,0
2,0,0,3,0,1,0,0,0,0,0,0,0,0,0,0,0,1,46,2,0,0,0,0,0,0,0,0,0,0,0,0,0,0,0,0,5,16,0,0,0,0,0,3,0,0,0,0,0,0,0,0,0,0,0,0,0,24,0,0,0,0,0,0,0,0,0,0,0,0,0,0,0,0,0,0,0,0,0,0,0,1,0,0,0,0,0,0,0,0,0,0,0,6,0,1,0,0.21078400000000005,0,32934,7859,3464,1,2,1,127,1,1,0,0,0,0
2,0,0,1,0,0,0,0,0,0,0,0,0,0,0,0,0,1,14,2,0,0,0,0,0,0,0,0,0,0,0,0,0,0,0,0,3,13,0,0,0,0,0,1,0,0,0,0,0,0,0,0,0,0,0,0,0,1,0,0,0,0,0,0,0,0,0,0,0,0,0,0,0,0,0,0,-1,-1,-1,-1,-1,-1,-1,-1,-1,-1,-1,-1,-1,-1,-1,-1,-1,-1,-1,-1,0,0.204387,0,26496,1061,399,1,2,2,592,1,0,0,0,0,0
2,0,0,1,0,0,0,0,0,0,0,0,0,0,0,0,0,1,23,2,0,0,0,0,0,0,0,0,0,0,0,0,0,0,0,0,7,22,0,0,0,0,0,1,0,0,0,0,0,0,0,0,0,0,0,0,0,1,0,0,0,0,0,0,0,0,0,0,0,0,0,0,0,0,0,0,-1,-1,-1,-1,-1,-1,-1,-1,-1,-1,-1,-1,-1,-1,-1,-1,-1,-1,-1,-1,0,3.637265,0,36351,3073,213,1,5,7,1799,1,1,0,0,0,0
2,1,0,5,0,0,0,0,0,0,0,0,0,0,0,0,0,1,72,1,0,0,0,0,0,0,0,0,0,0,0,0,0,0,0,0,10,27,0,0,1,1,0,5,0,0,0,0,0,0,0,0,0,0,0,0,0,45,1,0,0,0,0,0,0,0,0,0,0,0,0,0,0,0,0,21,-1,-1,-1,-1,-1,-1,-1,-1,-1,-1,-1,-1,-1,-1,-1,-1,-1,-1,-1,-1,0,1.188357,-1,46606,1841,349,1,2,1,14388,1,0,0,0,0,1
4,0,0,0,0,0,0,0,0,0,0,0,0,0,0,0,0,1,21,4,0,0,0,0,0,0,0,0,0,0,0,0,0,0,0,0,4,21,0,0,-1,-1,-1,-1,-1,-1,-1,-1,-1,-1,-1,-1,-1,-1,-1,-1,-1,-1,-1,-1,-1,-1,-1,-1,-1,-1,-1,-1,-1,-1,-1,-1,-1,-1,-1,-1,-1,-1,-1,-1,-1,-1,-1,-1,-1,-1,-1,-1,-1,-1,-1,-1,-1,-1,-1,-1,0,0.485863,-1,33182,8469,-1,1,2,2,14386,1,0,0,0,0,0
1,0,0,0,0,0,0,0,0,0,0,0,0,0,0,0,0,1,12,1,0,0,0,0,0,0,0,0,0,0,0,0,0,0,0,0,4,12,0,0,-1,-1,-1,-1,-1,-1,-1,-1,-1,-1,-1,-1,-1,-1,-1,-1,-1,-1,-1,-1,-1,-1,-1,-1,-1,-1,-1,-1,-1,-1,-1,-1,-1,-1,-1,-1,-1,-1,-1,-1,-1,-1,-1,-1,-1,-1,-1,-1,-1,-1,-1,-1,-1,-1,-1,-1,0,1.384965,1,7506,17,347,1,2,1,593,1,1,0,0,0,0
1,1,0,1,0,0,0,0,0,0,0,0,0,0,0,0,0,1,19,1,1,0,0,0,0,0,0,0,0,0,0,0,0,0,0,0,7,17,0,0,0,0,0,1,0,0,0,0,0,0,0,0,0,0,0,0,0,2,0,0,0,0,0,0,0,0,0,0,0,0,0,0,0,0,0,1,-1,-1,-1,-1,-1,-1,-1,-1,-1,-1,-1,-1,-1,-1,-1,-1,-1,-1,-1,-1,0,0.307748,0,25504,-1,-1,1,2,1,293,0,1,0,0,0,1
2,0,0,0,0,0,0,0,0,0,0,0,0,0,0,0,0,1,19,2,0,0,0,0,0,0,0,0,0,0,0,0,0,0,0,0,6,19,0,0,-1,-1,-1,-1,-1,-1,-1,-1,-1,-1,-1,-1,-1,-1,-1,-1,-1,-1,-1,-1,-1,-1,-1,-1,-1,-1,-1,-1,-1,-1,-1,-1,-1,-1,-1,-1,-1,-1,-1,-1,-1,-1,-1,-1,-1,-1,-1,-1,-1,-1,-1,-1,-1,-1,-1,-1,0,0.8361299999999999,0,31252,3828,188,1,5,1,21599,1,0,0,0,0,0
2,1,0,0,0,0,0,0,0,0,0,0,0,0,0,0,0,2,31,2,1,0,0,0,0,0,0,0,0,0,0,0,0,0,0,0,8,31,0,0,-1,-1,-1,-1,-1,-1,-1,-1,-1,-1,-1,-1,-1,-1,-1,-1,-1,-1,-1,-1,-1,-1,-1,-1,-1,-1,-1,-1,-1,-1,-1,-1,-1,-1,-1,-1,-1,-1,-1,-1,-1,-1,-1,-1,-1,-1,-1,-1,-1,-1,-1,-1,-1,-1,-1,-1,0,1.305182,0,-1,-1,-1,1,2,0,1791,0,0,0,0,0,1
1,0,0,0,0,0,0,0,0,0,0,0,0,0,0,0,0,1,22,1,0,0,0,0,0,0,0,0,0,0,0,0,0,0,0,0,7,22,0,0,-1,-1,-1,-1,-1,-1,-1,-1,-1,-1,-1,-1,-1,-1,-1,-1,-1,-1,-1,-1,-1,-1,-1,-1,-1,-1,-1,-1,-1,-1,-1,-1,-1,-1,-1,-1,-1,-1,-1,-1,-1,-1,-1,-1,-1,-1,-1,-1,-1,-1,-1,-1,-1,-1,-1,-1,0,0.414142,0,32475,99,265,1,3,1,14391,0,1,0,0,0,0
3,0,0,4,0,0,0,0,0,0,0,0,0,0,0,0,0,1,60,2,0,0,0,0,0,0,0,0,0,0,0,0,0,0,0,0,11,33,0,0,1,0,0,4,0,0,0,0,0,0,0,0,0,0,0,0,0,27,1,0,0,0,0,0,0,0,0,0,0,0,0,0,0,0,0,10,-1,-1,-1,-1,-1,-1,-1,-1,-1,-1,-1,-1,-1,-1,-1,-1,-1,-1,-1,-1,0,1.277987,-1,29802,2024,1262,1,2,1,599,1,1,0,0,0,1
1,2,0,5,0,0,0,0,0,0,0,0,0,0,0,0,0,1,36,1,1,0,0,0,0,0,0,0,0,0,0,0,0,0,0,0,2,11,0,0,0,1,0,5,0,0,0,0,0,0,0,0,0,0,0,0,0,25,0,0,0,0,0,0,0,0,0,0,0,0,0,0,0,0,0,0,-1,-1,-1,-1,-1,-1,-1,-1,-1,-1,-1,-1,-1,-1,-1,-1,-1,-1,-1,-1,0,0.895675,0,14061,1473,352,1,4,1,14396,0,0,0,0,0,1
1,1,0,2,0,1,0,0,0,0,0,0,0,0,0,0,0,1,39,1,1,0,0,0,0,0,0,0,0,0,0,0,0,0,0,0,7,23,0,0,0,0,0,2,0,0,0,0,0,0,0,0,0,0,0,0,0,7,0,0,0,0,0,0,0,0,0,0,0,0,0,0,0,0,0,0,0,0,0,0,0,1,0,0,0,0,0,0,0,0,0,0,0,9,0,1,0,0.356138,0,26347,3241,45,1,3,0,10612,0,1,0,0,0,1
2,0,0,4,0,0,0,0,0,0,0,0,0,0,0,0,0,1,43,1,0,0,0,0,0,0,0,0,0,0,0,0,0,0,0,0,4,14,0,0,1,0,0,4,0,0,0,0,0,0,0,0,0,0,0,0,0,29,1,0,0,0,0,0,0,0,0,0,0,0,0,0,0,0,0,9,-1,-1,-1,-1,-1,-1,-1,-1,-1,-1,-1,-1,-1,-1,-1,-1,-1,-1,-1,-1,0,0.291707,1,20013,2425,131,1,2,1,14381,1,2,0,0,0,1
2,0,0,0,0,0,0,0,0,0,0,0,0,0,0,0,0,1,16,2,0,0,0,0,0,0,0,0,0,0,0,0,0,0,0,0,4,16,0,0,-1,-1,-1,-1,-1,-1,-1,-1,-1,-1,-1,-1,-1,-1,-1,-1,-1,-1,-1,-1,-1,-1,-1,-1,-1,-1,-1,-1,-1,-1,-1,-1,-1,-1,-1,-1,-1,-1,-1,-1,-1,-1,-1,-1,-1,-1,-1,-1,-1,-1,-1,-1,-1,-1,-1,-1,0,0.314594,0,33724,7836,199,1,5,2,511,0,0,0,0,0,0
2,1,0,0,0,0,0,0,0,0,0,0,0,0,0,0,0,1,24,2,1,0,0,0,0,0,0,0,0,0,0,0,0,0,0,0,7,24,0,0,-1,-1,-1,-1,-1,-1,-1,-1,-1,-1,-1,-1,-1,-1,-1,-1,-1,-1,-1,-1,-1,-1,-1,-1,-1,-1,-1,-1,-1,-1,-1,-1,-1,-1,-1,-1,-1,-1,-1,-1,-1,-1,-1,-1,-1,-1,-1,-1,-1,-1,-1,-1,-1,-1,-1,-1,0,0.478498,0,19867,979,116,1,2,0,118,0,0,0,0,0,0
2,0,0,1,0,0,0,0,0,0,0,0,0,0,0,0,0,1,28,2,0,0,0,0,0,0,0,0,0,0,0,0,0,0,0,0,10,27,0,0,0,0,0,1,0,0,0,0,0,0,0,0,0,0,0,0,0,1,0,0,0,0,0,0,0,0,0,0,0,0,0,0,0,0,0,0,-1,-1,-1,-1,-1,-1,-1,-1,-1,-1,-1,-1,-1,-1,-1,-1,-1,-1,-1,-1,0,2.070194,0,27589,8210,921,1,2,5,3600,1,0,0,0,0,0
1,1,0,3,0,0,0,0,0,0,0,0,0,0,0,0,0,1,35,1,0,0,0,0,0,0,0,0,0,0,0,0,0,0,0,0,5,18,0,0,0,1,0,3,0,0,0,0,0,0,0,0,0,0,0,0,0,17,0,0,0,0,0,0,0,0,0,0,0,0,0,0,0,0,0,0,-1,-1,-1,-1,-1,-1,-1,-1,-1,-1,-1,-1,-1,-1,-1,-1,-1,-1,-1,-1,0,2.446661,0,199081,-1,-1,1,2,1,6442,0,0,0,0,0,1
1,0,0,1,0,0,0,0,0,0,0,0,0,0,0,0,0,1,12,1,0,0,0,0,0,0,0,0,0,0,0,0,0,0,0,0,4,11,0,0,0,0,0,1,0,0,0,0,0,0,0,0,0,0,0,0,0,1,0,0,0,0,0,0,0,0,0,0,0,0,0,0,0,0,0,0,-1,-1,-1,-1,-1,-1,-1,-1,-1,-1,-1,-1,-1,-1,-1,-1,-1,-1,-1,-1,0,0.53594,0,13335,1247,213,2,2,1,292,1,0,0,0,0,0
1,0,0,2,0,0,0,0,0,0,0,0,0,0,0,0,0,1,31,1,0,0,0,0,0,0,0,0,0,0,0,0,0,0,0,0,9,22,0,0,0,0,0,2,0,0,0,0,0,0,0,0,0,0,0,0,0,9,0,0,0,0,0,0,0,0,0,0,0,0,0,0,0,0,0,3,-1,-1,-1,-1,-1,-1,-1,-1,-1,-1,-1,-1,-1,-1,-1,-1,-1,-1,-1,-1,0,0.637452,1,19551,3489,162,2,2,1,14391,0,0,0,0,0,1
2,0,0,0,0,0,0,0,0,0,0,0,0,0,0,0,0,1,18,2,0,0,0,0,0,0,0,0,0,0,0,0,0,0,0,0,3,18,0,0,-1,-1,-1,-1,-1,-1,-1,-1,-1,-1,-1,-1,-1,-1,-1,-1,-1,-1,-1,-1,-1,-1,-1,-1,-1,-1,-1,-1,-1,-1,-1,-1,-1,-1,-1,-1,-1,-1,-1,-1,-1,-1,-1,-1,-1,-1,-1,-1,-1,-1,-1,-1,-1,-1,-1,-1,0,-1.0,0,-1,-1,-1,-1,4,0,-1,0,-1,0,0,0,0
1,0,0,0,0,0,0,0,0,0,0,0,0,0,0,0,0,1,16,1,0,0,0,0,0,0,0,0,0,0,0,0,0,0,0,0,7,16,0,0,-1,-1,-1,-1,-1,-1,-1,-1,-1,-1,-1,-1,-1,-1,-1,-1,-1,-1,-1,-1,-1,-1,-1,-1,-1,-1,-1,-1,-1,-1,-1,-1,-1,-1,-1,-1,-1,-1,-1,-1,-1,-1,-1,-1,-1,-1,-1,-1,-1,-1,-1,-1,-1,-1,-1,-1,0,0.8016989999999999,-1,16276,1204,256,1,2,1,21596,1,1,0,0,0,0
2,0,0,3,0,0,0,0,0,0,0,0,0,0,0,0,0,1,43,2,0,0,0,0,0,0,0,0,0,0,0,0,0,0,0,0,6,16,0,0,0,0,0,3,0,0,0,0,0,0,0,0,0,0,0,0,0,27,0,0,0,0,0,0,0,0,0,0,0,0,0,0,0,0,0,0,-1,-1,-1,-1,-1,-1,-1,-1,-1,-1,-1,-1,-1,-1,-1,-1,-1,-1,-1,-1,0,0.258701,0,15169,-1,-1,1,4,5,115,1,0,0,0,0,1
3,0,0,2,0,0,0,0,0,0,0,0,0,0,0,0,0,1,49,2,0,0,0,0,0,0,0,0,0,0,0,0,0,0,0,0,5,19,0,0,1,0,0,2,0,0,0,0,0,0,0,0,0,0,0,0,0,30,1,0,0,0,0,0,0,0,0,0,0,0,0,0,0,0,0,17,-1,-1,-1,-1,-1,-1,-1,-1,-1,-1,-1,-1,-1,-1,-1,-1,-1,-1,-1,-1,0,0.29138200000000003,1,20013,1493,332,1,2,1,10530,1,0,0,0,0,1
2,0,0,0,0,0,0,0,0,0,0,0,0,0,0,0,0,1,22,2,0,0,0,0,0,0,0,0,0,0,0,0,0,0,0,0,6,22,0,0,-1,-1,-1,-1,-1,-1,-1,-1,-1,-1,-1,-1,-1,-1,-1,-1,-1,-1,-1,-1,-1,-1,-1,-1,-1,-1,-1,-1,-1,-1,-1,-1,-1,-1,-1,-1,-1,-1,-1,-1,-1,-1,-1,-1,-1,-1,-1,-1,-1,-1,-1,-1,-1,-1,-1,-1,0,0.5948939999999999,0,15169,-1,-1,1,4,0,292,1,4,0,0,0,1
1,1,0,4,0,0,0,0,0,0,0,0,0,0,0,0,0,1,37,1,0,0,0,0,0,0,0,0,0,0,0,0,0,0,0,0,4,13,0,0,0,1,0,4,0,0,0,0,0,0,0,0,0,0,0,0,0,24,0,0,0,0,0,0,0,0,0,0,0,0,0,0,0,0,0,0,-1,-1,-1,-1,-1,-1,-1,-1,-1,-1,-1,-1,-1,-1,-1,-1,-1,-1,-1,-1,0,0.66264,0,26347,6533,771,1,2,4,289,0,0,0,0,0,1
2,0,0,0,0,0,0,0,0,0,0,0,0,0,0,0,0,1,20,2,0,0,0,0,0,0,0,0,0,0,0,0,0,0,0,0,6,20,0,0,-1,-1,-1,-1,-1,-1,-1,-1,-1,-1,-1,-1,-1,-1,-1,-1,-1,-1,-1,-1,-1,-1,-1,-1,-1,-1,-1,-1,-1,-1,-1,-1,-1,-1,-1,-1,-1,-1,-1,-1,-1,-1,-1,-1,-1,-1,-1,-1,-1,-1,-1,-1,-1,-1,-1,-1,0,0.604355,0,51468,486,243,1,2,3,796,0,1,0,0,0,0
2,0,0,3,0,0,0,0,0,0,0,0,0,0,0,0,0,1,45,1,0,0,0,0,0,0,0,0,0,0,0,0,0,0,0,0,8,20,0,0,1,0,0,3,0,0,0,0,0,0,0,0,0,0,0,0,0,25,1,0,0,0,0,0,0,0,0,0,0,0,0,0,0,0,0,11,-1,-1,-1,-1,-1,-1,-1,-1,-1,-1,-1,-1,-1,-1,-1,-1,-1,-1,-1,-1,0,0.462415,1,20013,3663,353,1,2,1,14391,0,0,0,0,0,1
2,2,0,4,0,0,0,0,0,0,0,0,0,0,0,0,0,1,160,1,0,0,0,0,0,0,0,0,0,0,0,0,0,0,0,0,7,20,0,0,1,2,0,4,0,0,0,0,0,0,0,0,0,0,0,0,0,140,1,0,0,0,0,0,0,0,0,0,0,0,0,0,0,0,0,9,-1,-1,-1,-1,-1,-1,-1,-1,-1,-1,-1,-1,-1,-1,-1,-1,-1,-1,-1,-1,0,0.455012,-1,14618,1248,578,1,2,1,5956,1,0,0,0,0,1
2,0,0,2,0,0,0,0,0,0,0,0,0,0,0,0,0,1,33,2,0,0,0,0,0,0,0,0,0,0,0,0,0,0,0,0,9,23,0,0,0,0,0,2,0,0,0,0,0,0,0,0,0,0,0,0,0,10,0,0,0,0,0,0,0,0,0,0,0,0,0,0,0,0,0,5,-1,-1,-1,-1,-1,-1,-1,-1,-1,-1,-1,-1,-1,-1,-1,-1,-1,-1,-1,-1,0,0.534402,0,29372,-1,-1,1,4,2,3597,1,0,0,0,0,1
2,0,0,4,0,0,0,0,0,0,0,0,0,0,0,0,0,1,192,1,0,0,0,0,0,0,0,0,0,0,0,0,0,0,0,0,6,16,0,0,1,0,0,4,0,0,0,0,0,0,0,0,0,0,0,0,0,45,1,0,0,0,0,0,0,0,0,0,0,0,0,0,0,0,0,16,0,0,0,0,0,0,0,0,0,0,0,0,0,0,0,0,0,131,0,0,0,-1.0,-1,13335,1644,181,2,2,1,274,0,-1,0,0,0,1
2,0,0,1,0,2,0,1,0,0,0,0,0,0,0,0,0,1,50,2,0,0,0,0,0,0,0,0,0,0,0,0,0,0,0,0,5,15,0,0,0,0,0,1,0,0,0,0,0,0,0,0,0,0,0,0,0,6,0,0,0,0,0,0,0,0,0,0,0,0,0,0,0,0,0,5,0,0,0,0,0,2,0,1,0,0,0,0,0,0,0,0,0,29,0,2,0,0.183225,0,15169,4980,132,1,4,5,243,1,0,0,0,0,0
6,0,0,2,0,1,0,0,0,0,0,0,0,0,0,0,0,1,69,5,0,0,0,0,0,0,0,0,0,0,0,0,0,0,0,0,9,35,0,0,1,0,0,2,0,0,0,0,0,0,0,0,0,0,0,0,0,18,1,0,0,0,0,0,0,0,0,0,0,0,0,0,0,0,0,9,0,0,0,0,0,1,0,0,0,0,0,0,0,0,0,0,0,16,0,1,0,-1.0,0,-1,7250,2611,-1,3,5,-1,0,-1,0,0,0,0
1,0,0,0,0,0,0,0,0,0,0,0,0,0,0,0,0,1,15,1,0,0,0,0,0,0,0,0,0,0,0,0,0,0,0,0,8,15,0,0,-1,-1,-1,-1,-1,-1,-1,-1,-1,-1,-1,-1,-1,-1,-1,-1,-1,-1,-1,-1,-1,-1,-1,-1,-1,-1,-1,-1,-1,-1,-1,-1,-1,-1,-1,-1,-1,-1,-1,-1,-1,-1,-1,-1,-1,-1,-1,-1,-1,-1,-1,-1,-1,-1,-1,-1,0,-1.0,0,-1,1875,315,-1,0,0,-1,0,-1,0,0,0,0
1,0,1,4,0,0,0,0,0,0,0,0,0,0,0,0,0,1,67,1,0,0,0,0,0,0,0,0,0,0,0,0,0,0,0,0,5,13,0,0,0,0,1,4,0,0,0,0,0,0,0,0,0,0,0,0,0,54,0,0,0,0,0,0,0,0,0,0,0,0,0,0,0,0,0,0,-1,-1,-1,-1,-1,-1,-1,-1,-1,-1,-1,-1,-1,-1,-1,-1,-1,-1,-1,-1,0,0.491563,0,35130,5755,88,1,2,1,5115,0,0,0,0,0,1
1,0,0,2,0,0,0,0,0,0,0,0,0,0,0,0,0,1,10,1,0,0,0,0,0,0,0,0,0,0,0,0,0,0,0,0,3,6,0,0,0,0,0,2,0,0,0,0,0,0,0,0,0,0,0,0,0,4,0,0,0,0,0,0,0,0,0,0,0,0,0,0,0,0,0,0,-1,-1,-1,-1,-1,-1,-1,-1,-1,-1,-1,-1,-1,-1,-1,-1,-1,-1,-1,-1,0,0.099111,0,200896,4663,84,1,2,1,291,0,1,0,0,0,0
1,1,0,3,0,0,0,0,0,0,0,0,0,0,0,0,0,1,35,1,0,0,0,0,0,0,0,0,0,0,0,0,0,0,0,0,6,15,0,0,0,1,0,3,0,0,0,0,0,0,0,0,0,0,0,0,0,20,0,0,0,0,0,0,0,0,0,0,0,0,0,0,0,0,0,0,-1,-1,-1,-1,-1,-1,-1,-1,-1,-1,-1,-1,-1,-1,-1,-1,-1,-1,-1,-1,0,0.268954,-1,3223,-1,-1,1,2,1,14392,0,0,0,0,0,1
2,1,0,4,0,1,1,0,0,0,0,0,0,0,0,0,0,2,73,1,0,0,0,0,0,0,0,0,0,0,0,0,0,0,0,0,9,25,0,0,0,1,0,4,0,0,0,0,0,0,0,0,0,0,0,0,0,26,0,0,0,0,0,0,0,0,0,0,0,0,0,0,0,0,0,0,1,0,0,0,0,1,1,0,0,0,0,0,0,0,0,0,0,22,1,1,1,5.58076,0,55660,1121,339,1,4,1,14385,0,-1,0,0,0,1
3,2,0,3,0,0,0,0,0,0,0,0,0,0,0,0,0,1,49,2,0,0,0,0,0,0,0,0,0,0,0,0,0,0,0,0,5,21,0,0,1,2,0,3,0,0,0,0,0,0,0,0,0,0,0,0,0,28,1,0,0,0,0,0,0,0,0,0,0,0,0,0,0,0,0,10,-1,-1,-1,-1,-1,-1,-1,-1,-1,-1,-1,-1,-1,-1,-1,-1,-1,-1,-1,-1,0,0.263022,1,20013,6670,268,1,4,1,2017,1,0,0,0,0,1
3,0,0,3,0,0,0,0,0,0,0,0,0,0,0,0,0,1,36,2,0,0,0,0,0,0,0,0,0,0,0,0,0,0,0,0,6,16,0,0,1,0,0,3,0,0,0,0,0,0,0,0,0,0,0,0,0,20,1,0,0,0,0,0,0,0,0,0,0,0,0,0,0,0,0,7,-1,-1,-1,-1,-1,-1,-1,-1,-1,-1,-1,-1,-1,-1,-1,-1,-1,-1,-1,-1,0,-1.0,0,-1,-1,-1,-1,2,1,-1,0,-1,0,0,0,0
2,0,0,2,0,0,0,0,0,0,0,0,0,0,0,0,0,1,21,2,0,0,0,0,0,0,0,0,0,0,0,0,0,0,0,0,3,13,0,0,0,0,0,2,0,0,0,0,0,0,0,0,0,0,0,0,0,8,0,0,0,0,0,0,0,0,0,0,0,0,0,0,0,0,0,0,-1,-1,-1,-1,-1,-1,-1,-1,-1,-1,-1,-1,-1,-1,-1,-1,-1,-1,-1,-1,0,5.3564440000000015,0,32787,379,350,1,5,0,1798,0,0,0,0,0,0
3,0,0,7,0,0,0,0,0,0,0,0,0,0,0,0,0,1,110,2,0,0,0,0,0,0,0,0,0,0,0,0,0,0,0,0,5,17,0,0,1,0,0,7,0,0,0,0,0,0,0,0,0,0,0,0,0,93,1,0,0,0,0,0,0,0,0,0,0,0,0,0,0,0,0,9,-1,-1,-1,-1,-1,-1,-1,-1,-1,-1,-1,-1,-1,-1,-1,-1,-1,-1,-1,-1,0,0.981185,0,9318,6041,532,1,2,1,14668,0,0,0,0,0,1
3,0,0,3,0,0,0,0,0,0,0,0,0,0,0,0,0,1,46,2,0,0,0,0,0,0,0,0,0,0,0,0,0,0,0,0,9,26,0,0,1,0,0,3,0,0,0,0,0,0,0,0,0,0,0,0,0,20,1,0,0,0,0,0,0,0,0,0,0,0,0,0,0,0,0,9,-1,-1,-1,-1,-1,-1,-1,-1,-1,-1,-1,-1,-1,-1,-1,-1,-1,-1,-1,-1,0,1.192474,1,20013,2876,45,1,2,1,14379,1,0,0,0,0,1
4,0,0,2,0,0,0,0,0,0,0,0,0,0,0,0,0,1,30,2,0,0,0,0,0,0,0,0,0,0,0,0,0,0,0,0,9,17,0,0,2,0,0,2,0,0,0,0,0,0,0,0,0,0,0,0,0,13,1,0,0,0,0,0,0,0,0,0,0,0,0,0,0,0,0,6,-1,-1,-1,-1,-1,-1,-1,-1,-1,-1,-1,-1,-1,-1,-1,-1,-1,-1,-1,-1,0,2.180851,-1,8426,-1,-1,1,2,1,14390,1,0,0,0,0,1
2,0,0,1,0,0,0,0,0,0,0,0,0,0,0,0,0,1,19,2,0,0,0,0,0,0,0,0,0,0,0,0,0,0,0,0,6,18,0,0,0,0,0,1,0,0,0,0,0,0,0,0,0,0,0,0,0,1,0,0,0,0,0,0,0,0,0,0,0,0,0,0,0,0,0,0,-1,-1,-1,-1,-1,-1,-1,-1,-1,-1,-1,-1,-1,-1,-1,-1,-1,-1,-1,-1,0,0.288798,0,13335,2640,281,2,2,2,299,0,-1,0,0,0,0
3,0,0,1,0,0,0,0,0,0,0,0,0,0,0,0,0,1,19,2,0,0,0,0,0,0,0,0,0,0,0,0,0,0,0,0,5,13,0,0,1,0,0,1,0,0,0,0,0,0,0,0,0,0,0,0,0,6,1,0,0,0,0,0,0,0,0,0,0,0,0,0,0,0,0,5,-1,-1,-1,-1,-1,-1,-1,-1,-1,-1,-1,-1,-1,-1,-1,-1,-1,-1,-1,-1,0,0.382598,0,44476,-1,-1,1,2,1,3597,0,2,0,0,0,1
1,0,0,0,0,0,0,0,0,0,0,0,0,0,0,0,0,1,19,1,0,0,0,0,0,0,0,0,0,0,0,0,0,0,0,0,8,19,0,0,-1,-1,-1,-1,-1,-1,-1,-1,-1,-1,-1,-1,-1,-1,-1,-1,-1,-1,-1,-1,-1,-1,-1,-1,-1,-1,-1,-1,-1,-1,-1,-1,-1,-1,-1,-1,-1,-1,-1,-1,-1,-1,-1,-1,-1,-1,-1,-1,-1,-1,-1,-1,-1,-1,-1,-1,0,1.693729,0,22612,576,153,1,2,1,1199,0,0,0,0,0,0
3,0,0,0,0,0,0,0,0,0,0,0,0,0,0,0,0,1,19,3,0,0,0,0,0,0,0,0,0,0,0,0,0,0,0,0,5,19,0,0,-1,-1,-1,-1,-1,-1,-1,-1,-1,-1,-1,-1,-1,-1,-1,-1,-1,-1,-1,-1,-1,-1,-1,-1,-1,-1,-1,-1,-1,-1,-1,-1,-1,-1,-1,-1,-1,-1,-1,-1,-1,-1,-1,-1,-1,-1,-1,-1,-1,-1,-1,-1,-1,-1,-1,-1,0,0.958297,0,3462,6426,158,1,2,2,21598,0,0,0,0,0,0
3,1,0,5,0,0,0,0,0,0,0,0,0,0,0,0,0,1,87,2,0,0,0,0,0,0,0,0,0,0,0,0,0,0,0,0,11,25,0,0,1,1,0,5,0,0,0,0,0,0,0,0,0,0,0,0,0,62,1,0,0,0,0,0,0,0,0,0,0,0,0,0,0,0,0,9,-1,-1,-1,-1,-1,-1,-1,-1,-1,-1,-1,-1,-1,-1,-1,-1,-1,-1,-1,-1,0,-1.0,0,-1,-1,-1,-1,2,1,-1,0,-1,0,0,0,1
1,0,0,1,0,0,0,0,0,0,0,0,0,0,0,0,0,1,13,1,0,0,0,0,0,0,0,0,0,0,0,0,0,0,0,0,2,6,0,0,0,0,0,1,0,0,0,0,0,0,0,0,0,0,0,0,0,7,0,0,0,0,0,0,0,0,0,0,0,0,0,0,0,0,0,6,-1,-1,-1,-1,-1,-1,-1,-1,-1,-1,-1,-1,-1,-1,-1,-1,-1,-1,-1,-1,0,0.063291,-1,15169,4818,122,1,4,0,287,1,2,0,0,1,1
1,0,0,0,0,0,0,0,0,0,0,0,0,0,0,0,0,1,11,1,0,0,0,0,0,0,0,0,0,0,0,0,0,0,0,0,3,11,0,0,-1,-1,-1,-1,-1,-1,-1,-1,-1,-1,-1,-1,-1,-1,-1,-1,-1,-1,-1,-1,-1,-1,-1,-1,-1,-1,-1,-1,-1,-1,-1,-1,-1,-1,-1,-1,-1,-1,-1,-1,-1,-1,-1,-1,-1,-1,-1,-1,-1,-1,-1,-1,-1,-1,-1,-1,0,0.28466,-1,42244,5431,47,1,2,7,1713,1,1,0,0,0,0
3,0,0,2,0,0,0,0,0,0,0,0,0,0,0,0,0,1,41,2,0,0,0,0,0,0,0,0,0,0,0,0,0,0,0,0,7,26,0,0,1,0,0,2,0,0,0,0,0,0,0,0,0,0,0,0,0,15,1,0,0,0,0,0,0,0,0,0,0,0,0,0,0,0,0,9,-1,-1,-1,-1,-1,-1,-1,-1,-1,-1,-1,-1,-1,-1,-1,-1,-1,-1,-1,-1,0,0.33353,0,395082,-1,-1,1,4,0,7799,0,0,0,0,0,1
2,1,2,1,0,3,0,2,0,0,0,0,0,0,0,0,0,2,67,1,1,0,0,0,0,0,0,0,0,0,0,0,0,0,0,0,4,13,0,0,0,0,0,1,0,0,0,0,0,0,0,0,0,0,0,0,0,1,0,0,0,0,0,0,0,0,0,0,0,0,0,0,0,0,0,0,1,0,2,0,0,3,0,2,0,0,0,0,0,0,0,0,0,53,1,3,0,0.558716,0,22612,33,331,1,2,1,393,0,0,0,0,0,1
2,1,0,3,0,0,0,1,0,0,0,0,0,0,0,0,0,1,36,1,1,0,0,0,0,0,0,0,0,0,0,0,0,0,0,0,6,17,0,0,1,0,0,3,0,0,0,1,0,0,0,0,0,0,0,0,0,19,1,0,0,0,0,0,0,0,0,0,0,0,0,0,0,0,0,9,-1,-1,-1,-1,-1,-1,-1,-1,-1,-1,-1,-1,-1,-1,-1,-1,-1,-1,-1,-1,0,1.40147,-1,33182,978,117,1,2,1,21588,1,3,0,0,0,1
3,8,2,4,0,1,0,0,0,0,0,0,0,0,0,0,0,1,149,2,0,0,0,0,0,0,0,0,0,0,0,0,0,0,0,0,8,24,0,0,1,8,0,4,0,0,0,0,0,0,0,0,0,0,0,0,0,108,1,8,0,0,0,0,0,0,0,0,0,0,0,0,0,0,0,72,0,0,2,0,0,1,0,0,0,0,0,0,0,0,0,0,0,17,0,1,0,-1.0,0,-1,5,359,-1,4,0,-1,0,-1,0,0,0,1
4,0,0,2,0,0,0,0,0,0,0,0,0,0,0,0,0,1,32,3,0,0,0,0,0,0,0,0,0,0,0,0,0,0,0,0,2,17,0,0,1,0,0,2,0,0,0,0,0,0,0,0,0,0,0,0,0,15,1,0,0,0,0,0,0,0,0,0,0,0,0,0,0,0,0,9,-1,-1,-1,-1,-1,-1,-1,-1,-1,-1,-1,-1,-1,-1,-1,-1,-1,-1,-1,-1,0,0.997843,0,13335,7286,382,2,2,5,272,1,2,0,0,0,0
2,0,0,0,0,0,0,0,0,0,0,0,0,0,0,0,0,1,17,2,0,0,0,0,0,0,0,0,0,0,0,0,0,0,0,0,5,17,0,0,-1,-1,-1,-1,-1,-1,-1,-1,-1,-1,-1,-1,-1,-1,-1,-1,-1,-1,-1,-1,-1,-1,-1,-1,-1,-1,-1,-1,-1,-1,-1,-1,-1,-1,-1,-1,-1,-1,-1,-1,-1,-1,-1,-1,-1,-1,-1,-1,-1,-1,-1,-1,-1,-1,-1,-1,0,-1.0,0,32613,6483,455,1,5,1,901,0,-1,0,0,0,0
6,2,0,4,0,11,1,11,0,0,0,0,0,0,0,0,0,3,244,1,0,0,0,0,0,0,0,0,0,0,0,0,0,0,0,0,6,19,0,0,2,0,0,4,0,0,0,1,0,0,0,0,0,0,0,0,0,45,0,0,0,0,0,0,0,1,0,0,0,0,0,0,0,0,0,15,2,1,0,0,0,7,1,6,0,0,0,0,0,0,0,0,0,119,1,7,1,2.165711,-1,29873,3265,21,1,2,1,3404,1,1,0,0,0,1
2,0,0,0,0,0,0,0,0,0,0,0,0,0,0,0,0,1,18,2,0,0,0,0,0,0,0,0,0,0,0,0,0,0,0,0,5,18,0,0,-1,-1,-1,-1,-1,-1,-1,-1,-1,-1,-1,-1,-1,-1,-1,-1,-1,-1,-1,-1,-1,-1,-1,-1,-1,-1,-1,-1,-1,-1,-1,-1,-1,-1,-1,-1,-1,-1,-1,-1,-1,-1,-1,-1,-1,-1,-1,-1,-1,-1,-1,-1,-1,-1,-1,-1,0,-1.0,0,-1,5506,337,1,2,0,21598,0,-1,0,0,0,0
1,0,0,0,0,0,0,0,0,0,0,0,0,0,0,0,0,1,11,1,0,0,0,0,0,0,0,0,0,0,0,0,0,0,0,0,4,11,0,0,-1,-1,-1,-1,-1,-1,-1,-1,-1,-1,-1,-1,-1,-1,-1,-1,-1,-1,-1,-1,-1,-1,-1,-1,-1,-1,-1,-1,-1,-1,-1,-1,-1,-1,-1,-1,-1,-1,-1,-1,-1,-1,-1,-1,-1,-1,-1,-1,-1,-1,-1,-1,-1,-1,-1,-1,0,0.173973,0,-1,57,307,1,2,0,49,0,3,0,0,0,0
4,0,0,4,0,4,1,3,0,0,0,0,0,0,0,0,0,2,104,2,0,0,0,0,0,0,0,0,0,0,0,0,0,0,0,0,7,18,0,0,1,0,0,4,0,0,0,0,0,0,0,0,0,0,0,0,0,20,1,0,0,0,0,0,0,0,0,0,0,0,0,0,0,0,0,9,1,0,0,0,0,4,1,3,0,0,0,0,0,0,0,0,0,66,1,3,1,0.639332,0,24446,-1,-1,1,2,1,2759,0,0,0,0,0,1
1,0,0,0,0,0,0,0,0,0,0,0,0,0,0,0,0,1,12,1,0,0,0,0,0,0,0,0,0,0,0,0,0,0,0,0,4,12,0,0,-1,-1,-1,-1,-1,-1,-1,-1,-1,-1,-1,-1,-1,-1,-1,-1,-1,-1,-1,-1,-1,-1,-1,-1,-1,-1,-1,-1,-1,-1,-1,-1,-1,-1,-1,-1,-1,-1,-1,-1,-1,-1,-1,-1,-1,-1,-1,-1,-1,-1,-1,-1,-1,-1,-1,-1,0,-1.0,0,-1,-1,-1,-1,4,0,-1,0,-1,0,0,0,0
3,0,0,5,0,0,0,0,0,0,0,0,0,0,0,0,0,1,180,2,0,0,0,0,0,0,0,0,0,0,0,0,0,0,0,0,8,35,0,0,1,0,0,5,0,0,0,0,0,0,0,0,0,0,0,0,0,145,1,0,0,0,0,0,0,0,0,0,0,0,0,0,0,0,0,10,-1,-1,-1,-1,-1,-1,-1,-1,-1,-1,-1,-1,-1,-1,-1,-1,-1,-1,-1,-1,0,5.266607,0,47583,-1,-1,1,1,1,57,1,0,0,0,0,1
3,0,0,0,0,0,0,0,0,0,0,0,0,0,0,0,0,1,17,3,0,0,0,0,0,0,0,0,0,0,0,0,0,0,0,0,4,17,0,0,-1,-1,-1,-1,-1,-1,-1,-1,-1,-1,-1,-1,-1,-1,-1,-1,-1,-1,-1,-1,-1,-1,-1,-1,-1,-1,-1,-1,-1,-1,-1,-1,-1,-1,-1,-1,-1,-1,-1,-1,-1,-1,-1,-1,-1,-1,-1,-1,-1,-1,-1,-1,-1,-1,-1,-1,0,1.385007,0,20940,-1,-1,4,6,6,9598,1,0,0,0,0,0
2,0,0,0,0,0,0,0,0,0,0,0,0,0,0,0,0,1,18,2,0,0,0,0,0,0,0,0,0,0,0,0,0,0,0,0,4,18,0,0,-1,-1,-1,-1,-1,-1,-1,-1,-1,-1,-1,-1,-1,-1,-1,-1,-1,-1,-1,-1,-1,-1,-1,-1,-1,-1,-1,-1,-1,-1,-1,-1,-1,-1,-1,-1,-1,-1,-1,-1,-1,-1,-1,-1,-1,-1,-1,-1,-1,-1,-1,-1,-1,-1,-1,-1,0,0.533352,-1,9269,5731,843,1,2,2,595,1,0,0,0,0,0
2,0,0,1,0,0,0,0,0,0,0,0,0,0,0,0,0,1,31,2,0,0,0,0,0,0,0,0,0,0,0,0,0,0,0,0,10,30,0,0,0,0,0,1,0,0,0,0,0,0,0,0,0,0,0,0,0,1,0,0,0,0,0,0,0,0,0,0,0,0,0,0,0,0,0,0,-1,-1,-1,-1,-1,-1,-1,-1,-1,-1,-1,-1,-1,-1,-1,-1,-1,-1,-1,-1,0,0.302841,0,13335,-1,-1,5,2,0,292,1,1,0,0,0,1
1,0,0,1,0,0,0,0,0,0,0,0,0,0,0,0,0,1,9,1,0,0,0,0,0,0,0,0,0,0,0,0,0,0,0,0,1,8,0,0,0,0,0,1,0,0,0,0,0,0,0,0,0,0,0,0,0,1,0,0,0,0,0,0,0,0,0,0,0,0,0,0,0,0,0,0,-1,-1,-1,-1,-1,-1,-1,-1,-1,-1,-1,-1,-1,-1,-1,-1,-1,-1,-1,-1,0,0.49646,-1,50113,1573,252,1,2,1,21591,0,0,0,0,0,0
4,0,0,0,0,0,0,0,0,0,0,0,0,0,0,0,0,1,19,4,0,0,0,0,0,0,0,0,0,0,0,0,0,0,0,0,4,19,0,0,-1,-1,-1,-1,-1,-1,-1,-1,-1,-1,-1,-1,-1,-1,-1,-1,-1,-1,-1,-1,-1,-1,-1,-1,-1,-1,-1,-1,-1,-1,-1,-1,-1,-1,-1,-1,-1,-1,-1,-1,-1,-1,-1,-1,-1,-1,-1,-1,-1,-1,-1,-1,-1,-1,-1,-1,0,5.590681,0,53016,7793,-1,-1,2,0,-1,0,0,0,0,0,0
3,0,1,1,0,0,0,0,0,0,0,0,0,0,0,0,0,1,31,2,0,0,0,0,0,0,0,0,0,0,0,0,0,0,0,0,5,14,0,0,1,0,1,1,0,0,0,0,0,0,0,0,0,0,0,0,0,17,1,0,1,0,0,0,0,0,0,0,0,0,0,0,0,0,0,16,-1,-1,-1,-1,-1,-1,-1,-1,-1,-1,-1,-1,-1,-1,-1,-1,-1,-1,-1,-1,0,-1.0,0,24429,5644,565,2,4,1,296,1,1,0,0,0,0
1,0,0,2,0,0,0,0,0,0,0,0,0,0,0,0,0,1,22,1,0,0,0,0,0,0,0,0,0,0,0,0,0,0,0,0,5,13,0,0,0,0,0,2,0,0,0,0,0,0,0,0,0,0,0,0,0,9,0,0,0,0,0,0,0,0,0,0,0,0,0,0,0,0,0,0,-1,-1,-1,-1,-1,-1,-1,-1,-1,-1,-1,-1,-1,-1,-1,-1,-1,-1,-1,-1,0,1.7895919999999998,1,19994,6902,1133,1,2,2,19952,1,0,0,0,0,0
3,2,0,3,0,0,0,0,0,0,0,0,0,0,0,0,0,1,60,2,1,0,0,0,0,0,0,0,0,0,0,0,0,0,0,0,5,24,0,0,1,1,0,3,0,0,0,0,0,0,0,0,0,0,0,0,0,36,1,0,0,0,0,0,0,0,0,0,0,0,0,0,0,0,0,17,-1,-1,-1,-1,-1,-1,-1,-1,-1,-1,-1,-1,-1,-1,-1,-1,-1,-1,-1,-1,0,-1.0,1,26496,6353,220,1,2,1,10776,0,0,0,0,0,1
1,0,0,0,0,0,0,0,0,0,0,0,0,0,0,0,0,1,12,1,0,0,0,0,0,0,0,0,0,0,0,0,0,0,0,0,3,12,0,0,-1,-1,-1,-1,-1,-1,-1,-1,-1,-1,-1,-1,-1,-1,-1,-1,-1,-1,-1,-1,-1,-1,-1,-1,-1,-1,-1,-1,-1,-1,-1,-1,-1,-1,-1,-1,-1,-1,-1,-1,-1,-1,-1,-1,-1,-1,-1,-1,-1,-1,-1,-1,-1,-1,-1,-1,0,0.163474,0,13335,3381,270,2,2,5,292,1,1,0,0,0,0
2,0,0,0,0,0,0,0,0,0,0,0,0,0,0,0,0,1,13,2,0,0,0,0,0,0,0,0,0,0,0,0,0,0,0,0,3,13,0,0,-1,-1,-1,-1,-1,-1,-1,-1,-1,-1,-1,-1,-1,-1,-1,-1,-1,-1,-1,-1,-1,-1,-1,-1,-1,-1,-1,-1,-1,-1,-1,-1,-1,-1,-1,-1,-1,-1,-1,-1,-1,-1,-1,-1,-1,-1,-1,-1,-1,-1,-1,-1,-1,-1,-1,-1,0,0.28683400000000003,0,24940,4697,781,1,2,5,8727,1,1,0,0,0,0
1,1,0,5,0,0,0,0,0,0,0,0,0,0,0,0,0,1,73,1,0,0,0,0,0,0,0,0,0,0,0,0,0,0,0,0,7,19,0,0,0,1,0,5,0,0,0,0,0,0,0,0,0,0,0,0,0,54,0,0,0,0,0,0,0,0,0,0,0,0,0,0,0,0,0,0,-1,-1,-1,-1,-1,-1,-1,-1,-1,-1,-1,-1,-1,-1,-1,-1,-1,-1,-1,-1,0,0.391916,-1,20013,2053,137,1,2,1,14390,1,1,0,0,0,1
2,0,0,0,0,0,0,0,0,0,0,0,0,0,0,0,0,1,15,2,0,0,0,0,0,0,0,0,0,0,0,0,0,0,0,0,4,15,0,0,-1,-1,-1,-1,-1,-1,-1,-1,-1,-1,-1,-1,-1,-1,-1,-1,-1,-1,-1,-1,-1,-1,-1,-1,-1,-1,-1,-1,-1,-1,-1,-1,-1,-1,-1,-1,-1,-1,-1,-1,-1,-1,-1,-1,-1,-1,-1,-1,-1,-1,-1,-1,-1,-1,-1,-1,0,0.673285,0,13335,6777,527,2,2,5,299,1,0,0,0,0,0
2,0,0,1,0,0,0,0,0,0,0,0,0,0,0,0,0,1,14,2,0,0,0,0,0,0,0,0,0,0,0,0,0,0,0,0,3,13,0,0,0,0,0,1,0,0,0,0,0,0,0,0,0,0,0,0,0,1,0,0,0,0,0,0,0,0,0,0,0,0,0,0,0,0,0,0,-1,-1,-1,-1,-1,-1,-1,-1,-1,-1,-1,-1,-1,-1,-1,-1,-1,-1,-1,-1,0,1.6684849999999998,-1,-1,1016,79,1,3,0,51,1,1,0,0,0,0
2,1,1,6,0,0,0,0,0,0,0,0,0,0,0,0,0,1,73,2,0,0,0,0,0,0,0,0,0,0,0,0,0,0,0,0,4,12,0,0,0,1,1,6,0,0,0,0,0,0,0,0,0,0,0,0,0,61,0,0,0,0,0,0,0,0,0,0,0,0,0,0,0,0,0,0,-1,-1,-1,-1,-1,-1,-1,-1,-1,-1,-1,-1,-1,-1,-1,-1,-1,-1,-1,-1,0,0.300505,0,52030,-1,-1,1,2,1,3592,1,0,0,0,0,1
1,0,0,3,0,0,0,0,0,0,0,0,0,0,0,0,0,1,36,1,0,0,0,0,0,0,0,0,0,0,0,0,0,0,0,0,5,18,0,0,0,0,0,3,0,0,0,0,0,0,0,0,0,0,0,0,0,18,0,0,0,0,0,0,0,0,0,0,0,0,0,0,0,0,0,0,-1,-1,-1,-1,-1,-1,-1,-1,-1,-1,-1,-1,-1,-1,-1,-1,-1,-1,-1,-1,0,0.475789,0,22611,1366,94,1,2,1,10969,0,0,0,0,0,1
1,0,0,1,0,0,0,0,0,0,0,0,0,0,0,0,0,1,12,1,0,0,0,0,0,0,0,0,0,0,0,0,0,0,0,0,4,11,0,0,0,0,0,1,0,0,0,0,0,0,0,0,0,0,0,0,0,1,0,0,0,0,0,0,0,0,0,0,0,0,0,0,0,0,0,0,-1,-1,-1,-1,-1,-1,-1,-1,-1,-1,-1,-1,-1,-1,-1,-1,-1,-1,-1,-1,0,0.17544500000000002,1,200430,3141,145,3,3,1,171,1,0,0,0,0,0
2,0,0,4,0,0,0,0,0,0,0,0,0,0,0,0,0,1,67,2,0,0,0,0,0,0,0,0,0,0,0,0,0,0,0,0,7,21,0,0,0,0,0,4,0,0,0,0,0,0,0,0,0,0,0,0,0,46,0,0,0,0,0,0,0,0,0,0,0,0,0,0,0,0,0,0,-1,-1,-1,-1,-1,-1,-1,-1,-1,-1,-1,-1,-1,-1,-1,-1,-1,-1,-1,-1,0,0.602754,-1,33494,953,873,1,2,1,1450,0,0,0,0,0,1
2,0,0,3,0,0,0,0,0,0,0,0,0,0,0,0,0,1,37,2,0,0,0,0,0,0,0,0,0,0,0,0,0,0,0,0,6,16,0,0,0,0,0,3,0,0,0,0,0,0,0,0,0,0,0,0,0,21,0,0,0,0,0,0,0,0,0,0,0,0,0,0,0,0,0,0,-1,-1,-1,-1,-1,-1,-1,-1,-1,-1,-1,-1,-1,-1,-1,-1,-1,-1,-1,-1,0,0.202306,0,15169,-1,-1,1,4,5,5,1,0,0,0,0,1
3,0,0,4,0,0,0,0,0,0,0,0,0,0,0,0,0,1,47,2,0,0,0,0,0,0,0,0,0,0,0,0,0,0,0,0,6,15,0,0,1,0,0,4,0,0,0,0,0,0,0,0,0,0,0,0,0,32,1,0,0,0,0,0,0,0,0,0,0,0,0,0,0,0,0,10,-1,-1,-1,-1,-1,-1,-1,-1,-1,-1,-1,-1,-1,-1,-1,-1,-1,-1,-1,-1,0,0.746923,0,37153,-1,-1,1,4,1,97,1,0,0,0,0,1
4,0,0,0,0,0,0,0,0,0,0,0,0,0,0,0,0,1,20,4,0,0,0,0,0,0,0,0,0,0,0,0,0,0,0,0,5,20,0,0,-1,-1,-1,-1,-1,-1,-1,-1,-1,-1,-1,-1,-1,-1,-1,-1,-1,-1,-1,-1,-1,-1,-1,-1,-1,-1,-1,-1,-1,-1,-1,-1,-1,-1,-1,-1,-1,-1,-1,-1,-1,-1,-1,-1,-1,-1,-1,-1,-1,-1,-1,-1,-1,-1,-1,-1,0,5.061911,0,28299,8469,-1,1,2,7,3597,0,0,0,0,0,0
2,0,0,6,0,1,0,0,0,0,0,0,0,0,0,0,0,1,44,1,0,0,0,0,0,0,0,0,0,0,0,0,0,0,0,0,6,15,0,0,1,0,0,6,0,1,0,0,0,0,0,0,0,0,0,0,0,29,0,0,0,0,0,0,0,0,0,0,0,0,0,0,0,0,0,0,-1,-1,-1,-1,-1,-1,-1,-1,-1,-1,-1,-1,-1,-1,-1,-1,-1,-1,-1,-1,0,1.025917,1,33494,2657,630,1,2,5,14390,1,0,0,0,0,1
2,0,0,3,0,0,0,0,0,0,0,0,0,0,0,0,0,1,39,1,0,0,0,0,0,0,0,0,0,0,0,0,0,0,0,0,8,21,0,0,1,0,0,3,0,0,0,0,0,0,0,0,0,0,0,0,0,18,1,0,0,0,0,0,0,0,0,0,0,0,0,0,0,0,0,9,-1,-1,-1,-1,-1,-1,-1,-1,-1,-1,-1,-1,-1,-1,-1,-1,-1,-1,-1,-1,0,0.349458,0,13768,2501,55,1,2,1,13581,0,0,0,0,0,1
3,1,0,4,0,0,0,0,0,0,0,0,0,0,0,0,0,1,67,2,0,0,0,0,0,0,0,0,0,0,0,0,0,0,0,0,7,19,0,0,1,1,0,4,0,0,0,0,0,0,0,0,0,0,0,0,0,48,1,0,0,0,0,0,0,0,0,0,0,0,0,0,0,0,0,21,-1,-1,-1,-1,-1,-1,-1,-1,-1,-1,-1,-1,-1,-1,-1,-1,-1,-1,-1,-1,0,1.080781,-1,36024,3415,236,1,2,1,19127,0,0,0,0,0,1
1,0,0,1,0,0,0,0,0,0,0,0,0,0,0,0,0,1,11,1,0,0,0,0,0,0,0,0,0,0,0,0,0,0,0,0,1,10,0,0,0,0,0,1,0,0,0,0,0,0,0,0,0,0,0,0,0,1,0,0,0,0,0,0,0,0,0,0,0,0,0,0,0,0,0,0,-1,-1,-1,-1,-1,-1,-1,-1,-1,-1,-1,-1,-1,-1,-1,-1,-1,-1,-1,-1,0,0.551342,0,13335,342,22,2,2,0,298,1,4,0,0,0,1
2,0,0,2,0,0,0,0,0,0,0,0,0,0,0,0,0,1,30,1,0,0,0,0,0,0,0,0,0,0,0,0,0,0,0,0,6,17,0,0,1,0,0,2,0,0,0,0,0,0,0,0,0,0,0,0,0,13,1,0,0,0,0,0,0,0,0,0,0,0,0,0,0,0,0,9,-1,-1,-1,-1,-1,-1,-1,-1,-1,-1,-1,-1,-1,-1,-1,-1,-1,-1,-1,-1,0,0.159154,1,26496,770,324,1,2,1,10793,0,0,0,0,0,1
1,1,0,0,0,0,0,0,0,0,0,0,0,0,0,0,0,1,19,1,1,0,0,0,0,0,0,0,0,0,0,0,0,0,0,0,6,19,0,0,-1,-1,-1,-1,-1,-1,-1,-1,-1,-1,-1,-1,-1,-1,-1,-1,-1,-1,-1,-1,-1,-1,-1,-1,-1,-1,-1,-1,-1,-1,-1,-1,-1,-1,-1,-1,-1,-1,-1,-1,-1,-1,-1,-1,-1,-1,-1,-1,-1,-1,-1,-1,-1,-1,-1,-1,0,0.116681,1,13335,4062,2877,2,2,5,297,1,3,0,0,0,0
1,0,0,0,0,0,0,0,0,0,0,0,0,0,0,0,0,1,9,1,0,0,0,0,0,0,0,0,0,0,0,0,0,0,0,0,2,9,0,0,-1,-1,-1,-1,-1,-1,-1,-1,-1,-1,-1,-1,-1,-1,-1,-1,-1,-1,-1,-1,-1,-1,-1,-1,-1,-1,-1,-1,-1,-1,-1,-1,-1,-1,-1,-1,-1,-1,-1,-1,-1,-1,-1,-1,-1,-1,-1,-1,-1,-1,-1,-1,-1,-1,-1,-1,0,0.110848,0,16276,2892,29,2,2,0,3593,0,0,0,0,0,0
2,0,0,3,0,0,0,0,0,0,0,0,0,0,0,0,0,1,25,2,0,0,0,0,0,0,0,0,0,0,0,0,0,0,0,0,3,11,0,0,0,0,0,3,0,0,0,0,0,0,0,0,0,0,0,0,0,14,0,0,0,0,0,0,0,0,0,0,0,0,0,0,0,0,0,0,-1,-1,-1,-1,-1,-1,-1,-1,-1,-1,-1,-1,-1,-1,-1,-1,-1,-1,-1,-1,0,0.333953,-1,64432,-1,-1,1,4,4,856,1,1,0,0,0,0
5,0,0,2,0,1,0,0,0,0,0,0,0,0,0,0,0,1,54,4,0,0,0,0,0,0,0,0,0,0,0,0,0,0,0,0,5,20,0,0,1,0,0,2,0,0,0,0,0,0,0,0,0,0,0,0,0,18,1,0,0,0,0,0,0,0,0,0,0,0,0,0,0,0,0,9,0,0,0,0,0,1,0,0,0,0,0,0,0,0,0,0,0,16,0,1,0,-1.0,-1,-1,8217,-1,1,3,1,14385,0,-1,0,0,0,0
4,6,0,3,0,0,0,0,0,0,0,0,0,0,0,0,0,1,75,3,0,0,0,0,0,0,0,0,0,0,0,0,0,0,0,0,8,24,0,0,1,6,0,3,0,0,0,0,0,0,0,0,0,0,0,0,0,51,1,6,0,0,0,0,0,0,0,0,0,0,0,0,0,0,0,42,-1,-1,-1,-1,-1,-1,-1,-1,-1,-1,-1,-1,-1,-1,-1,-1,-1,-1,-1,-1,0,0.189262,0,15169,-1,-1,1,4,0,221,1,1,0,0,0,1
2,0,1,3,0,3,0,2,0,0,0,0,0,0,0,0,0,1,238,1,0,0,0,0,0,0,0,0,0,0,0,0,0,0,0,0,11,28,0,0,1,0,0,3,0,0,0,0,0,0,0,0,0,0,0,0,0,45,1,0,0,0,0,0,0,0,0,0,0,0,0,0,0,0,0,9,0,0,1,0,0,3,0,2,0,0,0,0,0,0,0,0,0,165,0,3,0,0.806385,0,20013,967,493,1,2,2,128,1,0,0,0,0,1
2,0,0,0,0,0,0,0,0,0,0,0,0,0,0,0,0,1,17,2,0,0,0,0,0,0,0,0,0,0,0,0,0,0,0,0,5,17,0,0,-1,-1,-1,-1,-1,-1,-1,-1,-1,-1,-1,-1,-1,-1,-1,-1,-1,-1,-1,-1,-1,-1,-1,-1,-1,-1,-1,-1,-1,-1,-1,-1,-1,-1,-1,-1,-1,-1,-1,-1,-1,-1,-1,-1,-1,-1,-1,-1,-1,-1,-1,-1,-1,-1,-1,-1,0,0.093147,0,36351,6652,286,1,2,1,10665,1,1,0,0,0,0
2,1,0,5,0,2,0,1,0,0,0,0,0,0,0,0,0,1,124,1,1,0,0,0,0,0,0,0,0,0,0,0,0,0,0,0,7,19,0,0,1,0,0,5,0,0,0,0,0,0,0,0,0,0,0,0,0,46,1,0,0,0,0,0,0,0,0,0,0,0,0,0,0,0,0,9,0,0,0,0,0,2,0,1,0,0,0,0,0,0,0,0,0,59,0,2,0,0.09715,-1,16347,184,180,1,4,1,21534,0,0,0,0,0,1
2,1,0,4,0,0,0,0,0,0,0,0,0,0,0,0,0,1,52,1,0,0,0,0,0,0,0,0,0,0,0,0,0,0,0,0,7,18,0,0,1,1,0,4,0,0,0,0,0,0,0,0,0,0,0,0,0,34,1,0,0,0,0,0,0,0,0,0,0,0,0,0,0,0,0,12,-1,-1,-1,-1,-1,-1,-1,-1,-1,-1,-1,-1,-1,-1,-1,-1,-1,-1,-1,-1,0,0.588679,-1,46606,4092,290,1,2,1,14391,0,0,0,0,0,1
1,0,0,0,0,0,0,0,0,0,0,0,0,0,0,0,0,1,12,1,0,0,0,0,0,0,0,0,0,0,0,0,0,0,0,0,4,12,0,0,-1,-1,-1,-1,-1,-1,-1,-1,-1,-1,-1,-1,-1,-1,-1,-1,-1,-1,-1,-1,-1,-1,-1,-1,-1,-1,-1,-1,-1,-1,-1,-1,-1,-1,-1,-1,-1,-1,-1,-1,-1,-1,-1,-1,-1,-1,-1,-1,-1,-1,-1,-1,-1,-1,-1,-1,0,-1.0,0,-1,-1,-1,-1,4,0,-1,0,-1,0,0,0,0
2,0,0,0,0,0,0,0,0,0,0,0,0,0,0,0,0,1,13,2,0,0,0,0,0,0,0,0,0,0,0,0,0,0,0,0,4,13,0,0,-1,-1,-1,-1,-1,-1,-1,-1,-1,-1,-1,-1,-1,-1,-1,-1,-1,-1,-1,-1,-1,-1,-1,-1,-1,-1,-1,-1,-1,-1,-1,-1,-1,-1,-1,-1,-1,-1,-1,-1,-1,-1,-1,-1,-1,-1,-1,-1,-1,-1,-1,-1,-1,-1,-1,-1,0,0.312625,1,26496,7957,76,1,2,1,10796,0,0,0,0,0,0
2,0,0,0,0,0,0,0,0,0,0,0,0,0,0,0,0,1,19,2,0,0,0,0,0,0,0,0,0,0,0,0,0,0,0,0,5,19,0,0,-1,-1,-1,-1,-1,-1,-1,-1,-1,-1,-1,-1,-1,-1,-1,-1,-1,-1,-1,-1,-1,-1,-1,-1,-1,-1,-1,-1,-1,-1,-1,-1,-1,-1,-1,-1,-1,-1,-1,-1,-1,-1,-1,-1,-1,-1,-1,-1,-1,-1,-1,-1,-1,-1,-1,-1,0,0.29796500000000004,0,16276,-1,-1,1,2,1,292,0,0,0,0,0,0
4,1,0,5,0,1,1,0,0,0,0,0,0,0,0,0,0,2,90,1,0,0,0,0,0,0,0,0,0,0,0,0,0,0,0,0,4,13,0,0,1,1,0,5,0,0,0,0,0,0,0,0,0,0,0,0,0,46,1,0,0,0,0,0,0,0,0,0,0,0,0,0,0,0,0,9,2,0,0,0,0,1,1,0,0,0,0,0,0,0,0,0,0,31,1,1,1,0.893117,-1,12129,2768,153,1,2,1,5769,1,1,0,0,0,1
3,1,5,6,0,1,0,0,0,0,0,0,0,0,0,0,0,1,102,2,0,0,0,0,0,0,0,0,0,0,0,0,0,0,0,0,3,16,0,0,1,1,3,6,0,0,0,0,0,0,0,0,0,0,0,0,0,53,1,0,1,0,0,0,0,0,0,0,0,0,0,0,0,0,0,13,0,0,2,0,0,1,0,0,0,0,0,0,0,0,0,0,0,33,0,1,0,0.08403,0,8685,2516,771,1,2,1,14399,1,1,0,0,0,1
4,0,0,0,0,0,0,0,0,0,0,0,0,0,0,0,0,1,28,4,0,0,0,0,0,0,0,0,0,0,0,0,0,0,0,0,10,28,0,0,-1,-1,-1,-1,-1,-1,-1,-1,-1,-1,-1,-1,-1,-1,-1,-1,-1,-1,-1,-1,-1,-1,-1,-1,-1,-1,-1,-1,-1,-1,-1,-1,-1,-1,-1,-1,-1,-1,-1,-1,-1,-1,-1,-1,-1,-1,-1,-1,-1,-1,-1,-1,-1,-1,-1,-1,0,0.363872,0,33182,7840,-1,1,2,1,14385,0,1,0,0,0,0
2,0,3,1,0,0,0,0,0,0,0,0,0,0,0,0,0,1,30,1,0,0,0,0,0,0,0,0,0,0,0,0,0,0,0,0,4,13,0,0,1,0,3,1,0,0,0,0,0,0,0,0,0,0,0,0,0,17,1,0,3,0,0,0,0,0,0,0,0,0,0,0,0,0,0,16,-1,-1,-1,-1,-1,-1,-1,-1,-1,-1,-1,-1,-1,-1,-1,-1,-1,-1,-1,-1,0,0.426024,0,15169,1691,134,1,2,1,892,0,0,0,0,0,1
1,0,0,2,0,0,0,0,0,0,0,0,0,0,0,0,0,1,24,1,0,0,0,0,0,0,0,0,0,0,0,0,0,0,0,0,6,16,0,0,0,0,0,2,0,0,0,0,0,0,0,0,0,0,0,0,0,8,0,0,0,0,0,0,0,0,0,0,0,0,0,0,0,0,0,0,-1,-1,-1,-1,-1,-1,-1,-1,-1,-1,-1,-1,-1,-1,-1,-1,-1,-1,-1,-1,0,0.49807,0,36024,1071,755,1,2,2,708,0,0,0,0,0,1
2,0,0,0,0,0,0,0,0,0,0,0,0,0,0,0,0,1,20,2,0,0,0,0,0,0,0,0,0,0,0,0,0,0,0,0,5,20,0,0,-1,-1,-1,-1,-1,-1,-1,-1,-1,-1,-1,-1,-1,-1,-1,-1,-1,-1,-1,-1,-1,-1,-1,-1,-1,-1,-1,-1,-1,-1,-1,-1,-1,-1,-1,-1,-1,-1,-1,-1,-1,-1,-1,-1,-1,-1,-1,-1,-1,-1,-1,-1,-1,-1,-1,-1,0,0.45541,0,26496,7122,182,1,2,0,86398,0,0,0,0,0,0
2,0,0,0,0,0,0,0,0,0,0,0,0,0,0,0,0,1,14,2,0,0,0,0,0,0,0,0,0,0,0,0,0,0,0,0,3,14,0,0,-1,-1,-1,-1,-1,-1,-1,-1,-1,-1,-1,-1,-1,-1,-1,-1,-1,-1,-1,-1,-1,-1,-1,-1,-1,-1,-1,-1,-1,-1,-1,-1,-1,-1,-1,-1,-1,-1,-1,-1,-1,-1,-1,-1,-1,-1,-1,-1,-1,-1,-1,-1,-1,-1,-1,-1,0,0.341353,0,395082,6456,117,1,2,2,10799,0,0,0,0,0,0
2,0,0,3,0,0,0,0,0,0,0,0,0,0,0,0,0,1,47,2,0,0,0,0,0,0,0,0,0,0,0,0,0,0,0,0,9,28,0,0,0,0,0,3,0,0,0,0,0,0,0,0,0,0,0,0,0,19,0,0,0,0,0,0,0,0,0,0,0,0,0,0,0,0,0,3,-1,-1,-1,-1,-1,-1,-1,-1,-1,-1,-1,-1,-1,-1,-1,-1,-1,-1,-1,-1,0,0.23964,0,55053,-1,-1,1,2,1,2826,1,0,0,0,0,0
3,3,0,7,0,0,0,0,0,0,0,0,0,0,0,0,0,1,69,3,0,0,0,0,0,0,0,0,0,0,0,0,0,0,0,0,13,31,0,0,0,3,0,7,0,0,0,0,0,0,0,0,0,0,0,0,0,38,0,0,0,0,0,0,0,0,0,0,0,0,0,0,0,0,0,0,-1,-1,-1,-1,-1,-1,-1,-1,-1,-1,-1,-1,-1,-1,-1,-1,-1,-1,-1,-1,0,0.30598800000000004,1,20013,1079,16,1,2,1,9656,1,0,0,0,0,1
2,1,1,4,0,0,0,0,0,0,0,0,0,0,0,0,0,1,52,2,0,0,0,0,0,0,0,0,0,0,0,0,0,0,0,0,4,16,0,0,0,1,1,4,0,0,0,0,0,0,0,0,0,0,0,0,0,36,0,0,0,0,0,0,0,0,0,0,0,0,0,0,0,0,0,0,-1,-1,-1,-1,-1,-1,-1,-1,-1,-1,-1,-1,-1,-1,-1,-1,-1,-1,-1,-1,0,0.160769,0,13335,1074,21,2,2,2,298,1,0,0,0,0,1
1,0,0,0,0,0,0,0,0,0,0,0,0,0,0,0,0,1,13,1,0,0,0,0,0,0,0,0,0,0,0,0,0,0,0,0,5,13,0,0,-1,-1,-1,-1,-1,-1,-1,-1,-1,-1,-1,-1,-1,-1,-1,-1,-1,-1,-1,-1,-1,-1,-1,-1,-1,-1,-1,-1,-1,-1,-1,-1,-1,-1,-1,-1,-1,-1,-1,-1,-1,-1,-1,-1,-1,-1,-1,-1,-1,-1,-1,-1,-1,-1,-1,-1,0,0.218416,0,201094,2781,140,1,2,2,3590,0,0,0,0,0,0
2,0,0,2,0,0,0,0,0,0,0,0,0,0,0,0,0,1,29,1,0,0,0,0,0,0,0,0,0,0,0,0,0,0,0,0,6,15,0,0,1,0,0,2,0,0,0,0,0,0,0,0,0,0,0,0,0,14,1,0,0,0,0,0,0,0,0,0,0,0,0,0,0,0,0,8,-1,-1,-1,-1,-1,-1,-1,-1,-1,-1,-1,-1,-1,-1,-1,-1,-1,-1,-1,-1,0,0.7706689999999999,1,20013,2471,85,1,2,1,9104,0,3,0,0,0,1
1,0,0,3,0,0,0,0,0,0,0,0,0,0,0,0,0,1,32,1,0,0,0,0,0,0,0,0,0,0,0,0,0,0,0,0,8,20,0,0,0,0,0,3,0,0,0,0,0,0,0,0,0,0,0,0,0,12,0,0,0,0,0,0,0,0,0,0,0,0,0,0,0,0,0,0,-1,-1,-1,-1,-1,-1,-1,-1,-1,-1,-1,-1,-1,-1,-1,-1,-1,-1,-1,-1,0,0.496283,-1,30083,2109,81,1,2,1,14389,1,0,0,0,0,1
2,10,0,5,0,0,0,0,0,0,0,0,0,0,0,0,0,1,122,2,0,0,0,0,0,0,0,0,0,0,0,0,0,0,0,0,6,19,0,0,0,10,0,5,0,0,0,0,0,0,0,0,0,0,0,0,0,103,0,0,0,0,0,0,0,0,0,0,0,0,0,0,0,0,0,0,-1,-1,-1,-1,-1,-1,-1,-1,-1,-1,-1,-1,-1,-1,-1,-1,-1,-1,-1,-1,0,0.5962029999999999,1,-1,3788,959,1,4,4,294,1,0,0,0,0,0
2,0,0,0,0,0,0,0,0,0,0,0,0,0,0,0,0,1,12,2,0,0,0,0,0,0,0,0,0,0,0,0,0,0,0,0,1,12,0,0,-1,-1,-1,-1,-1,-1,-1,-1,-1,-1,-1,-1,-1,-1,-1,-1,-1,-1,-1,-1,-1,-1,-1,-1,-1,-1,-1,-1,-1,-1,-1,-1,-1,-1,-1,-1,-1,-1,-1,-1,-1,-1,-1,-1,-1,-1,-1,-1,-1,-1,-1,-1,-1,-1,-1,-1,0,-1.0,0,-1,5218,990,-1,5,0,-1,0,-1,0,0,0,0
2,0,0,2,0,0,0,0,0,0,0,0,0,0,0,0,0,1,22,2,0,0,0,0,0,0,0,0,0,0,0,0,0,0,0,0,3,14,0,0,0,0,0,2,0,0,0,0,0,0,0,0,0,0,0,0,0,8,0,0,0,0,0,0,0,0,0,0,0,0,0,0,0,0,0,0,-1,-1,-1,-1,-1,-1,-1,-1,-1,-1,-1,-1,-1,-1,-1,-1,-1,-1,-1,-1,0,-1.0,0,-1,-1,-1,-1,4,0,-1,0,-1,0,0,0,0
2,1,0,1,0,0,0,0,0,0,0,0,0,0,0,0,0,1,31,1,1,0,0,0,0,0,0,0,0,0,0,0,0,0,0,0,7,22,0,0,1,0,0,1,0,0,0,0,0,0,0,0,0,0,0,0,0,9,1,0,0,0,0,0,0,0,0,0,0,0,0,0,0,0,0,8,-1,-1,-1,-1,-1,-1,-1,-1,-1,-1,-1,-1,-1,-1,-1,-1,-1,-1,-1,-1,0,0.15629300000000002,-1,20836,2917,369,1,2,1,12808,0,0,0,0,0,1
2,1,0,6,0,0,0,0,0,0,0,0,0,0,0,0,0,1,72,1,0,0,0,0,0,0,0,0,0,0,0,0,0,0,0,0,5,19,0,0,1,1,0,6,0,0,0,0,0,0,0,0,0,0,0,0,0,53,1,0,0,0,0,0,0,0,0,0,0,0,0,0,0,0,0,9,-1,-1,-1,-1,-1,-1,-1,-1,-1,-1,-1,-1,-1,-1,-1,-1,-1,-1,-1,-1,0,0.870334,1,46606,793,301,1,2,1,14149,0,0,0,0,0,1
2,0,0,1,0,0,0,0,0,0,0,0,0,0,0,0,0,1,14,2,0,0,0,0,0,0,0,0,0,0,0,0,0,0,0,0,1,13,0,0,0,0,0,1,0,0,0,0,0,0,0,0,0,0,0,0,0,1,0,0,0,0,0,0,0,0,0,0,0,0,0,0,0,0,0,0,-1,-1,-1,-1,-1,-1,-1,-1,-1,-1,-1,-1,-1,-1,-1,-1,-1,-1,-1,-1,0,0.17468599999999998,0,54113,3406,611,4,6,5,122,1,0,0,0,0,0
4,0,0,2,0,1,1,0,0,0,0,0,0,0,0,0,0,2,54,1,0,0,0,0,0,0,0,0,0,0,0,0,0,0,0,0,6,14,0,0,1,0,0,2,0,0,0,0,0,0,0,0,0,0,0,0,0,14,1,0,0,0,0,0,0,0,0,0,0,0,0,0,0,0,0,9,2,0,0,0,0,1,1,0,0,0,0,0,0,0,0,0,0,26,1,1,1,0.049244,1,19551,2319,236,2,2,1,14341,0,0,0,0,0,1
2,0,0,0,0,0,0,0,0,0,0,0,0,0,0,0,0,1,16,2,0,0,0,0,0,0,0,0,0,0,0,0,0,0,0,0,4,16,0,0,-1,-1,-1,-1,-1,-1,-1,-1,-1,-1,-1,-1,-1,-1,-1,-1,-1,-1,-1,-1,-1,-1,-1,-1,-1,-1,-1,-1,-1,-1,-1,-1,-1,-1,-1,-1,-1,-1,-1,-1,-1,-1,-1,-1,-1,-1,-1,-1,-1,-1,-1,-1,-1,-1,-1,-1,0,0.33675700000000003,0,-1,1409,51,1,3,0,3598,1,1,0,0,0,0
1,0,0,1,0,0,0,0,0,0,0,0,0,0,0,0,0,1,12,1,0,0,0,0,0,0,0,0,0,0,0,0,0,0,0,0,3,11,0,0,0,0,0,1,0,0,0,0,0,0,0,0,0,0,0,0,0,1,0,0,0,0,0,0,0,0,0,0,0,0,0,0,0,0,0,0,-1,-1,-1,-1,-1,-1,-1,-1,-1,-1,-1,-1,-1,-1,-1,-1,-1,-1,-1,-1,0,-1.0,0,-1,-1,-1,-1,4,0,-1,0,-1,0,0,0,0
1,0,0,2,0,0,0,0,0,0,0,0,0,0,0,0,0,1,21,1,0,0,0,0,0,0,0,0,0,0,0,0,0,0,0,0,4,13,0,0,0,0,0,2,0,0,0,0,0,0,0,0,0,0,0,0,0,8,0,0,0,0,0,0,0,0,0,0,0,0,0,0,0,0,0,0,-1,-1,-1,-1,-1,-1,-1,-1,-1,-1,-1,-1,-1,-1,-1,-1,-1,-1,-1,-1,0,-1.0,0,-1,-1,-1,-1,4,0,-1,0,-1,0,0,0,0
6,3,0,3,0,1,0,0,0,0,0,0,0,0,0,0,0,1,69,5,3,0,0,0,0,0,0,0,0,0,0,0,0,0,0,0,8,44,0,0,1,0,0,3,0,1,0,0,0,0,0,0,0,0,0,0,0,25,1,0,0,0,0,0,0,0,0,0,0,0,0,0,0,0,0,9,-1,-1,-1,-1,-1,-1,-1,-1,-1,-1,-1,-1,-1,-1,-1,-1,-1,-1,-1,-1,0,0.150056,0,207143,-1,-1,1,3,1,3592,0,0,0,0,0,1
2,0,0,3,0,0,0,0,0,0,0,0,0,0,0,0,0,1,38,2,0,0,0,0,0,0,0,0,0,0,0,0,0,0,0,0,3,15,0,0,0,0,0,3,0,0,0,0,0,0,0,0,0,0,0,0,0,23,0,0,0,0,0,0,0,0,0,0,0,0,0,0,0,0,0,0,-1,-1,-1,-1,-1,-1,-1,-1,-1,-1,-1,-1,-1,-1,-1,-1,-1,-1,-1,-1,0,0.181687,0,36024,2761,188,1,2,1,21591,0,1,0,0,0,1
2,1,0,0,0,0,0,0,0,0,0,0,0,0,0,0,0,1,22,2,1,0,0,0,0,0,0,0,0,0,0,0,0,0,0,0,7,22,0,0,-1,-1,-1,-1,-1,-1,-1,-1,-1,-1,-1,-1,-1,-1,-1,-1,-1,-1,-1,-1,-1,-1,-1,-1,-1,-1,-1,-1,-1,-1,-1,-1,-1,-1,-1,-1,-1,-1,-1,-1,-1,-1,-1,-1,-1,-1,-1,-1,-1,-1,-1,-1,-1,-1,-1,-1,0,0.979295,0,6903,4441,306,1,2,1,298,0,0,0,0,0,0
3,0,0,0,0,0,0,0,0,0,0,0,0,0,0,0,0,1,16,3,0,0,0,0,0,0,0,0,0,0,0,0,0,0,0,0,4,16,0,0,-1,-1,-1,-1,-1,-1,-1,-1,-1,-1,-1,-1,-1,-1,-1,-1,-1,-1,-1,-1,-1,-1,-1,-1,-1,-1,-1,-1,-1,-1,-1,-1,-1,-1,-1,-1,-1,-1,-1,-1,-1,-1,-1,-1,-1,-1,-1,-1,-1,-1,-1,-1,-1,-1,-1,-1,0,0.17351,0,15169,5110,366,1,4,5,298,1,0,0,0,0,0
3,0,1,4,0,1,0,0,0,0,0,0,0,0,0,0,0,1,70,2,0,0,0,0,0,0,0,0,0,0,0,0,0,0,0,0,6,24,0,0,1,0,0,4,0,0,0,0,0,0,0,0,0,0,0,0,0,30,1,0,0,0,0,0,0,0,0,0,0,0,0,0,0,0,0,9,0,0,1,0,0,1,0,0,0,0,0,0,0,0,0,0,0,16,0,1,0,3.148642,1,46606,2227,328,1,2,1,14387,1,0,0,0,0,1
4,0,0,4,0,0,0,0,0,0,0,0,0,0,0,0,0,1,57,4,0,0,0,0,0,0,0,0,0,0,0,0,0,0,0,0,9,36,0,0,0,0,0,4,0,0,0,0,0,0,0,0,0,0,0,0,0,21,0,0,0,0,0,0,0,0,0,0,0,0,0,0,0,0,0,0,-1,-1,-1,-1,-1,-1,-1,-1,-1,-1,-1,-1,-1,-1,-1,-1,-1,-1,-1,-1,0,0.166483,0,207143,-1,-1,1,3,1,10406,0,0,0,0,0,1
1,0,0,0,0,0,0,0,0,0,0,0,0,0,0,0,0,1,13,1,0,0,0,0,0,0,0,0,0,0,0,0,0,0,0,0,4,13,0,0,-1,-1,-1,-1,-1,-1,-1,-1,-1,-1,-1,-1,-1,-1,-1,-1,-1,-1,-1,-1,-1,-1,-1,-1,-1,-1,-1,-1,-1,-1,-1,-1,-1,-1,-1,-1,-1,-1,-1,-1,-1,-1,-1,-1,-1,-1,-1,-1,-1,-1,-1,-1,-1,-1,-1,-1,0,0.688102,1,24940,4729,749,1,4,1,61,1,2,0,0,0,0
3,1,2,7,0,0,0,0,0,0,0,0,0,0,0,0,0,1,85,2,0,0,0,0,0,0,0,0,0,0,0,0,0,0,0,0,2,13,0,0,1,1,2,7,0,0,0,0,0,0,0,0,0,0,0,0,0,72,1,0,1,0,0,0,0,0,0,0,0,0,0,0,0,0,0,16,-1,-1,-1,-1,-1,-1,-1,-1,-1,-1,-1,-1,-1,-1,-1,-1,-1,-1,-1,-1,0,1.02668,1,20013,6134,74,1,2,1,315,1,0,0,0,0,1
2,0,0,0,0,0,0,0,0,0,0,0,0,0,0,0,0,1,31,2,0,0,0,0,0,0,0,0,0,0,0,0,0,0,0,0,10,31,0,0,-1,-1,-1,-1,-1,-1,-1,-1,-1,-1,-1,-1,-1,-1,-1,-1,-1,-1,-1,-1,-1,-1,-1,-1,-1,-1,-1,-1,-1,-1,-1,-1,-1,-1,-1,-1,-1,-1,-1,-1,-1,-1,-1,-1,-1,-1,-1,-1,-1,-1,-1,-1,-1,-1,-1,-1,0,0.11378599999999996,0,8560,4154,228,1,4,2,3599,0,0,0,0,0,0
3,0,0,4,0,1,1,0,0,0,0,0,0,0,0,0,0,2,76,1,0,0,0,0,0,0,0,0,0,0,0,0,0,0,0,0,9,25,0,0,1,0,0,4,0,0,0,0,0,0,0,0,0,0,0,0,0,30,1,0,0,0,0,0,0,0,0,0,0,0,0,0,0,0,0,9,1,0,0,0,0,1,1,0,0,0,0,0,0,0,0,0,0,21,1,1,1,0.736401,-1,46606,2443,113,1,2,1,2047,1,0,0,0,0,1
2,0,0,0,0,0,0,0,0,0,0,0,0,0,0,0,0,1,19,2,0,0,0,0,0,0,0,0,0,0,0,0,0,0,0,0,4,19,0,0,-1,-1,-1,-1,-1,-1,-1,-1,-1,-1,-1,-1,-1,-1,-1,-1,-1,-1,-1,-1,-1,-1,-1,-1,-1,-1,-1,-1,-1,-1,-1,-1,-1,-1,-1,-1,-1,-1,-1,-1,-1,-1,-1,-1,-1,-1,-1,-1,-1,-1,-1,-1,-1,-1,-1,-1,0,2.204673,0,17887,7863,172,2,2,1,2160,1,1,0,0,0,0
2,0,0,3,0,0,0,0,0,0,0,0,0,0,0,0,0,1,47,2,0,0,0,0,0,0,0,0,0,0,0,0,0,0,0,0,9,28,0,0,0,0,0,3,0,0,0,0,0,0,0,0,0,0,0,0,0,19,0,0,0,0,0,0,0,0,0,0,0,0,0,0,0,0,0,3,-1,-1,-1,-1,-1,-1,-1,-1,-1,-1,-1,-1,-1,-1,-1,-1,-1,-1,-1,-1,0,0.23988,0,55053,-1,-1,1,2,1,1460,1,0,0,0,0,0
1,0,1,6,0,0,0,0,0,0,0,0,0,0,0,0,0,1,49,1,0,0,0,0,0,0,0,0,0,0,0,0,0,0,0,0,5,12,0,0,0,0,1,6,0,0,0,0,0,0,0,0,0,0,0,0,0,37,0,0,0,0,0,0,0,0,0,0,0,0,0,0,0,0,0,0,-1,-1,-1,-1,-1,-1,-1,-1,-1,-1,-1,-1,-1,-1,-1,-1,-1,-1,-1,-1,0,1.300872,1,28299,2712,209,1,4,2,3586,0,0,0,0,0,1
2,0,0,1,0,2,0,1,0,0,0,0,0,0,0,0,0,1,50,2,0,0,0,0,0,0,0,0,0,0,0,0,0,0,0,0,5,15,0,0,0,0,0,1,0,0,0,0,0,0,0,0,0,0,0,0,0,6,0,0,0,0,0,0,0,0,0,0,0,0,0,0,0,0,0,5,0,0,0,0,0,2,0,1,0,0,0,0,0,0,0,0,0,29,0,2,0,0.161685,0,15169,4979,133,1,4,5,7,1,0,0,0,0,0
1,0,0,1,0,0,0,0,0,0,0,0,0,0,0,0,0,1,10,1,0,0,0,0,0,0,0,0,0,0,0,0,0,0,0,0,2,9,0,0,0,0,0,1,0,0,0,0,0,0,0,0,0,0,0,0,0,1,0,0,0,0,0,0,0,0,0,0,0,0,0,0,0,0,0,0,-1,-1,-1,-1,-1,-1,-1,-1,-1,-1,-1,-1,-1,-1,-1,-1,-1,-1,-1,-1,0,0.306893,0,-1,2640,281,1,3,0,3592,1,0,0,0,0,1
2,0,0,3,0,0,0,0,0,0,0,0,0,0,0,0,0,1,67,2,0,0,0,0,0,0,0,0,0,0,0,0,0,0,0,0,8,28,0,0,0,0,0,3,0,0,0,0,0,0,0,0,0,0,0,0,0,39,0,0,0,0,0,0,0,0,0,0,0,0,0,0,0,0,0,0,-1,-1,-1,-1,-1,-1,-1,-1,-1,-1,-1,-1,-1,-1,-1,-1,-1,-1,-1,-1,0,0.493458,1,30447,-1,-1,1,3,3,2555,0,0,0,0,0,1
2,0,0,0,0,0,0,0,0,0,0,0,0,0,0,0,0,1,14,2,0,0,0,0,0,0,0,0,0,0,0,0,0,0,0,0,5,14,0,0,-1,-1,-1,-1,-1,-1,-1,-1,-1,-1,-1,-1,-1,-1,-1,-1,-1,-1,-1,-1,-1,-1,-1,-1,-1,-1,-1,-1,-1,-1,-1,-1,-1,-1,-1,-1,-1,-1,-1,-1,-1,-1,-1,-1,-1,-1,-1,-1,-1,-1,-1,-1,-1,-1,-1,-1,0,-1.0,0,-1,-1,-1,-1,0,0,-1,0,-1,0,0,0,0
2,0,0,0,0,0,0,0,0,0,0,0,0,0,0,0,0,1,14,2,0,0,0,0,0,0,0,0,0,0,0,0,0,0,0,0,3,14,0,0,-1,-1,-1,-1,-1,-1,-1,-1,-1,-1,-1,-1,-1,-1,-1,-1,-1,-1,-1,-1,-1,-1,-1,-1,-1,-1,-1,-1,-1,-1,-1,-1,-1,-1,-1,-1,-1,-1,-1,-1,-1,-1,-1,-1,-1,-1,-1,-1,-1,-1,-1,-1,-1,-1,-1,-1,0,1.5977,0,13335,451,278,2,2,0,298,1,0,0,0,0,0
2,0,1,6,0,0,0,0,0,0,0,0,0,0,0,0,1,1,72,1,0,0,0,0,0,0,0,0,0,0,0,0,0,0,0,0,6,16,0,0,1,0,1,6,0,0,0,0,0,0,0,0,0,0,0,0,1,56,1,0,0,0,0,0,0,0,0,0,0,0,0,0,0,0,0,10,-1,-1,-1,-1,-1,-1,-1,-1,-1,-1,-1,-1,-1,-1,-1,-1,-1,-1,-1,-1,0,2.77998,1,46606,2346,209,1,2,1,14399,0,0,0,0,0,1
1,0,0,1,0,0,0,0,0,0,0,0,0,0,0,0,0,1,19,1,0,0,0,0,0,0,0,0,0,0,0,0,0,0,0,0,4,13,0,0,0,0,0,1,0,0,0,0,0,0,0,0,0,0,0,0,0,6,0,0,0,0,0,0,0,0,0,0,0,0,0,0,0,0,0,5,-1,-1,-1,-1,-1,-1,-1,-1,-1,-1,-1,-1,-1,-1,-1,-1,-1,-1,-1,-1,0,1.225981,0,49349,411,318,1,2,1,1992,1,0,0,0,0,1
2,0,0,7,0,0,0,0,0,0,0,0,0,0,0,0,0,1,77,1,0,0,0,0,0,0,0,0,0,0,0,0,0,0,0,0,7,19,0,0,1,0,0,7,0,0,0,0,0,0,0,0,0,0,0,0,0,58,1,0,0,0,0,0,0,0,0,0,0,0,0,0,0,0,0,10,-1,-1,-1,-1,-1,-1,-1,-1,-1,-1,-1,-1,-1,-1,-1,-1,-1,-1,-1,-1,0,0.159354,0,16276,1158,302,1,3,2,9207,0,0,0,0,0,1
3,0,0,1,0,0,0,0,0,0,0,0,0,0,0,0,0,1,21,3,0,0,0,0,0,0,0,0,0,0,0,0,0,0,0,0,5,20,0,0,0,0,0,1,0,0,0,0,0,0,0,0,0,0,0,0,0,1,0,0,0,0,0,0,0,0,0,0,0,0,0,0,0,0,0,0,-1,-1,-1,-1,-1,-1,-1,-1,-1,-1,-1,-1,-1,-1,-1,-1,-1,-1,-1,-1,0,0.535353,0,46606,-1,-1,1,2,1,118,0,0,0,0,0,0
2,1,0,0,0,0,0,0,0,0,0,0,0,0,0,0,0,1,17,2,1,0,0,0,0,0,0,0,0,0,0,0,0,0,0,0,4,17,0,0,-1,-1,-1,-1,-1,-1,-1,-1,-1,-1,-1,-1,-1,-1,-1,-1,-1,-1,-1,-1,-1,-1,-1,-1,-1,-1,-1,-1,-1,-1,-1,-1,-1,-1,-1,-1,-1,-1,-1,-1,-1,-1,-1,-1,-1,-1,-1,-1,-1,-1,-1,-1,-1,-1,-1,-1,0,0.29248,0,13335,5084,28,2,2,5,299,1,0,0,0,0,0
2,1,0,0,0,0,0,0,0,0,0,0,0,0,0,0,0,1,24,2,1,0,0,0,0,0,0,0,0,0,0,0,0,0,0,0,7,24,0,0,-1,-1,-1,-1,-1,-1,-1,-1,-1,-1,-1,-1,-1,-1,-1,-1,-1,-1,-1,-1,-1,-1,-1,-1,-1,-1,-1,-1,-1,-1,-1,-1,-1,-1,-1,-1,-1,-1,-1,-1,-1,-1,-1,-1,-1,-1,-1,-1,-1,-1,-1,-1,-1,-1,-1,-1,0,-1.0,0,-1,-1,-1,-1,4,0,-1,0,-1,0,0,0,0
1,0,0,2,0,0,0,0,0,0,0,0,0,0,0,0,0,1,22,1,0,0,0,0,0,0,0,0,0,0,0,0,0,0,0,0,6,15,0,0,0,0,0,2,0,0,0,0,0,0,0,0,0,0,0,0,0,7,0,0,0,0,0,0,0,0,0,0,0,0,0,0,0,0,0,0,-1,-1,-1,-1,-1,-1,-1,-1,-1,-1,-1,-1,-1,-1,-1,-1,-1,-1,-1,-1,0,0.306854,1,262254,168,196,1,3,7,592,1,2,0,0,0,1
1,0,0,4,0,0,0,0,0,0,0,0,0,0,0,0,0,1,45,1,0,0,0,0,0,0,0,0,0,0,0,0,0,0,0,0,8,20,0,0,0,0,0,4,0,0,0,0,0,0,0,0,0,0,0,0,0,25,0,0,0,0,0,0,0,0,0,0,0,0,0,0,0,0,0,0,-1,-1,-1,-1,-1,-1,-1,-1,-1,-1,-1,-1,-1,-1,-1,-1,-1,-1,-1,-1,0,0.24889,-1,203523,3321,330,1,4,7,283,1,0,0,0,0,1
2,0,1,4,0,0,0,0,0,0,0,0,0,0,0,0,0,1,42,2,0,0,0,0,0,0,0,0,0,0,0,0,0,0,0,0,2,9,0,0,0,0,1,4,0,0,0,0,0,0,0,0,0,0,0,0,0,33,0,0,0,0,0,0,0,0,0,0,0,0,0,0,0,0,0,6,-1,-1,-1,-1,-1,-1,-1,-1,-1,-1,-1,-1,-1,-1,-1,-1,-1,-1,-1,-1,0,4.274156,1,46606,2128,62,1,2,1,4470,0,1,0,0,0,1
1,0,0,1,0,0,0,0,0,0,0,0,0,0,0,0,0,1,10,1,0,0,0,0,0,0,0,0,0,0,0,0,0,0,0,0,2,9,0,0,0,0,0,1,0,0,0,0,0,0,0,0,0,0,0,0,0,1,0,0,0,0,0,0,0,0,0,0,0,0,0,0,0,0,0,0,-1,-1,-1,-1,-1,-1,-1,-1,-1,-1,-1,-1,-1,-1,-1,-1,-1,-1,-1,-1,0,0.218711,-1,29182,50,314,1,2,2,3592,1,0,0,0,0,1
1,0,0,1,0,0,0,0,0,0,0,0,0,0,0,0,0,1,25,1,0,0,0,0,0,0,0,0,0,0,0,0,0,0,0,0,10,24,0,0,0,0,0,1,0,0,0,0,0,0,0,0,0,0,0,0,0,1,0,0,0,0,0,0,0,0,0,0,0,0,0,0,0,0,0,0,-1,-1,-1,-1,-1,-1,-1,-1,-1,-1,-1,-1,-1,-1,-1,-1,-1,-1,-1,-1,0,0.796906,-1,26496,1308,152,1,2,1,590,0,3,0,0,0,0
2,0,0,1,0,0,0,0,0,0,0,0,0,0,0,0,0,1,36,2,0,0,0,0,0,0,0,0,0,0,0,0,0,0,0,0,8,25,0,0,0,0,0,1,0,0,0,0,0,0,0,0,0,0,0,0,0,1,0,0,0,0,0,0,0,0,0,0,0,0,0,0,0,0,0,0,0,0,0,0,0,0,0,0,0,0,0,0,0,0,0,0,0,10,0,0,0,0.299822,1,26101,-1,-1,3,6,5,252,1,1,0,0,0,1
2,0,0,3,0,0,0,0,0,0,0,0,0,0,0,0,0,1,62,2,0,0,0,0,0,0,0,0,0,0,0,0,0,0,0,0,5,12,0,0,0,0,0,3,0,0,0,0,0,0,0,0,0,0,0,0,0,26,0,0,0,0,0,0,0,0,0,0,0,0,0,0,0,0,0,0,0,0,0,0,0,0,0,0,0,0,0,0,0,0,0,0,0,24,0,0,0,0.54379,1,19551,2857,-1,2,2,1,14396,0,0,0,0,0,1
2,0,0,1,0,0,0,0,0,0,0,0,0,0,0,0,0,1,18,2,0,0,0,0,0,0,0,0,0,0,0,0,0,0,0,0,5,17,0,0,0,0,0,1,0,0,0,0,0,0,0,0,0,0,0,0,0,1,0,0,0,0,0,0,0,0,0,0,0,0,0,0,0,0,0,0,-1,-1,-1,-1,-1,-1,-1,-1,-1,-1,-1,-1,-1,-1,-1,-1,-1,-1,-1,-1,0,1.360371,0,13335,6486,452,2,2,0,299,0,0,0,0,0,0
2,0,0,6,0,1,0,0,0,0,0,0,0,0,0,0,0,1,95,1,0,0,0,0,0,0,0,0,0,0,0,0,0,0,0,0,6,19,0,0,1,0,0,6,0,0,0,0,0,0,0,0,0,0,0,0,0,63,1,0,0,0,0,0,0,0,0,0,0,0,0,0,0,0,0,7,0,0,0,0,0,1,0,0,0,0,0,0,0,0,0,0,0,13,0,1,0,0.337378,0,26496,2160,30,1,2,2,3591,0,0,0,0,0,1
4,0,0,0,0,0,0,0,0,0,0,0,0,0,0,0,0,1,31,4,0,0,0,0,0,0,0,0,0,0,0,0,0,0,0,0,10,31,0,0,-1,-1,-1,-1,-1,-1,-1,-1,-1,-1,-1,-1,-1,-1,-1,-1,-1,-1,-1,-1,-1,-1,-1,-1,-1,-1,-1,-1,-1,-1,-1,-1,-1,-1,-1,-1,-1,-1,-1,-1,-1,-1,-1,-1,-1,-1,-1,-1,-1,-1,-1,-1,-1,-1,-1,-1,0,0.783619,-1,16276,8142,-1,1,2,1,14387,1,0,0,0,0,0
1,0,0,4,0,0,0,0,0,0,0,0,0,0,0,0,0,1,53,1,0,0,0,0,0,0,0,0,0,0,0,0,0,0,0,0,3,10,0,0,0,0,0,4,0,0,0,0,0,0,0,0,0,0,0,0,0,43,0,0,0,0,0,0,0,0,0,0,0,0,0,0,0,0,0,0,-1,-1,-1,-1,-1,-1,-1,-1,-1,-1,-1,-1,-1,-1,-1,-1,-1,-1,-1,-1,0,0.37378,-1,42807,6396,177,1,2,1,8379,0,0,0,0,0,1
2,0,0,0,0,0,0,0,0,0,0,0,0,0,0,0,0,1,14,2,0,0,0,0,0,0,0,0,0,0,0,0,0,0,0,0,4,14,0,0,-1,-1,-1,-1,-1,-1,-1,-1,-1,-1,-1,-1,-1,-1,-1,-1,-1,-1,-1,-1,-1,-1,-1,-1,-1,-1,-1,-1,-1,-1,-1,-1,-1,-1,-1,-1,-1,-1,-1,-1,-1,-1,-1,-1,-1,-1,-1,-1,-1,-1,-1,-1,-1,-1,-1,-1,0,0.4912220000000001,0,47623,7068,-1,1,4,1,298,0,0,0,0,0,0
2,0,0,4,0,0,0,0,0,0,0,0,0,0,0,0,0,1,42,1,0,0,0,0,0,0,0,0,0,0,0,0,0,0,0,0,5,16,0,0,1,0,0,4,0,0,0,0,0,0,0,0,0,0,0,0,0,26,1,0,0,0,0,0,0,0,0,0,0,0,0,0,0,0,0,9,-1,-1,-1,-1,-1,-1,-1,-1,-1,-1,-1,-1,-1,-1,-1,-1,-1,-1,-1,-1,0,0.934792,0,12824,2870,-1,1,3,1,3591,0,0,0,0,0,1
1,0,0,2,0,0,0,0,0,0,0,0,0,0,0,0,0,1,24,1,0,0,0,0,0,0,0,0,0,0,0,0,0,0,0,0,4,16,0,0,0,0,0,2,0,0,0,0,0,0,0,0,0,0,0,0,0,8,0,0,0,0,0,0,0,0,0,0,0,0,0,0,0,0,0,0,-1,-1,-1,-1,-1,-1,-1,-1,-1,-1,-1,-1,-1,-1,-1,-1,-1,-1,-1,-1,0,0.187684,-1,16276,24,340,1,2,1,2713,1,0,0,0,0,1
2,0,0,0,0,0,0,0,0,0,0,0,0,0,0,0,0,1,15,2,0,0,0,0,0,0,0,0,0,0,0,0,0,0,0,0,4,15,0,0,-1,-1,-1,-1,-1,-1,-1,-1,-1,-1,-1,-1,-1,-1,-1,-1,-1,-1,-1,-1,-1,-1,-1,-1,-1,-1,-1,-1,-1,-1,-1,-1,-1,-1,-1,-1,-1,-1,-1,-1,-1,-1,-1,-1,-1,-1,-1,-1,-1,-1,-1,-1,-1,-1,-1,-1,0,0.15198599999999998,0,13335,2439,117,2,2,1,299,1,1,0,0,0,0
2,1,0,5,0,0,0,0,0,0,0,0,0,0,0,0,0,1,97,1,0,0,0,0,0,0,0,0,0,0,0,0,0,0,0,0,4,16,0,0,1,1,0,5,0,0,0,0,0,0,0,0,0,0,0,0,0,44,1,0,0,0,0,0,0,0,0,0,0,0,0,0,0,0,0,10,0,0,0,0,0,0,0,0,0,0,0,0,0,0,0,0,0,37,0,0,0,0.827008,0,46606,2557,1,1,4,0,1423,0,0,0,0,0,1
2,0,0,6,0,0,0,0,0,0,0,0,0,0,0,0,0,1,96,2,0,0,0,0,0,0,0,0,0,0,0,0,0,0,0,0,6,21,0,0,0,0,0,6,0,0,0,0,0,0,0,0,0,0,0,0,0,75,0,0,0,0,0,0,0,0,0,0,0,0,0,0,0,0,0,0,-1,-1,-1,-1,-1,-1,-1,-1,-1,-1,-1,-1,-1,-1,-1,-1,-1,-1,-1,-1,0,0.605708,1,20013,4149,233,1,2,1,2374,0,0,0,0,0,1
2,0,0,3,0,0,0,0,0,0,0,0,0,0,0,0,0,1,46,2,0,0,0,0,0,0,0,0,0,0,0,0,0,0,0,0,9,28,0,0,0,0,0,3,0,0,0,0,0,0,0,0,0,0,0,0,0,18,0,0,0,0,0,0,0,0,0,0,0,0,0,0,0,0,0,2,-1,-1,-1,-1,-1,-1,-1,-1,-1,-1,-1,-1,-1,-1,-1,-1,-1,-1,-1,-1,0,0.238835,0,55053,-1,-1,1,2,1,666,1,0,0,0,0,0
1,1,0,6,0,0,0,0,0,0,0,0,0,0,0,0,0,1,61,1,0,0,0,0,0,0,0,0,0,0,0,0,0,0,0,0,8,23,0,0,0,1,0,6,0,0,0,0,0,0,0,0,0,0,0,0,0,38,0,0,0,0,0,0,0,0,0,0,0,0,0,0,0,0,0,1,-1,-1,-1,-1,-1,-1,-1,-1,-1,-1,-1,-1,-1,-1,-1,-1,-1,-1,-1,-1,0,1.001836,1,46606,2915,371,1,2,1,14363,1,1,0,0,0,1
6,0,0,5,0,1,1,0,0,0,0,0,0,0,0,0,2,2,104,2,0,0,0,0,0,0,0,0,0,0,0,0,0,0,0,0,7,20,0,0,3,0,0,5,0,0,0,0,0,0,0,0,0,0,0,0,0,50,3,0,0,0,0,0,0,0,0,0,0,0,0,0,0,0,0,21,1,0,0,0,0,1,1,0,0,0,0,0,0,0,0,0,2,34,1,1,1,0.484123,-1,16276,2928,2185,1,2,1,13696,1,2,0,0,0,1
3,1,0,4,0,0,0,0,0,0,0,0,0,0,0,0,0,1,47,2,0,0,0,0,0,0,0,0,0,0,0,0,0,0,0,0,8,29,0,0,1,1,0,4,0,0,0,0,0,0,0,0,0,0,0,0,0,18,0,0,0,0,0,0,0,0,0,0,0,0,0,0,0,0,0,0,-1,-1,-1,-1,-1,-1,-1,-1,-1,-1,-1,-1,-1,-1,-1,-1,-1,-1,-1,-1,0,0.632901,1,30148,3206,545,1,2,1,14389,1,1,0,0,0,1
2,0,0,3,0,0,0,0,0,0,0,0,0,0,0,0,0,1,47,2,0,0,0,0,0,0,0,0,0,0,0,0,0,0,0,0,6,16,0,0,0,0,0,3,0,0,0,0,0,0,0,0,0,0,0,0,0,31,0,0,0,0,0,0,0,0,0,0,0,0,0,0,0,0,0,0,-1,-1,-1,-1,-1,-1,-1,-1,-1,-1,-1,-1,-1,-1,-1,-1,-1,-1,-1,-1,0,0.193647,0,15169,-1,-1,1,4,5,6,1,0,0,0,0,1
1,0,0,2,0,0,0,0,1,0,0,0,0,0,0,0,0,1,39,1,0,0,0,0,0,0,0,0,0,0,0,0,0,0,0,0,0,7,0,0,0,0,0,2,0,0,0,0,1,0,0,0,0,0,0,0,0,32,0,0,0,0,0,0,0,0,1,0,0,0,0,0,0,0,0,29,-1,-1,-1,-1,-1,-1,-1,-1,-1,-1,-1,-1,-1,-1,-1,-1,-1,-1,-1,-1,0,0.215797,0,8068,1828,362,1,2,0,3388,1,1,0,0,0,1
2,2,0,5,0,0,0,0,0,0,0,0,0,0,0,0,0,1,80,2,1,0,0,0,0,0,0,0,0,0,0,0,0,0,0,0,6,19,0,0,0,1,0,5,0,0,0,0,0,0,0,0,0,0,0,0,0,61,0,0,0,0,0,0,0,0,0,0,0,0,0,0,0,0,0,0,-1,-1,-1,-1,-1,-1,-1,-1,-1,-1,-1,-1,-1,-1,-1,-1,-1,-1,-1,-1,0,0.495383,0,31017,1623,201,1,2,1,7120,0,0,0,0,0,1
2,0,0,0,0,0,0,0,0,0,0,0,0,0,0,0,0,1,18,2,0,0,0,0,0,0,0,0,0,0,0,0,0,0,0,0,5,18,0,0,-1,-1,-1,-1,-1,-1,-1,-1,-1,-1,-1,-1,-1,-1,-1,-1,-1,-1,-1,-1,-1,-1,-1,-1,-1,-1,-1,-1,-1,-1,-1,-1,-1,-1,-1,-1,-1,-1,-1,-1,-1,-1,-1,-1,-1,-1,-1,-1,-1,-1,-1,-1,-1,-1,-1,-1,0,-1.0,0,-1,-1,-1,-1,2,1,-1,0,-1,0,0,0,0
3,0,1,2,0,0,0,0,0,0,0,0,0,0,0,0,0,1,38,3,0,0,0,0,0,0,0,0,0,0,0,0,0,0,0,0,12,30,0,0,0,0,1,2,0,0,0,0,0,0,0,0,0,0,0,0,0,8,0,0,0,0,0,0,0,0,0,0,0,0,0,0,0,0,0,0,-1,-1,-1,-1,-1,-1,-1,-1,-1,-1,-1,-1,-1,-1,-1,-1,-1,-1,-1,-1,0,2.567492,-1,9268,-1,-1,1,2,1,294,1,0,0,0,0,1
1,0,0,0,0,0,0,0,0,0,0,0,0,0,0,0,0,1,9,1,0,0,0,0,0,0,0,0,0,0,0,0,0,0,0,0,2,9,0,0,-1,-1,-1,-1,-1,-1,-1,-1,-1,-1,-1,-1,-1,-1,-1,-1,-1,-1,-1,-1,-1,-1,-1,-1,-1,-1,-1,-1,-1,-1,-1,-1,-1,-1,-1,-1,-1,-1,-1,-1,-1,-1,-1,-1,-1,-1,-1,-1,-1,-1,-1,-1,-1,-1,-1,-1,0,0.157461,0,43948,5801,42,1,2,0,111,0,1,0,0,0,0
2,0,0,1,0,0,0,0,0,0,0,0,0,0,0,0,0,1,35,2,0,0,0,0,0,0,0,0,0,0,0,0,0,0,0,0,5,16,0,0,0,0,0,1,0,0,0,0,0,0,0,0,0,0,0,0,0,19,0,0,0,0,0,0,0,0,0,0,0,0,0,0,0,0,0,18,-1,-1,-1,-1,-1,-1,-1,-1,-1,-1,-1,-1,-1,-1,-1,-1,-1,-1,-1,-1,0,0.319959,0,32934,7858,3465,1,2,1,3,1,0,0,0,0,0
1,0,0,0,0,0,0,0,0,0,0,0,0,0,0,0,0,1,12,1,0,0,0,0,0,0,0,0,0,0,0,0,0,0,0,0,5,12,0,0,-1,-1,-1,-1,-1,-1,-1,-1,-1,-1,-1,-1,-1,-1,-1,-1,-1,-1,-1,-1,-1,-1,-1,-1,-1,-1,-1,-1,-1,-1,-1,-1,-1,-1,-1,-1,-1,-1,-1,-1,-1,-1,-1,-1,-1,-1,-1,-1,-1,-1,-1,-1,-1,-1,-1,-1,0,0.167707,0,8560,7404,264,1,4,2,3592,1,1,0,0,0,0
1,0,0,0,0,0,0,0,0,0,0,0,0,0,0,0,0,1,10,1,0,0,0,0,0,0,0,0,0,0,0,0,0,0,0,0,3,10,0,0,-1,-1,-1,-1,-1,-1,-1,-1,-1,-1,-1,-1,-1,-1,-1,-1,-1,-1,-1,-1,-1,-1,-1,-1,-1,-1,-1,-1,-1,-1,-1,-1,-1,-1,-1,-1,-1,-1,-1,-1,-1,-1,-1,-1,-1,-1,-1,-1,-1,-1,-1,-1,-1,-1,-1,-1,0,1.976511,-1,24940,3314,337,1,2,1,3036,0,0,0,0,0,0
2,0,0,3,0,0,0,0,0,0,0,0,0,0,0,0,0,1,34,1,0,0,0,0,0,0,0,0,0,0,0,0,0,0,0,0,6,17,0,0,1,0,0,3,0,0,0,0,0,0,0,0,0,0,0,0,0,17,0,0,0,0,0,0,0,0,0,0,0,0,0,0,0,0,0,0,-1,-1,-1,-1,-1,-1,-1,-1,-1,-1,-1,-1,-1,-1,-1,-1,-1,-1,-1,-1,0,0.17513099999999998,0,57994,2577,344,1,2,0,3592,0,0,0,0,0,1
2,0,0,1,0,0,0,0,0,0,0,0,0,0,0,0,0,1,21,2,0,0,0,0,0,0,0,0,0,0,0,0,0,0,0,0,5,20,0,0,0,0,0,1,0,0,0,0,0,0,0,0,0,0,0,0,0,1,0,0,0,0,0,0,0,0,0,0,0,0,0,0,0,0,0,0,-1,-1,-1,-1,-1,-1,-1,-1,-1,-1,-1,-1,-1,-1,-1,-1,-1,-1,-1,-1,0,0.114095,0,15133,7718,681,2,4,5,60,1,2,0,0,0,0
3,0,0,1,0,0,0,0,0,0,0,0,0,0,0,0,0,1,34,2,0,0,0,0,0,0,0,0,0,0,0,0,0,0,0,0,5,16,0,0,1,0,0,1,0,0,0,0,0,0,0,0,0,0,0,0,0,18,1,0,0,0,0,0,0,0,0,0,0,0,0,0,0,0,0,17,-1,-1,-1,-1,-1,-1,-1,-1,-1,-1,-1,-1,-1,-1,-1,-1,-1,-1,-1,-1,0,0.214533,0,32934,7859,3464,1,2,1,183,1,1,0,0,0,0
1,1,0,0,0,0,0,0,0,0,0,0,0,0,0,0,0,1,12,1,1,0,0,0,0,0,0,0,0,0,0,0,0,0,0,0,2,12,0,0,-1,-1,-1,-1,-1,-1,-1,-1,-1,-1,-1,-1,-1,-1,-1,-1,-1,-1,-1,-1,-1,-1,-1,-1,-1,-1,-1,-1,-1,-1,-1,-1,-1,-1,-1,-1,-1,-1,-1,-1,-1,-1,-1,-1,-1,-1,-1,-1,-1,-1,-1,-1,-1,-1,-1,-1,0,1.236679,0,7684,1181,279,1,2,1,14388,1,1,0,0,0,0
3,1,0,6,0,0,0,0,0,0,0,0,0,0,0,0,0,1,69,3,0,0,0,0,0,0,0,0,0,0,0,0,0,0,0,0,8,29,0,0,0,1,0,6,0,0,0,0,0,0,0,0,0,0,0,0,0,40,0,0,0,0,0,0,0,0,0,0,0,0,0,0,0,0,0,0,-1,-1,-1,-1,-1,-1,-1,-1,-1,-1,-1,-1,-1,-1,-1,-1,-1,-1,-1,-1,0,3.795997,0,56150,-1,-1,1,2,2,327,0,0,0,0,0,1
1,0,0,1,0,0,0,0,0,0,0,0,0,0,0,0,0,1,16,1,0,0,0,0,0,0,0,0,0,0,0,0,0,0,0,0,5,15,0,0,0,0,0,1,0,0,0,0,0,0,0,0,0,0,0,0,0,1,0,0,0,0,0,0,0,0,0,0,0,0,0,0,0,0,0,0,-1,-1,-1,-1,-1,-1,-1,-1,-1,-1,-1,-1,-1,-1,-1,-1,-1,-1,-1,-1,0,0.816858,-1,32613,2611,310,1,4,1,14391,1,0,0,0,0,0
2,1,0,6,0,0,0,0,0,0,0,0,0,0,0,0,0,1,72,2,0,0,0,0,0,0,0,0,0,0,0,0,0,0,0,0,6,15,0,0,0,1,0,6,0,0,0,0,0,0,0,0,0,0,0,0,0,57,0,0,0,0,0,0,0,0,0,0,0,0,0,0,0,0,0,0,-1,-1,-1,-1,-1,-1,-1,-1,-1,-1,-1,-1,-1,-1,-1,-1,-1,-1,-1,-1,0,1.585291,0,32244,-1,-1,1,2,1,13970,0,0,0,0,0,1
2,0,0,0,0,0,0,0,0,0,0,0,0,0,0,0,0,1,13,2,0,0,0,0,0,0,0,0,0,0,0,0,0,0,0,0,3,13,0,0,-1,-1,-1,-1,-1,-1,-1,-1,-1,-1,-1,-1,-1,-1,-1,-1,-1,-1,-1,-1,-1,-1,-1,-1,-1,-1,-1,-1,-1,-1,-1,-1,-1,-1,-1,-1,-1,-1,-1,-1,-1,-1,-1,-1,-1,-1,-1,-1,-1,-1,-1,-1,-1,-1,-1,-1,0,5.611639,0,9848,6912,1123,1,1,1,21594,0,0,0,0,0,0
3,0,0,2,0,0,0,0,0,0,0,0,0,0,0,0,0,1,45,2,0,0,0,0,0,0,0,0,0,0,0,0,0,0,0,0,7,27,0,0,1,0,0,2,0,0,0,0,0,0,0,0,0,0,0,0,0,18,1,0,0,0,0,0,0,0,0,0,0,0,0,0,0,0,0,10,-1,-1,-1,-1,-1,-1,-1,-1,-1,-1,-1,-1,-1,-1,-1,-1,-1,-1,-1,-1,0,0.331681,0,47583,-1,-1,1,1,1,59,1,0,0,0,0,1
2,0,0,2,0,0,0,0,0,0,0,0,0,0,0,0,0,1,29,2,0,0,0,0,0,0,0,0,0,0,0,0,0,0,0,0,2,12,0,0,0,0,0,2,0,0,0,0,0,0,0,0,0,0,0,0,0,17,0,0,0,0,0,0,0,0,0,0,0,0,0,0,0,0,0,0,-1,-1,-1,-1,-1,-1,-1,-1,-1,-1,-1,-1,-1,-1,-1,-1,-1,-1,-1,-1,0,0.6570729999999999,1,36351,6920,2211,1,4,5,3598,1,1,0,0,0,0
2,0,0,1,0,0,0,0,0,0,0,0,0,0,0,0,0,1,26,2,0,0,0,0,0,0,0,0,0,0,0,0,0,0,0,0,8,25,0,0,0,0,0,1,0,0,0,0,0,0,0,0,0,0,0,0,0,1,0,0,0,0,0,0,0,0,0,0,0,0,0,0,0,0,0,0,-1,-1,-1,-1,-1,-1,-1,-1,-1,-1,-1,-1,-1,-1,-1,-1,-1,-1,-1,-1,0,0.4225680000000001,0,15169,-1,-1,1,4,0,35,1,0,0,0,0,0
2,1,0,1,0,0,0,0,0,0,0,0,0,0,0,0,0,1,31,2,1,0,0,0,0,0,0,0,0,0,0,0,0,0,0,0,6,23,0,0,0,0,0,1,0,0,0,0,0,0,0,0,0,0,0,0,0,8,0,0,0,0,0,0,0,0,0,0,0,0,0,0,0,0,0,7,-1,-1,-1,-1,-1,-1,-1,-1,-1,-1,-1,-1,-1,-1,-1,-1,-1,-1,-1,-1,0,0.263328,0,31034,31,333,1,4,1,21592,1,2,0,0,0,1
1,0,0,2,0,0,0,0,0,0,0,0,0,0,0,0,0,1,16,1,0,0,0,0,0,0,0,0,0,0,0,0,0,0,0,0,3,11,0,0,0,0,0,2,0,0,0,0,0,0,0,0,0,0,0,0,0,5,0,0,0,0,0,0,0,0,0,0,0,0,0,0,0,0,0,0,-1,-1,-1,-1,-1,-1,-1,-1,-1,-1,-1,-1,-1,-1,-1,-1,-1,-1,-1,-1,0,0.665676,0,20013,6668,636,1,2,1,14372,0,1,0,0,0,1
3,1,0,1,0,0,0,0,0,0,0,0,0,0,0,0,0,1,31,2,1,0,0,0,0,0,0,0,0,0,0,0,0,0,0,0,7,21,0,0,1,0,0,1,0,0,0,0,0,0,0,0,0,0,0,0,0,10,1,0,0,0,0,0,0,0,0,0,0,0,0,0,0,0,0,9,-1,-1,-1,-1,-1,-1,-1,-1,-1,-1,-1,-1,-1,-1,-1,-1,-1,-1,-1,-1,0,0.978753,0,25535,5665,178,1,2,1,489,0,1,0,0,0,1
1,1,0,3,0,0,0,0,0,0,0,0,0,0,0,0,0,1,55,1,0,0,0,0,0,0,0,0,0,0,0,0,0,0,0,0,4,10,0,0,0,1,0,3,0,0,0,0,0,0,0,0,0,0,0,0,0,45,0,0,0,0,0,0,0,0,0,0,0,0,0,0,0,0,0,25,-1,-1,-1,-1,-1,-1,-1,-1,-1,-1,-1,-1,-1,-1,-1,-1,-1,-1,-1,-1,0,0.104534,0,29278,-1,-1,1,2,2,583,0,0,0,0,0,1
2,0,0,5,0,0,0,0,0,0,0,0,0,0,0,0,0,1,63,1,0,0,0,0,0,0,0,0,0,0,0,0,0,0,0,0,5,20,0,0,1,0,0,5,0,0,0,0,0,0,0,0,0,0,0,0,0,43,1,0,0,0,0,0,0,0,0,0,0,0,0,0,0,0,0,7,-1,-1,-1,-1,-1,-1,-1,-1,-1,-1,-1,-1,-1,-1,-1,-1,-1,-1,-1,-1,0,0.21736,1,20013,1488,337,1,2,1,14399,0,1,0,0,0,1
1,0,0,3,0,0,0,0,0,0,0,0,0,0,0,0,0,1,39,1,0,0,0,0,0,0,0,0,0,0,0,0,0,0,0,0,9,24,0,0,0,0,0,3,0,0,0,0,0,0,0,0,0,0,0,0,0,15,0,0,0,0,0,0,0,0,0,0,0,0,0,0,0,0,0,0,-1,-1,-1,-1,-1,-1,-1,-1,-1,-1,-1,-1,-1,-1,-1,-1,-1,-1,-1,-1,0,2.414458,0,13335,3477,174,2,2,1,289,1,0,0,0,0,1
1,0,0,0,0,0,0,0,0,0,0,0,0,0,0,0,0,1,11,1,0,0,0,0,0,0,0,0,0,0,0,0,0,0,0,0,4,11,0,0,-1,-1,-1,-1,-1,-1,-1,-1,-1,-1,-1,-1,-1,-1,-1,-1,-1,-1,-1,-1,-1,-1,-1,-1,-1,-1,-1,-1,-1,-1,-1,-1,-1,-1,-1,-1,-1,-1,-1,-1,-1,-1,-1,-1,-1,-1,-1,-1,-1,-1,-1,-1,-1,-1,-1,-1,0,0.32563200000000003,0,32181,6115,93,1,2,1,10973,0,0,0,0,0,0
2,0,1,4,0,0,0,0,0,0,0,0,0,0,0,0,0,1,59,1,0,0,0,0,0,0,0,0,0,0,0,0,0,0,0,0,4,11,0,0,1,0,1,4,0,0,0,0,0,0,0,0,0,0,0,0,0,48,1,0,0,0,0,0,0,0,0,0,0,0,0,0,0,0,0,10,-1,-1,-1,-1,-1,-1,-1,-1,-1,-1,-1,-1,-1,-1,-1,-1,-1,-1,-1,-1,0,0.400019,-1,198610,1580,245,1,4,2,291,0,0,0,0,0,1
2,0,0,3,0,0,0,0,0,0,0,0,0,0,0,0,0,1,50,2,0,0,0,0,0,0,0,0,0,0,0,0,0,0,0,0,6,16,0,0,0,0,0,3,0,0,0,0,0,0,0,0,0,0,0,0,0,34,0,0,0,0,0,0,0,0,0,0,0,0,0,0,0,0,0,0,-1,-1,-1,-1,-1,-1,-1,-1,-1,-1,-1,-1,-1,-1,-1,-1,-1,-1,-1,-1,0,0.243991,0,15169,-1,-1,1,4,5,298,1,0,0,0,0,1
1,0,0,2,0,0,0,0,0,0,0,0,0,0,0,0,0,1,31,1,0,0,0,0,0,0,0,0,0,0,0,0,0,0,0,0,5,11,0,0,0,0,0,2,0,0,0,0,0,0,0,0,0,0,0,0,0,20,0,0,0,0,0,0,0,0,0,0,0,0,0,0,0,0,0,8,-1,-1,-1,-1,-1,-1,-1,-1,-1,-1,-1,-1,-1,-1,-1,-1,-1,-1,-1,-1,0,1.072853,-1,46015,5958,250,1,2,1,14389,1,0,0,0,0,1
3,0,0,3,0,0,0,0,0,0,0,0,0,0,0,0,1,1,49,3,0,0,0,0,0,0,0,0,0,0,0,0,0,0,0,0,7,26,0,0,0,0,0,3,0,0,0,0,0,0,0,0,0,0,0,0,1,23,0,0,0,0,0,0,0,0,0,0,0,0,0,0,0,0,0,0,-1,-1,-1,-1,-1,-1,-1,-1,-1,-1,-1,-1,-1,-1,-1,-1,-1,-1,-1,-1,0,1.93512,0,32244,-1,-1,1,2,1,14398,0,0,0,0,0,1
1,3,0,1,0,0,0,0,0,0,0,0,0,0,0,0,0,1,23,1,3,0,0,0,0,0,0,0,0,0,0,0,0,0,0,0,6,22,0,0,0,0,0,1,0,0,0,0,0,0,0,0,0,0,0,0,0,1,0,0,0,0,0,0,0,0,0,0,0,0,0,0,0,0,0,0,-1,-1,-1,-1,-1,-1,-1,-1,-1,-1,-1,-1,-1,-1,-1,-1,-1,-1,-1,-1,0,0.877181,-1,22612,142,222,1,2,3,1196,1,0,0,0,0,1
3,0,0,1,0,0,0,0,0,0,0,0,0,0,0,0,0,1,30,3,0,0,0,0,0,0,0,0,0,0,0,0,0,0,0,0,10,29,0,0,0,0,0,1,0,0,0,0,0,0,0,0,0,0,0,0,0,1,0,0,0,0,0,0,0,0,0,0,0,0,0,0,0,0,0,0,-1,-1,-1,-1,-1,-1,-1,-1,-1,-1,-1,-1,-1,-1,-1,-1,-1,-1,-1,-1,0,0.39269,0,15169,5050,62,1,4,0,218,1,1,0,0,0,0
2,1,0,6,1,3,0,2,0,0,0,1,0,0,0,0,2,1,239,0,0,0,0,0,0,0,0,0,0,0,0,0,0,0,0,0,0,6,0,0,1,0,0,5,0,0,0,0,0,0,0,0,0,0,0,0,0,60,0,0,0,0,0,0,0,0,0,0,0,0,0,0,0,0,0,0,1,1,0,1,1,3,0,2,0,0,0,1,0,0,0,0,2,173,0,2,0,-1.0,0,-1,-1,-1,-1,4,0,-1,0,-1,0,0,0,1
2,0,0,0,0,0,0,0,0,0,0,0,0,0,0,0,0,1,16,2,0,0,0,0,0,0,0,0,0,0,0,0,0,0,0,0,5,16,0,0,-1,-1,-1,-1,-1,-1,-1,-1,-1,-1,-1,-1,-1,-1,-1,-1,-1,-1,-1,-1,-1,-1,-1,-1,-1,-1,-1,-1,-1,-1,-1,-1,-1,-1,-1,-1,-1,-1,-1,-1,-1,-1,-1,-1,-1,-1,-1,-1,-1,-1,-1,-1,-1,-1,-1,-1,0,0.122202,0,13335,5309,1264,2,2,7,299,1,0,0,0,0,0
2,0,0,3,0,0,0,0,0,0,0,0,0,0,0,0,0,1,40,1,0,0,0,0,0,0,0,0,0,0,0,0,0,0,0,0,6,15,0,0,1,0,0,3,0,0,0,0,0,0,0,0,0,0,0,0,0,25,1,0,0,0,0,0,0,0,0,0,0,0,0,0,0,0,0,12,-1,-1,-1,-1,-1,-1,-1,-1,-1,-1,-1,-1,-1,-1,-1,-1,-1,-1,-1,-1,0,0.442708,1,20013,2472,84,1,2,1,6409,0,0,0,0,0,1
4,1,0,4,0,0,0,0,0,0,0,0,0,0,0,0,0,2,65,1,1,0,0,0,0,0,0,0,0,0,0,0,0,0,0,0,12,24,0,0,3,0,0,4,0,0,0,0,0,0,0,0,0,0,0,0,0,41,0,0,0,0,0,0,0,0,0,0,0,0,0,0,0,0,0,0,-1,-1,-1,-1,-1,-1,-1,-1,-1,-1,-1,-1,-1,-1,-1,-1,-1,-1,-1,-1,0,0.089098,-1,39756,-1,-1,1,2,1,17938,0,0,0,0,0,1
2,0,0,0,0,0,0,0,0,0,0,0,0,0,0,0,0,1,17,2,0,0,0,0,0,0,0,0,0,0,0,0,0,0,0,0,6,17,0,0,-1,-1,-1,-1,-1,-1,-1,-1,-1,-1,-1,-1,-1,-1,-1,-1,-1,-1,-1,-1,-1,-1,-1,-1,-1,-1,-1,-1,-1,-1,-1,-1,-1,-1,-1,-1,-1,-1,-1,-1,-1,-1,-1,-1,-1,-1,-1,-1,-1,-1,-1,-1,-1,-1,-1,-1,0,0.147424,0,19324,6960,2901,1,4,3,58,1,1,0,0,0,0
4,0,0,3,0,0,0,0,0,0,0,0,0,0,0,0,0,1,43,3,0,0,0,0,0,0,0,0,0,0,0,0,0,0,0,0,6,20,0,0,1,0,0,3,0,0,0,0,0,0,0,0,0,0,0,0,0,23,1,0,0,0,0,0,0,0,0,0,0,0,0,0,0,0,0,6,-1,-1,-1,-1,-1,-1,-1,-1,-1,-1,-1,-1,-1,-1,-1,-1,-1,-1,-1,-1,0,0.261308,0,24940,-1,-1,1,2,2,3599,1,3,0,0,0,1
3,1,0,4,0,0,0,0,0,0,0,0,0,0,0,0,0,2,73,1,0,0,0,0,0,0,0,0,0,0,0,0,0,0,0,0,7,19,0,0,2,1,0,4,0,0,0,0,0,0,0,0,0,0,0,0,0,54,1,0,0,0,0,0,0,0,0,0,0,0,0,0,0,0,0,14,-1,-1,-1,-1,-1,-1,-1,-1,-1,-1,-1,-1,-1,-1,-1,-1,-1,-1,-1,-1,0,11.328972,1,20013,2279,276,1,2,1,14378,1,0,0,0,0,1
3,4,0,2,0,0,0,0,0,0,0,0,0,0,0,0,0,1,78,2,0,0,0,0,0,0,0,0,0,0,0,0,0,0,0,0,7,25,0,0,1,4,0,2,0,0,0,0,0,0,0,0,0,0,0,0,0,53,1,4,0,0,0,0,0,0,0,0,0,0,0,0,0,0,0,40,-1,-1,-1,-1,-1,-1,-1,-1,-1,-1,-1,-1,-1,-1,-1,-1,-1,-1,-1,-1,0,0.33773400000000003,0,16625,-1,-1,1,8,2,17,1,0,0,0,0,1
2,2,0,6,0,0,0,0,0,0,0,0,0,0,0,0,0,1,83,1,0,0,0,0,0,0,0,0,0,0,0,0,0,0,0,0,6,20,0,0,1,2,0,6,0,0,0,0,0,0,0,0,0,0,0,0,0,63,1,0,0,0,0,0,0,0,0,0,0,0,0,0,0,0,0,9,-1,-1,-1,-1,-1,-1,-1,-1,-1,-1,-1,-1,-1,-1,-1,-1,-1,-1,-1,-1,0,0.736108,1,46606,3572,79,1,2,1,21590,0,0,0,0,0,1
2,1,0,0,0,0,0,0,0,0,0,0,0,0,0,0,0,1,16,2,1,0,0,0,0,0,0,0,0,0,0,0,0,0,0,0,5,16,0,0,-1,-1,-1,-1,-1,-1,-1,-1,-1,-1,-1,-1,-1,-1,-1,-1,-1,-1,-1,-1,-1,-1,-1,-1,-1,-1,-1,-1,-1,-1,-1,-1,-1,-1,-1,-1,-1,-1,-1,-1,-1,-1,-1,-1,-1,-1,-1,-1,-1,-1,-1,-1,-1,-1,-1,-1,0,5.238861,0,50465,-1,-1,1,2,1,3586,0,0,0,0,0,0
2,1,0,2,0,0,0,0,0,0,0,0,0,0,0,0,0,1,63,2,1,0,0,0,0,0,0,0,0,0,0,0,0,0,0,0,6,23,0,0,0,0,0,2,0,0,0,0,0,0,0,0,0,0,0,0,0,40,0,0,0,0,0,0,0,0,0,0,0,0,0,0,0,0,0,32,-1,-1,-1,-1,-1,-1,-1,-1,-1,-1,-1,-1,-1,-1,-1,-1,-1,-1,-1,-1,0,0.859151,0,33494,6657,281,1,2,1,41,0,1,0,0,0,1
2,1,0,1,0,0,0,0,0,0,0,0,0,0,0,0,0,2,17,2,1,0,0,0,0,0,0,0,0,0,0,0,0,0,0,0,2,16,0,0,0,0,0,1,0,0,0,0,0,0,0,0,0,0,0,0,0,1,0,0,0,0,0,0,0,0,0,0,0,0,0,0,0,0,0,0,-1,-1,-1,-1,-1,-1,-1,-1,-1,-1,-1,-1,-1,-1,-1,-1,-1,-1,-1,-1,0,0.293477,1,13335,3019,1728,2,2,7,297,1,2,0,0,0,0
1,0,0,0,0,0,0,0,0,0,0,0,0,0,0,0,0,1,19,1,0,0,0,0,0,0,0,0,0,0,0,0,0,0,0,0,9,19,0,0,-1,-1,-1,-1,-1,-1,-1,-1,-1,-1,-1,-1,-1,-1,-1,-1,-1,-1,-1,-1,-1,-1,-1,-1,-1,-1,-1,-1,-1,-1,-1,-1,-1,-1,-1,-1,-1,-1,-1,-1,-1,-1,-1,-1,-1,-1,-1,-1,-1,-1,-1,-1,-1,-1,-1,-1,0,0.6997140000000001,0,-1,5007,105,1,2,3,590,1,0,0,0,0,0
2,0,0,4,0,0,0,0,0,0,0,0,0,0,0,0,0,1,48,1,0,0,0,0,0,0,0,0,0,0,0,0,0,0,0,0,4,15,0,0,1,0,0,4,0,0,0,0,0,0,0,0,0,0,0,0,0,33,1,0,0,0,0,0,0,0,0,0,0,0,0,0,0,0,0,10,-1,-1,-1,-1,-1,-1,-1,-1,-1,-1,-1,-1,-1,-1,-1,-1,-1,-1,-1,-1,0,0.692013,0,24446,5901,2499,1,2,1,7897,0,0,0,0,0,1
2,1,0,5,0,0,0,0,0,0,0,0,0,0,0,0,0,1,77,2,0,0,0,0,0,0,0,0,0,0,0,0,0,0,0,0,7,22,0,0,0,1,0,5,0,0,0,0,0,0,0,0,0,0,0,0,0,55,0,0,0,0,0,0,0,0,0,0,0,0,0,0,0,0,0,0,-1,-1,-1,-1,-1,-1,-1,-1,-1,-1,-1,-1,-1,-1,-1,-1,-1,-1,-1,-1,0,1.138498,-1,46606,-1,-1,1,2,1,225,1,0,0,0,0,1
1,0,2,2,0,2,0,1,0,0,0,0,0,0,0,0,0,1,61,1,0,0,0,0,0,0,0,0,0,0,0,0,0,0,0,0,5,11,0,0,0,0,0,2,0,0,0,0,0,0,0,0,0,0,0,0,0,8,0,0,0,0,0,0,0,0,0,0,0,0,0,0,0,0,0,5,0,0,2,0,0,2,0,1,0,0,0,0,0,0,0,0,0,42,0,2,0,0.554855,1,262254,29,335,1,3,7,522,1,0,0,0,0,1
3,0,0,1,0,0,0,0,0,0,0,0,0,0,0,0,0,1,17,3,0,0,0,0,0,0,0,0,0,0,0,0,0,0,0,0,3,16,0,0,0,0,0,1,0,0,0,0,0,0,0,0,0,0,0,0,0,1,0,0,0,0,0,0,0,0,0,0,0,0,0,0,0,0,0,0,-1,-1,-1,-1,-1,-1,-1,-1,-1,-1,-1,-1,-1,-1,-1,-1,-1,-1,-1,-1,0,1.018402,0,38843,1275,185,1,1,1,21583,0,0,0,0,0,0
3,0,0,5,1,1,1,0,0,0,0,0,0,0,0,0,0,2,72,1,0,0,0,0,0,0,0,0,0,0,0,0,0,0,0,0,4,12,0,0,1,0,0,5,0,0,0,0,0,0,0,0,0,0,0,0,0,36,1,0,0,0,0,0,0,0,0,0,0,0,0,0,0,0,0,9,1,0,0,0,1,1,1,0,0,0,0,0,0,0,0,0,0,24,1,1,1,2.698309,-1,32748,209,155,1,2,1,9836,0,0,0,0,0,1
2,0,0,3,0,0,0,0,0,0,0,0,0,0,0,0,0,1,44,2,0,0,0,0,0,0,0,0,0,0,0,0,0,0,0,0,6,16,0,0,0,0,0,3,0,0,0,0,0,0,0,0,0,0,0,0,0,28,0,0,0,0,0,0,0,0,0,0,0,0,0,0,0,0,0,0,-1,-1,-1,-1,-1,-1,-1,-1,-1,-1,-1,-1,-1,-1,-1,-1,-1,-1,-1,-1,0,0.233469,0,15169,-1,-1,1,4,5,129,1,0,0,0,0,1
6,0,0,6,0,3,0,2,0,0,0,0,0,0,0,0,0,1,144,1,0,0,0,0,0,0,0,0,0,0,0,0,0,0,0,0,11,24,0,0,1,0,0,6,0,0,0,0,0,0,0,0,0,0,0,0,0,47,1,0,0,0,0,0,0,0,0,0,0,0,0,0,0,0,0,7,4,0,0,0,0,3,0,2,0,0,0,0,0,0,0,0,0,73,0,1,0,0.551396,0,26496,3432,219,1,2,0,10201,0,0,0,0,0,1
2,0,0,0,0,0,0,0,0,0,0,0,0,0,0,0,0,1,17,2,0,0,0,0,0,0,0,0,0,0,0,0,0,0,0,0,4,17,0,0,-1,-1,-1,-1,-1,-1,-1,-1,-1,-1,-1,-1,-1,-1,-1,-1,-1,-1,-1,-1,-1,-1,-1,-1,-1,-1,-1,-1,-1,-1,-1,-1,-1,-1,-1,-1,-1,-1,-1,-1,-1,-1,-1,-1,-1,-1,-1,-1,-1,-1,-1,-1,-1,-1,-1,-1,0,-1.0,0,-1,5605,2065,1,2,2,21597,0,-1,0,0,0,0
3,2,0,7,0,1,1,0,0,0,0,0,0,0,0,0,0,2,99,1,0,0,0,0,0,0,0,0,0,0,0,0,0,0,0,0,8,14,0,0,1,1,0,7,0,0,0,0,0,0,0,0,0,0,0,0,0,56,1,0,0,0,0,0,0,0,0,0,0,0,0,0,0,0,0,10,1,1,0,0,0,1,1,0,0,0,0,0,0,0,0,0,0,29,1,1,1,0.816578,0,16347,1166,294,1,2,1,21520,0,0,0,0,0,1
1,1,0,5,0,1,0,0,0,0,0,0,0,0,0,0,0,1,69,1,0,0,0,0,0,0,0,0,0,0,0,0,0,0,0,0,3,13,0,0,0,1,0,5,0,0,0,0,0,0,0,0,0,0,0,0,0,50,0,0,0,0,0,0,0,0,0,0,0,0,0,0,0,0,0,0,0,0,0,0,0,1,0,0,0,0,0,0,0,0,0,0,0,6,0,0,0,0.508917,-1,12876,231,133,1,4,1,297,1,1,0,0,0,1
2,0,0,0,0,0,0,0,0,0,0,0,0,0,0,0,0,1,17,2,0,0,0,0,0,0,0,0,0,0,0,0,0,0,0,0,4,17,0,0,-1,-1,-1,-1,-1,-1,-1,-1,-1,-1,-1,-1,-1,-1,-1,-1,-1,-1,-1,-1,-1,-1,-1,-1,-1,-1,-1,-1,-1,-1,-1,-1,-1,-1,-1,-1,-1,-1,-1,-1,-1,-1,-1,-1,-1,-1,-1,-1,-1,-1,-1,-1,-1,-1,-1,-1,0,0.077471,-1,35415,335,29,1,2,1,14392,0,1,0,0,0,0
6,0,0,6,0,2,0,2,0,0,0,0,0,0,0,0,0,1,135,1,0,0,0,0,0,0,0,0,0,0,0,0,0,0,0,0,11,24,0,0,1,0,0,6,0,0,0,0,0,0,0,0,0,0,0,0,0,47,1,0,0,0,0,0,0,0,0,0,0,0,0,0,0,0,0,7,4,0,0,0,0,2,0,2,0,0,0,0,0,0,0,0,0,64,0,1,0,0.5579970000000001,0,26496,3433,218,1,2,0,1226,0,0,0,0,0,1
3,0,0,2,0,0,0,0,0,0,0,0,0,0,0,0,0,1,35,2,0,0,0,0,0,0,0,0,0,0,0,0,0,0,0,0,6,20,0,0,1,0,0,2,0,0,0,0,0,0,0,0,0,0,0,0,0,15,1,0,0,0,0,0,0,0,0,0,0,0,0,0,0,0,0,9,-1,-1,-1,-1,-1,-1,-1,-1,-1,-1,-1,-1,-1,-1,-1,-1,-1,-1,-1,-1,0,1.083321,-1,20013,3267,19,1,2,1,14391,0,0,0,0,0,1
4,0,0,2,0,0,0,0,0,0,0,0,0,0,0,0,0,1,44,3,0,0,0,0,0,0,0,0,0,0,0,0,0,0,0,0,7,28,0,0,1,0,0,2,0,0,0,0,0,0,0,0,0,0,0,0,0,16,1,0,0,0,0,0,0,0,0,0,0,0,0,0,0,0,0,9,-1,-1,-1,-1,-1,-1,-1,-1,-1,-1,-1,-1,-1,-1,-1,-1,-1,-1,-1,-1,0,1.627543,0,51430,-1,-1,1,2,1,14349,1,1,0,0,0,1
2,0,0,1,0,0,0,0,0,0,0,0,0,0,0,0,0,1,23,2,0,0,0,0,0,0,0,0,0,0,0,0,0,0,0,0,5,22,0,0,0,0,0,1,0,0,0,0,0,0,0,0,0,0,0,0,0,1,0,0,0,0,0,0,0,0,0,0,0,0,0,0,0,0,0,0,-1,-1,-1,-1,-1,-1,-1,-1,-1,-1,-1,-1,-1,-1,-1,-1,-1,-1,-1,-1,0,0.8010430000000001,0,15169,-1,-1,1,4,0,291,1,1,0,0,0,1
3,0,1,3,0,3,0,2,0,0,0,0,0,0,0,0,0,1,199,2,0,0,0,0,0,0,0,0,0,0,0,0,0,0,0,0,3,12,0,0,1,0,0,3,0,0,0,0,0,0,0,0,0,0,0,0,0,30,1,0,0,0,0,0,0,0,0,0,0,0,0,0,0,0,0,9,0,0,1,0,0,3,0,2,0,0,0,0,0,0,0,0,0,157,0,3,0,-1.0,0,24940,-1,-1,1,4,0,7192,0,-1,0,0,0,1
2,0,0,0,0,0,0,0,0,0,0,0,0,0,0,0,0,1,13,2,0,0,0,0,0,0,0,0,0,0,0,0,0,0,0,0,5,13,0,0,-1,-1,-1,-1,-1,-1,-1,-1,-1,-1,-1,-1,-1,-1,-1,-1,-1,-1,-1,-1,-1,-1,-1,-1,-1,-1,-1,-1,-1,-1,-1,-1,-1,-1,-1,-1,-1,-1,-1,-1,-1,-1,-1,-1,-1,-1,-1,-1,-1,-1,-1,-1,-1,-1,-1,-1,0,-1.0,0,-1,-1,-1,-1,4,0,-1,0,-1,0,0,0,0
3,1,0,4,0,0,0,0,0,0,0,0,0,0,0,0,0,1,109,2,1,0,0,0,0,0,0,0,0,0,0,0,0,0,0,0,4,18,0,0,1,0,0,4,0,0,0,0,0,0,0,0,0,0,0,0,0,91,1,0,0,0,0,0,0,0,0,0,0,0,0,0,0,0,0,9,-1,-1,-1,-1,-1,-1,-1,-1,-1,-1,-1,-1,-1,-1,-1,-1,-1,-1,-1,-1,0,0.403053,0,8342,1197,263,1,4,0,10798,0,1,0,0,0,1
1,0,0,0,0,0,0,0,0,0,0,0,0,0,0,0,0,1,11,1,0,0,0,0,0,0,0,0,0,0,0,0,0,0,0,0,4,11,0,0,-1,-1,-1,-1,-1,-1,-1,-1,-1,-1,-1,-1,-1,-1,-1,-1,-1,-1,-1,-1,-1,-1,-1,-1,-1,-1,-1,-1,-1,-1,-1,-1,-1,-1,-1,-1,-1,-1,-1,-1,-1,-1,-1,-1,-1,-1,-1,-1,-1,-1,-1,-1,-1,-1,-1,-1,0,0.248418,0,29789,4000,1478,1,2,1,886,1,1,0,0,0,0
5,1,0,5,0,1,1,0,0,0,0,0,0,0,0,0,0,2,97,2,0,0,0,0,0,0,0,0,0,0,0,0,0,0,0,0,7,20,0,0,1,1,0,5,0,0,0,0,0,0,0,0,0,0,0,0,0,50,1,0,0,0,0,0,0,0,0,0,0,0,0,0,0,0,0,6,2,0,0,0,0,1,1,0,0,0,0,0,0,0,0,0,0,27,1,1,1,0.511008,-1,22611,1052,43,1,2,1,44,0,1,0,0,0,1
2,0,0,1,0,0,0,0,0,0,0,0,0,0,0,0,0,1,21,2,0,0,0,0,0,0,0,0,0,0,0,0,0,0,0,0,6,20,0,0,0,0,0,1,0,0,0,0,0,0,0,0,0,0,0,0,0,1,0,0,0,0,0,0,0,0,0,0,0,0,0,0,0,0,0,0,-1,-1,-1,-1,-1,-1,-1,-1,-1,-1,-1,-1,-1,-1,-1,-1,-1,-1,-1,-1,0,5.566978,0,8972,5769,74,1,2,1,21598,0,0,0,0,0,0
5,0,0,3,0,2,1,1,0,0,0,0,0,0,0,0,0,2,205,3,0,0,0,0,0,0,0,0,0,0,0,0,0,0,0,0,2,16,0,0,1,0,0,3,0,0,0,0,0,0,0,0,0,0,0,0,0,16,1,0,0,0,0,0,0,0,0,0,0,0,0,0,0,0,0,9,1,0,0,0,0,2,1,1,0,0,0,0,0,0,0,0,0,173,1,2,1,0.451037,1,46606,-1,-1,1,2,1,1461,1,1,0,0,0,1
2,5,0,4,0,0,0,0,0,0,0,0,0,0,0,0,0,1,72,1,0,0,0,0,0,0,0,0,0,0,0,0,0,0,0,0,4,14,0,0,0,5,0,4,0,0,0,0,0,0,0,0,0,0,0,0,0,46,0,0,0,0,0,0,0,0,0,0,0,0,0,0,0,0,0,0,-1,-1,-1,-1,-1,-1,-1,-1,-1,-1,-1,-1,-1,-1,-1,-1,-1,-1,-1,-1,0,-1.0,0,14061,3166,120,1,2,5,592,0,-1,0,0,0,0
3,0,0,6,0,0,0,0,0,0,0,0,0,0,0,0,0,1,71,2,0,0,0,0,0,0,0,0,0,0,0,0,0,0,0,0,8,26,0,0,1,0,0,6,0,0,0,0,0,0,0,0,0,0,0,0,0,45,1,0,0,0,0,0,0,0,0,0,0,0,0,0,0,0,0,9,-1,-1,-1,-1,-1,-1,-1,-1,-1,-1,-1,-1,-1,-1,-1,-1,-1,-1,-1,-1,0,0.092825,0,-1,3131,155,2,2,1,898,0,0,0,0,0,1
2,0,0,0,0,0,0,0,0,0,0,0,0,0,0,0,0,1,19,2,0,0,0,0,0,0,0,0,0,0,0,0,0,0,0,0,6,19,0,0,-1,-1,-1,-1,-1,-1,-1,-1,-1,-1,-1,-1,-1,-1,-1,-1,-1,-1,-1,-1,-1,-1,-1,-1,-1,-1,-1,-1,-1,-1,-1,-1,-1,-1,-1,-1,-1,-1,-1,-1,-1,-1,-1,-1,-1,-1,-1,-1,-1,-1,-1,-1,-1,-1,-1,-1,0,0.8489629999999999,0,6364,8086,678,1,8,1,3599,0,0,0,0,0,0
5,0,0,1,0,0,0,0,0,0,0,0,0,0,0,0,0,1,35,3,0,0,0,0,0,0,0,0,0,0,0,0,0,0,0,0,10,22,0,0,2,0,0,1,0,0,0,0,0,0,0,0,0,0,0,0,0,13,2,0,0,0,0,0,0,0,0,0,0,0,0,0,0,0,0,12,-1,-1,-1,-1,-1,-1,-1,-1,-1,-1,-1,-1,-1,-1,-1,-1,-1,-1,-1,-1,0,1.342197,-1,58487,-1,-1,1,4,5,700,1,0,0,0,0,1
2,0,0,0,0,0,0,0,0,0,0,0,0,0,0,0,0,1,19,2,0,0,0,0,0,0,0,0,0,0,0,0,0,0,0,0,6,19,0,0,-1,-1,-1,-1,-1,-1,-1,-1,-1,-1,-1,-1,-1,-1,-1,-1,-1,-1,-1,-1,-1,-1,-1,-1,-1,-1,-1,-1,-1,-1,-1,-1,-1,-1,-1,-1,-1,-1,-1,-1,-1,-1,-1,-1,-1,-1,-1,-1,-1,-1,-1,-1,-1,-1,-1,-1,0,-1.0,-1,32592,385,344,1,1,2,296,0,-1,0,0,0,0
2,0,0,3,0,0,0,0,0,0,0,0,0,0,0,0,0,1,43,2,0,0,0,0,0,0,0,0,0,0,0,0,0,0,0,0,6,16,0,0,0,0,0,3,0,0,0,0,0,0,0,0,0,0,0,0,0,27,0,0,0,0,0,0,0,0,0,0,0,0,0,0,0,0,0,0,-1,-1,-1,-1,-1,-1,-1,-1,-1,-1,-1,-1,-1,-1,-1,-1,-1,-1,-1,-1,0,0.25328,0,15169,-1,-1,1,4,5,292,1,1,0,0,0,1
1,1,0,1,0,0,0,0,0,0,0,0,0,0,0,0,0,1,20,1,1,0,0,0,0,0,0,0,0,0,0,0,0,0,0,0,7,19,0,0,0,0,0,1,0,0,0,0,0,0,0,0,0,0,0,0,0,1,0,0,0,0,0,0,0,0,0,0,0,0,0,0,0,0,0,0,-1,-1,-1,-1,-1,-1,-1,-1,-1,-1,-1,-1,-1,-1,-1,-1,-1,-1,-1,-1,0,3.139508,-1,13335,3589,62,2,2,1,293,1,0,0,0,0,0
2,0,0,0,0,0,0,0,0,0,0,0,0,0,0,0,0,1,10,2,0,0,0,0,0,0,0,0,0,0,0,0,0,0,0,0,2,10,0,0,-1,-1,-1,-1,-1,-1,-1,-1,-1,-1,-1,-1,-1,-1,-1,-1,-1,-1,-1,-1,-1,-1,-1,-1,-1,-1,-1,-1,-1,-1,-1,-1,-1,-1,-1,-1,-1,-1,-1,-1,-1,-1,-1,-1,-1,-1,-1,-1,-1,-1,-1,-1,-1,-1,-1,-1,0,4.081904,1,-1,6542,449,1,2,3,7438,1,2,0,0,0,0
2,1,0,0,0,0,0,0,0,0,0,0,0,0,0,0,0,2,28,2,1,0,0,0,0,0,0,0,0,0,0,0,0,0,0,0,7,28,0,0,-1,-1,-1,-1,-1,-1,-1,-1,-1,-1,-1,-1,-1,-1,-1,-1,-1,-1,-1,-1,-1,-1,-1,-1,-1,-1,-1,-1,-1,-1,-1,-1,-1,-1,-1,-1,-1,-1,-1,-1,-1,-1,-1,-1,-1,-1,-1,-1,-1,-1,-1,-1,-1,-1,-1,-1,0,0.229456,0,13335,6898,772,2,2,1,299,1,1,0,0,0,0
3,0,0,1,0,0,0,0,0,0,0,0,0,0,0,0,0,1,27,2,0,0,0,0,0,0,0,0,0,0,0,0,0,0,0,0,5,11,0,0,1,0,0,1,0,0,0,0,0,0,0,0,0,0,0,0,0,16,1,0,0,0,0,0,0,0,0,0,0,0,0,0,0,0,0,15,-1,-1,-1,-1,-1,-1,-1,-1,-1,-1,-1,-1,-1,-1,-1,-1,-1,-1,-1,-1,0,0.960377,1,24446,-1,-1,1,4,3,47,1,0,0,0,0,1
2,1,0,0,0,0,0,0,0,0,0,0,0,0,0,0,0,1,17,2,1,0,0,0,0,0,0,0,0,0,0,0,0,0,0,0,4,17,0,0,-1,-1,-1,-1,-1,-1,-1,-1,-1,-1,-1,-1,-1,-1,-1,-1,-1,-1,-1,-1,-1,-1,-1,-1,-1,-1,-1,-1,-1,-1,-1,-1,-1,-1,-1,-1,-1,-1,-1,-1,-1,-1,-1,-1,-1,-1,-1,-1,-1,-1,-1,-1,-1,-1,-1,-1,0,0.271329,0,197772,7058,246,1,2,1,18739,0,1,0,0,0,0
2,1,8,3,0,6,0,5,0,0,0,0,0,0,0,0,5,1,337,2,0,0,0,0,0,0,0,0,0,0,0,0,0,0,0,0,3,12,0,0,0,0,0,3,0,0,0,0,0,0,0,0,0,0,0,0,0,49,0,0,0,0,0,0,0,0,0,0,0,0,0,0,0,0,0,32,0,1,8,0,0,6,0,5,0,0,0,0,0,0,0,0,5,276,0,6,0,1.294065,0,-1,-1,-1,2,2,5,56,1,0,0,0,0,1
3,0,0,5,0,0,0,0,0,0,0,0,0,0,0,0,0,1,139,2,0,0,0,0,0,0,0,0,0,0,0,0,0,0,0,0,4,50,0,0,1,0,0,5,0,0,0,0,0,0,0,0,0,0,0,0,0,89,1,0,0,0,0,0,0,0,0,0,0,0,0,0,0,0,0,10,-1,-1,-1,-1,-1,-1,-1,-1,-1,-1,-1,-1,-1,-1,-1,-1,-1,-1,-1,-1,0,0.373393,0,47583,-1,-1,1,1,1,52,1,0,0,0,0,1
1,0,0,4,0,0,0,0,0,0,0,0,0,0,0,0,0,1,64,1,0,0,0,0,0,0,0,0,0,0,0,0,0,0,0,0,7,18,0,0,0,0,0,4,0,0,0,0,0,0,0,0,0,0,0,0,0,46,0,0,0,0,0,0,0,0,0,0,0,0,0,0,0,0,0,0,-1,-1,-1,-1,-1,-1,-1,-1,-1,-1,-1,-1,-1,-1,-1,-1,-1,-1,-1,-1,0,0.890123,0,32475,271,458,1,2,1,6140,0,0,0,0,0,1
3,0,0,0,0,0,0,0,0,0,0,0,0,0,0,0,0,1,18,3,0,0,0,0,0,0,0,0,0,0,0,0,0,0,0,0,5,18,0,0,-1,-1,-1,-1,-1,-1,-1,-1,-1,-1,-1,-1,-1,-1,-1,-1,-1,-1,-1,-1,-1,-1,-1,-1,-1,-1,-1,-1,-1,-1,-1,-1,-1,-1,-1,-1,-1,-1,-1,-1,-1,-1,-1,-1,-1,-1,-1,-1,-1,-1,-1,-1,-1,-1,-1,-1,0,2.568163,0,9116,-1,-1,1,2,2,21598,1,1,0,0,0,0
2,7,0,2,0,0,0,0,0,0,0,0,0,0,0,0,0,1,82,2,0,0,0,0,0,0,0,0,0,0,0,0,0,0,0,0,5,19,0,0,0,7,0,2,0,0,0,0,0,0,0,0,0,0,0,0,0,63,0,0,0,0,0,0,0,0,0,0,0,0,0,0,0,0,0,0,-1,-1,-1,-1,-1,-1,-1,-1,-1,-1,-1,-1,-1,-1,-1,-1,-1,-1,-1,-1,0,0.363109,0,14061,1278,182,1,2,2,578,0,0,0,0,0,1
2,0,0,0,0,0,0,0,0,0,0,0,0,0,0,0,0,1,14,2,0,0,0,0,0,0,0,0,0,0,0,0,0,0,0,0,4,14,0,0,-1,-1,-1,-1,-1,-1,-1,-1,-1,-1,-1,-1,-1,-1,-1,-1,-1,-1,-1,-1,-1,-1,-1,-1,-1,-1,-1,-1,-1,-1,-1,-1,-1,-1,-1,-1,-1,-1,-1,-1,-1,-1,-1,-1,-1,-1,-1,-1,-1,-1,-1,-1,-1,-1,-1,-1,0,0.29586,0,25385,6940,390,1,3,5,1798,0,0,0,0,0,0
2,1,0,4,0,0,0,0,0,0,0,0,0,0,0,0,0,1,42,2,1,0,0,0,0,0,0,0,0,0,0,0,0,0,0,0,6,19,0,0,0,0,0,4,0,0,0,0,0,0,0,0,0,0,0,0,0,23,0,0,0,0,0,0,0,0,0,0,0,0,0,0,0,0,0,0,-1,-1,-1,-1,-1,-1,-1,-1,-1,-1,-1,-1,-1,-1,-1,-1,-1,-1,-1,-1,0,1.056609,0,12876,-1,-1,1,2,2,21591,0,0,0,0,0,1
2,0,0,0,0,0,0,0,0,0,0,0,0,0,0,0,0,1,15,2,0,0,0,0,0,0,0,0,0,0,0,0,0,0,0,0,4,15,0,0,-1,-1,-1,-1,-1,-1,-1,-1,-1,-1,-1,-1,-1,-1,-1,-1,-1,-1,-1,-1,-1,-1,-1,-1,-1,-1,-1,-1,-1,-1,-1,-1,-1,-1,-1,-1,-1,-1,-1,-1,-1,-1,-1,-1,-1,-1,-1,-1,-1,-1,-1,-1,-1,-1,-1,-1,0,1.889942,0,48347,7288,25,1,3,2,897,0,0,0,0,0,0
2,0,1,1,0,0,0,0,0,0,0,0,0,0,0,0,0,1,25,2,0,0,0,0,0,0,0,0,0,0,0,0,0,0,0,0,3,13,0,0,0,0,1,1,0,0,0,0,0,0,0,0,0,0,0,0,0,12,0,0,1,0,0,0,0,0,0,0,0,0,0,0,0,0,0,11,-1,-1,-1,-1,-1,-1,-1,-1,-1,-1,-1,-1,-1,-1,-1,-1,-1,-1,-1,-1,0,0.556633,0,47583,-1,-1,1,4,1,14392,0,1,0,0,0,1
2,0,0,1,0,0,0,0,0,0,0,0,0,0,0,0,0,1,13,2,0,0,0,0,0,0,0,0,0,0,0,0,0,0,0,0,2,12,0,0,0,0,0,1,0,0,0,0,0,0,0,0,0,0,0,0,0,1,0,0,0,0,0,0,0,0,0,0,0,0,0,0,0,0,0,0,-1,-1,-1,-1,-1,-1,-1,-1,-1,-1,-1,-1,-1,-1,-1,-1,-1,-1,-1,-1,0,0.186072,0,20940,1920,1001,1,5,5,59,1,0,0,0,0,0
2,0,0,1,0,0,0,0,0,0,0,0,0,0,0,0,0,1,20,2,0,0,0,0,0,0,0,0,0,0,0,0,0,0,0,0,4,19,0,0,0,0,0,1,0,0,0,0,0,0,0,0,0,0,0,0,0,1,0,0,0,0,0,0,0,0,0,0,0,0,0,0,0,0,0,0,-1,-1,-1,-1,-1,-1,-1,-1,-1,-1,-1,-1,-1,-1,-1,-1,-1,-1,-1,-1,0,1.987671,-1,36351,2999,287,1,3,1,21590,0,0,0,0,0,0
2,0,0,1,0,0,0,0,0,0,0,0,0,0,0,0,0,1,22,2,0,0,0,0,0,0,0,0,0,0,0,0,0,0,0,0,4,21,0,0,0,0,0,1,0,0,0,0,0,0,0,0,0,0,0,0,0,1,0,0,0,0,0,0,0,0,0,0,0,0,0,0,0,0,0,0,-1,-1,-1,-1,-1,-1,-1,-1,-1,-1,-1,-1,-1,-1,-1,-1,-1,-1,-1,-1,0,0.358554,0,47583,-1,-1,1,4,1,14392,0,0,0,0,0,1
1,0,0,0,0,0,0,0,0,0,0,0,0,0,0,0,0,1,16,1,0,0,0,0,0,0,0,0,0,0,0,0,0,0,0,0,6,16,0,0,-1,-1,-1,-1,-1,-1,-1,-1,-1,-1,-1,-1,-1,-1,-1,-1,-1,-1,-1,-1,-1,-1,-1,-1,-1,-1,-1,-1,-1,-1,-1,-1,-1,-1,-1,-1,-1,-1,-1,-1,-1,-1,-1,-1,-1,-1,-1,-1,-1,-1,-1,-1,-1,-1,-1,-1,0,0.513376,-1,5577,4716,396,12,3,2,9,1,2,0,0,0,0
2,0,0,1,0,0,0,0,0,0,0,0,0,0,0,0,0,1,32,2,0,0,0,0,0,0,0,0,0,0,0,0,0,0,0,0,7,25,0,0,0,0,0,1,0,0,0,0,0,0,0,0,0,0,0,0,0,1,0,0,0,0,0,0,0,0,0,0,0,0,0,0,0,0,0,0,0,0,0,0,0,0,0,0,0,0,0,0,0,0,0,0,0,6,0,0,0,0.169595,0,24940,-1,-1,1,2,0,283,1,0,0,0,0,1
3,0,0,1,0,0,0,0,0,0,0,0,0,0,0,0,0,1,15,3,0,0,0,0,0,0,0,0,0,0,0,0,0,0,0,0,2,14,0,0,0,0,0,1,0,0,0,0,0,0,0,0,0,0,0,0,0,1,0,0,0,0,0,0,0,0,0,0,0,0,0,0,0,0,0,0,-1,-1,-1,-1,-1,-1,-1,-1,-1,-1,-1,-1,-1,-1,-1,-1,-1,-1,-1,-1,0,1.090039,0,37313,-1,-1,1,4,2,1525,0,0,0,0,0,0
2,0,0,1,0,0,0,0,0,0,0,0,0,0,0,0,0,1,31,2,0,0,0,0,0,0,0,0,0,0,0,0,0,0,0,0,12,30,0,0,0,0,0,1,0,0,0,0,0,0,0,0,0,0,0,0,0,1,0,0,0,0,0,0,0,0,0,0,0,0,0,0,0,0,0,0,-1,-1,-1,-1,-1,-1,-1,-1,-1,-1,-1,-1,-1,-1,-1,-1,-1,-1,-1,-1,0,0.994949,0,15169,-1,-1,1,4,0,95,1,0,0,0,0,0
1,0,0,0,0,0,0,0,0,0,0,0,0,0,0,0,0,1,8,1,0,0,0,0,0,0,0,0,0,0,0,0,0,0,0,0,2,8,0,0,-1,-1,-1,-1,-1,-1,-1,-1,-1,-1,-1,-1,-1,-1,-1,-1,-1,-1,-1,-1,-1,-1,-1,-1,-1,-1,-1,-1,-1,-1,-1,-1,-1,-1,-1,-1,-1,-1,-1,-1,-1,-1,-1,-1,-1,-1,-1,-1,-1,-1,-1,-1,-1,-1,-1,-1,0,0.4721010000000001,-1,-1,9879,346,1,4,1,174,0,1,0,0,0,0
1,0,1,1,0,0,0,0,0,0,0,0,0,0,0,0,0,1,19,1,0,0,0,0,0,0,0,0,0,0,0,0,0,0,0,0,3,11,0,0,0,0,1,1,0,0,0,0,0,0,0,0,0,0,0,0,0,8,0,0,1,0,0,0,0,0,0,0,0,0,0,0,0,0,0,7,-1,-1,-1,-1,-1,-1,-1,-1,-1,-1,-1,-1,-1,-1,-1,-1,-1,-1,-1,-1,0,0.233547,1,13414,6830,474,2,12,5,1362,1,0,0,0,0,0
2,0,0,0,0,0,0,0,0,0,0,0,0,0,0,0,0,1,20,2,0,0,0,0,0,0,0,0,0,0,0,0,0,0,0,0,5,20,0,0,-1,-1,-1,-1,-1,-1,-1,-1,-1,-1,-1,-1,-1,-1,-1,-1,-1,-1,-1,-1,-1,-1,-1,-1,-1,-1,-1,-1,-1,-1,-1,-1,-1,-1,-1,-1,-1,-1,-1,-1,-1,-1,-1,-1,-1,-1,-1,-1,-1,-1,-1,-1,-1,-1,-1,-1,0,-1.0,0,-1,-1,-1,-1,4,0,-1,0,-1,0,0,0,0
2,0,0,4,0,0,0,0,0,0,0,0,0,0,0,0,0,1,63,2,0,0,0,0,0,0,0,0,0,0,0,0,0,0,0,0,13,37,0,0,0,0,0,4,0,0,0,0,0,0,0,0,0,0,0,0,0,26,0,0,0,0,0,0,0,0,0,0,0,0,0,0,0,0,0,0,-1,-1,-1,-1,-1,-1,-1,-1,-1,-1,-1,-1,-1,-1,-1,-1,-1,-1,-1,-1,0,0.31248400000000004,0,47583,-1,-1,1,1,1,55,1,0,0,0,0,1
2,0,0,3,0,0,0,0,0,0,0,0,0,0,0,0,0,1,36,2,0,0,0,0,0,0,0,0,0,0,0,0,0,0,0,0,10,25,0,0,0,0,0,3,0,0,0,0,0,0,0,0,0,0,0,0,0,11,0,0,0,0,0,0,0,0,0,0,0,0,0,0,0,0,0,0,-1,-1,-1,-1,-1,-1,-1,-1,-1,-1,-1,-1,-1,-1,-1,-1,-1,-1,-1,-1,0,-1.0,0,3595,2177,377,1,2,1,14390,1,0,0,0,0,1
3,0,0,2,0,0,0,0,0,0,0,0,0,0,0,0,0,1,43,2,0,0,0,0,0,0,0,0,0,0,0,0,0,0,0,0,6,17,0,0,1,0,0,2,0,0,0,0,0,0,0,0,0,0,0,0,0,22,1,0,0,0,0,0,0,0,0,0,0,0,0,0,0,0,0,12,-1,-1,-1,-1,-1,-1,-1,-1,-1,-1,-1,-1,-1,-1,-1,-1,-1,-1,-1,-1,0,-1.0,0,-1,-1,-1,-1,2,1,-1,0,-1,0,0,0,0
4,0,0,3,0,0,0,0,0,0,0,0,0,0,0,0,0,1,23,2,0,0,0,0,0,0,0,0,0,0,0,0,0,0,0,0,5,16,0,0,2,0,0,3,0,0,0,0,0,0,0,0,0,0,0,0,0,7,0,0,0,0,0,0,0,0,0,0,0,0,0,0,0,0,0,0,-1,-1,-1,-1,-1,-1,-1,-1,-1,-1,-1,-1,-1,-1,-1,-1,-1,-1,-1,-1,0,0.228234,-1,16276,3216,70,1,4,1,10344,1,0,0,0,0,1
3,1,0,2,0,0,0,0,0,0,0,0,0,0,0,0,0,1,37,1,1,0,0,0,0,0,0,0,0,0,0,0,0,0,0,0,1,8,0,0,2,0,0,2,0,0,0,0,0,0,0,0,0,0,0,0,0,29,1,0,0,0,0,0,0,0,0,0,0,0,0,0,0,0,0,21,-1,-1,-1,-1,-1,-1,-1,-1,-1,-1,-1,-1,-1,-1,-1,-1,-1,-1,-1,-1,0,0.463245,-1,40034,545,184,1,2,0,292,0,0,0,0,0,1
2,1,0,2,0,1,0,0,0,0,0,0,0,0,0,0,0,2,44,1,1,0,0,0,0,0,0,0,0,0,0,0,0,0,0,0,3,12,0,0,0,0,0,2,0,0,0,0,0,0,0,0,0,0,0,0,0,6,0,0,0,0,0,0,0,0,0,0,0,0,0,0,0,0,0,0,1,0,0,0,0,1,0,0,0,0,0,0,0,0,0,0,0,26,1,1,0,1.324588,-1,198385,2064,126,1,2,1,4326,0,0,0,0,0,1
1,1,0,1,0,0,0,0,0,0,0,0,0,0,0,0,0,1,28,1,1,0,0,0,0,0,0,0,0,0,0,0,0,0,0,0,11,27,0,0,0,0,0,1,0,0,0,0,0,0,0,0,0,0,0,0,0,1,0,0,0,0,0,0,0,0,0,0,0,0,0,0,0,0,0,0,-1,-1,-1,-1,-1,-1,-1,-1,-1,-1,-1,-1,-1,-1,-1,-1,-1,-1,-1,-1,0,0.750062,0,36351,34,330,1,2,1,14390,1,0,0,0,0,1
2,0,0,0,0,0,0,0,0,0,0,0,0,0,0,0,0,1,11,2,0,0,0,0,0,0,0,0,0,0,0,0,0,0,0,0,1,11,0,0,-1,-1,-1,-1,-1,-1,-1,-1,-1,-1,-1,-1,-1,-1,-1,-1,-1,-1,-1,-1,-1,-1,-1,-1,-1,-1,-1,-1,-1,-1,-1,-1,-1,-1,-1,-1,-1,-1,-1,-1,-1,-1,-1,-1,-1,-1,-1,-1,-1,-1,-1,-1,-1,-1,-1,-1,0,-1.0,0,-1,-1,-1,-1,2,1,-1,0,-1,0,0,0,0
4,0,0,0,0,0,0,0,0,0,0,0,0,0,0,0,0,1,28,4,0,0,0,0,0,0,0,0,0,0,0,0,0,0,0,0,7,28,0,0,-1,-1,-1,-1,-1,-1,-1,-1,-1,-1,-1,-1,-1,-1,-1,-1,-1,-1,-1,-1,-1,-1,-1,-1,-1,-1,-1,-1,-1,-1,-1,-1,-1,-1,-1,-1,-1,-1,-1,-1,-1,-1,-1,-1,-1,-1,-1,-1,-1,-1,-1,-1,-1,-1,-1,-1,0,3.4444760000000003,0,262744,8490,-1,-1,1,1,-1,0,0,0,0,0,0
3,0,0,3,0,0,0,0,0,0,0,0,0,0,0,0,0,1,49,2,0,0,0,0,0,0,0,0,0,0,0,0,0,0,0,0,4,16,0,0,1,0,0,3,0,0,0,0,0,0,0,0,0,0,0,0,0,33,1,0,0,0,0,0,0,0,0,0,0,0,0,0,0,0,0,8,-1,-1,-1,-1,-1,-1,-1,-1,-1,-1,-1,-1,-1,-1,-1,-1,-1,-1,-1,-1,0,0.293562,0,6188,5629,214,1,2,1,21580,0,0,0,0,0,0
3,1,2,1,0,2,0,1,0,0,0,0,0,0,0,0,0,2,67,2,1,0,0,0,0,0,0,0,0,0,0,0,0,0,0,0,8,26,0,0,0,0,0,1,0,0,0,0,0,0,0,0,0,0,0,0,0,1,0,0,0,0,0,0,0,0,0,0,0,0,0,0,0,0,0,0,1,0,2,0,0,2,0,1,0,0,0,0,0,0,0,0,0,40,1,2,0,0.171763,0,22612,-1,-1,1,2,1,1192,0,0,0,0,0,1
1,0,0,0,0,0,0,0,0,0,0,0,0,0,0,0,0,1,16,1,0,0,0,0,0,0,0,0,0,0,0,0,0,0,0,0,7,16,0,0,-1,-1,-1,-1,-1,-1,-1,-1,-1,-1,-1,-1,-1,-1,-1,-1,-1,-1,-1,-1,-1,-1,-1,-1,-1,-1,-1,-1,-1,-1,-1,-1,-1,-1,-1,-1,-1,-1,-1,-1,-1,-1,-1,-1,-1,-1,-1,-1,-1,-1,-1,-1,-1,-1,-1,-1,0,0.319398,0,14618,2222,333,2,4,0,52,0,1,0,0,0,0
2,1,0,3,0,0,0,0,0,0,0,0,0,0,0,0,0,1,39,2,0,0,0,0,0,0,0,0,0,0,0,0,0,0,0,0,4,15,0,0,0,1,0,3,0,0,0,0,0,0,0,0,0,0,0,0,0,24,0,0,0,0,0,0,0,0,0,0,0,0,0,0,0,0,0,7,-1,-1,-1,-1,-1,-1,-1,-1,-1,-1,-1,-1,-1,-1,-1,-1,-1,-1,-1,-1,0,-1.0,0,-1,-1,-1,-1,4,5,-1,0,-1,0,0,0,0
2,0,0,0,0,0,0,0,0,0,0,0,0,0,0,0,0,1,12,2,0,0,0,0,0,0,0,0,0,0,0,0,0,0,0,0,3,12,0,0,-1,-1,-1,-1,-1,-1,-1,-1,-1,-1,-1,-1,-1,-1,-1,-1,-1,-1,-1,-1,-1,-1,-1,-1,-1,-1,-1,-1,-1,-1,-1,-1,-1,-1,-1,-1,-1,-1,-1,-1,-1,-1,-1,-1,-1,-1,-1,-1,-1,-1,-1,-1,-1,-1,-1,-1,0,-1.0,0,-1,7382,286,-1,0,0,-1,0,-1,0,0,0,0
2,1,0,3,0,0,0,0,0,0,0,0,0,0,0,0,0,1,54,2,0,0,0,0,0,0,0,0,0,0,0,0,0,0,0,0,5,19,0,0,0,1,0,3,0,0,0,0,0,0,0,0,0,0,0,0,0,35,0,0,0,0,0,0,0,0,0,0,0,0,0,0,0,0,0,0,-1,-1,-1,-1,-1,-1,-1,-1,-1,-1,-1,-1,-1,-1,-1,-1,-1,-1,-1,-1,0,2.892232,-1,22612,-1,-1,1,2,1,1187,0,0,0,0,0,1
2,0,0,4,0,0,0,0,0,0,0,0,0,0,0,0,0,1,44,1,0,0,0,0,0,0,0,0,0,0,0,0,0,0,0,0,4,13,0,0,1,0,0,4,0,0,0,0,0,0,0,0,0,0,0,0,0,31,1,0,0,0,0,0,0,0,0,0,0,0,0,0,0,0,0,9,-1,-1,-1,-1,-1,-1,-1,-1,-1,-1,-1,-1,-1,-1,-1,-1,-1,-1,-1,-1,0,4.300543,0,26496,2616,305,1,2,2,10788,0,0,0,0,0,1
2,0,1,2,0,4,0,3,0,0,0,0,0,0,0,0,0,1,320,1,0,0,0,0,0,0,0,0,0,0,0,0,0,0,0,0,6,16,0,0,1,0,0,2,0,0,0,0,0,0,0,0,0,0,0,0,0,197,1,0,0,0,0,0,0,0,0,0,0,0,0,0,0,0,0,9,0,0,1,0,0,4,0,3,0,0,0,0,0,0,0,0,0,107,0,2,0,0.194926,1,19066,1433,27,1,4,5,292,1,0,0,0,0,1
2,0,0,1,0,0,0,0,0,0,0,0,0,0,0,0,0,1,21,2,0,0,0,0,0,0,0,0,0,0,0,0,0,0,0,0,3,14,0,0,0,0,0,1,0,0,0,0,0,0,0,0,0,0,0,0,0,7,0,0,0,0,0,0,0,0,0,0,0,0,0,0,0,0,0,6,-1,-1,-1,-1,-1,-1,-1,-1,-1,-1,-1,-1,-1,-1,-1,-1,-1,-1,-1,-1,0,-1.0,0,16509,4045,388,1,2,5,1799,0,-1,0,0,0,1
2,3,2,7,0,0,0,0,0,0,0,0,0,0,0,0,0,1,138,2,2,0,0,0,0,0,0,0,0,0,0,0,0,0,0,0,9,35,0,0,0,1,2,7,0,0,0,0,0,0,0,0,0,0,0,0,0,103,0,0,1,0,0,0,0,0,0,0,0,0,0,0,0,0,0,13,-1,-1,-1,-1,-1,-1,-1,-1,-1,-1,-1,-1,-1,-1,-1,-1,-1,-1,-1,-1,0,0.203647,0,25394,-1,-1,1,2,2,299,0,1,0,0,0,1
2,2,0,0,0,0,0,0,0,0,0,0,0,0,0,0,0,1,26,2,2,0,0,0,0,0,0,0,0,0,0,0,0,0,0,0,8,26,0,0,-1,-1,-1,-1,-1,-1,-1,-1,-1,-1,-1,-1,-1,-1,-1,-1,-1,-1,-1,-1,-1,-1,-1,-1,-1,-1,-1,-1,-1,-1,-1,-1,-1,-1,-1,-1,-1,-1,-1,-1,-1,-1,-1,-1,-1,-1,-1,-1,-1,-1,-1,-1,-1,-1,-1,-1,0,0.302895,0,54113,6740,3486,1,2,5,298,1,1,0,0,0,0
2,0,0,3,0,0,0,0,0,0,0,0,0,0,0,0,0,1,48,2,0,0,0,0,0,0,0,0,0,0,0,0,0,0,0,0,6,16,0,0,0,0,0,3,0,0,0,0,0,0,0,0,0,0,0,0,0,32,0,0,0,0,0,0,0,0,0,0,0,0,0,0,0,0,0,0,-1,-1,-1,-1,-1,-1,-1,-1,-1,-1,-1,-1,-1,-1,-1,-1,-1,-1,-1,-1,0,0.17293499999999998,0,15169,-1,-1,1,4,5,197,1,0,0,0,0,1
3,1,0,3,0,0,0,0,0,0,0,0,0,0,0,0,0,1,59,2,0,0,0,0,0,0,0,0,0,0,0,0,0,0,0,0,13,33,0,0,1,1,0,3,0,0,0,0,0,0,0,0,0,0,0,0,0,26,1,0,0,0,0,0,0,0,0,0,0,0,0,0,0,0,0,10,-1,-1,-1,-1,-1,-1,-1,-1,-1,-1,-1,-1,-1,-1,-1,-1,-1,-1,-1,-1,0,0.101019,0,19551,1644,181,2,2,1,14329,0,0,0,0,0,1
7,2,3,2,0,4,1,3,0,0,0,0,0,0,0,0,0,2,195,1,0,0,0,0,0,0,0,0,0,0,0,0,0,0,0,0,6,16,0,0,1,0,0,2,0,0,0,0,0,0,0,0,0,0,0,0,0,15,1,0,0,0,0,0,0,0,0,0,0,0,0,0,0,0,0,9,5,2,3,0,0,4,1,3,0,0,0,0,0,0,0,0,0,164,1,2,1,0.610153,-1,32244,1047,48,1,4,1,14314,0,0,0,0,0,1
4,1,0,3,0,1,1,0,0,0,0,0,0,0,0,0,1,3,78,1,0,0,0,0,0,0,0,0,0,0,0,0,0,0,0,0,7,20,0,0,1,0,0,3,0,0,0,0,0,0,0,0,0,0,0,0,1,26,1,0,0,0,0,0,0,0,0,0,0,0,0,0,0,0,0,9,2,1,0,0,0,1,1,0,0,0,0,0,0,0,0,0,0,32,1,1,1,0.276968,1,26347,4514,233,1,3,1,1564,0,0,0,0,0,1
2,0,0,1,0,0,0,0,0,0,0,0,0,0,0,0,0,1,37,2,0,0,0,0,0,0,0,0,0,0,0,0,0,0,0,0,16,36,0,0,0,0,0,1,0,0,0,0,0,0,0,0,0,0,0,0,0,1,0,0,0,0,0,0,0,0,0,0,0,0,0,0,0,0,0,0,-1,-1,-1,-1,-1,-1,-1,-1,-1,-1,-1,-1,-1,-1,-1,-1,-1,-1,-1,-1,0,0.427438,0,13335,-1,-1,5,2,0,292,1,1,0,0,0,1
2,0,0,0,0,0,0,0,0,0,0,0,0,0,0,0,0,1,17,2,0,0,0,0,0,0,0,0,0,0,0,0,0,0,0,0,5,17,0,0,-1,-1,-1,-1,-1,-1,-1,-1,-1,-1,-1,-1,-1,-1,-1,-1,-1,-1,-1,-1,-1,-1,-1,-1,-1,-1,-1,-1,-1,-1,-1,-1,-1,-1,-1,-1,-1,-1,-1,-1,-1,-1,-1,-1,-1,-1,-1,-1,-1,-1,-1,-1,-1,-1,-1,-1,0,0.182415,0,13335,7370,1394,5,2,1,298,1,1,0,0,0,0
2,0,0,1,0,0,0,0,0,0,0,0,0,0,0,0,0,1,18,2,0,0,0,0,0,0,0,0,0,0,0,0,0,0,0,0,6,17,0,0,0,0,0,1,0,0,0,0,0,0,0,0,0,0,0,0,0,1,0,0,0,0,0,0,0,0,0,0,0,0,0,0,0,0,0,0,-1,-1,-1,-1,-1,-1,-1,-1,-1,-1,-1,-1,-1,-1,-1,-1,-1,-1,-1,-1,0,0.046948,0,20940,8069,2156,1,3,2,298,0,1,0,0,0,0
1,0,0,3,0,0,0,0,0,0,0,0,0,0,0,0,0,1,31,1,0,0,0,0,0,0,0,0,0,0,0,0,0,0,0,0,6,17,0,0,0,0,0,3,0,0,0,0,0,0,0,0,0,0,0,0,0,14,0,0,0,0,0,0,0,0,0,0,0,0,0,0,0,0,0,0,-1,-1,-1,-1,-1,-1,-1,-1,-1,-1,-1,-1,-1,-1,-1,-1,-1,-1,-1,-1,0,0.148829,0,25504,5723,120,1,2,1,14392,0,0,0,0,0,1
4,0,0,4,0,0,0,0,0,0,0,0,0,0,0,0,0,1,57,3,0,0,0,0,0,0,0,0,0,0,0,0,0,0,0,0,5,16,0,0,1,0,0,4,0,0,0,0,0,0,0,0,0,0,0,0,0,41,1,0,0,0,0,0,0,0,0,0,0,0,0,0,0,0,0,9,-1,-1,-1,-1,-1,-1,-1,-1,-1,-1,-1,-1,-1,-1,-1,-1,-1,-1,-1,-1,0,0.706734,-1,54641,-1,-1,1,2,1,861,0,1,0,0,0,1
1,1,0,5,0,1,0,0,0,0,0,0,0,0,0,0,0,1,72,1,0,0,0,0,0,0,0,0,0,0,0,0,0,0,0,0,3,14,0,0,0,1,0,5,0,1,0,0,0,0,0,0,0,0,0,0,0,58,0,0,0,0,0,0,0,0,0,0,0,0,0,0,0,0,0,0,-1,-1,-1,-1,-1,-1,-1,-1,-1,-1,-1,-1,-1,-1,-1,-1,-1,-1,-1,-1,0,0.39769,1,24323,4838,640,1,5,1,4183,0,0,0,0,0,1
2,0,0,10,0,0,0,0,0,0,0,0,0,0,0,0,0,1,124,1,0,0,0,0,0,0,0,0,0,0,0,0,0,0,0,0,3,11,0,0,1,0,0,10,0,0,0,0,0,0,0,0,0,0,0,0,0,113,1,0,0,0,0,0,0,0,0,0,0,0,0,0,0,0,0,9,-1,-1,-1,-1,-1,-1,-1,-1,-1,-1,-1,-1,-1,-1,-1,-1,-1,-1,-1,-1,0,-1.0,0,13335,419,310,2,2,1,260,1,1,0,0,0,1
1,0,0,1,0,0,0,0,0,0,0,0,0,0,0,0,0,1,15,1,0,0,0,0,0,0,0,0,0,0,0,0,0,0,0,0,2,8,0,0,0,0,0,1,0,0,0,0,0,0,0,0,0,0,0,0,0,7,0,0,0,0,0,0,0,0,0,0,0,0,0,0,0,0,0,6,-1,-1,-1,-1,-1,-1,-1,-1,-1,-1,-1,-1,-1,-1,-1,-1,-1,-1,-1,-1,0,1.745166,0,-1,628,101,1,6,0,878,1,1,0,0,0,1
1,2,0,2,0,0,0,0,0,0,0,0,0,0,0,0,0,1,27,1,2,0,0,0,0,0,0,0,0,0,0,0,0,0,0,0,7,21,0,0,0,0,0,2,0,0,0,0,0,0,0,0,0,0,0,0,0,6,0,0,0,0,0,0,0,0,0,0,0,0,0,0,0,0,0,0,-1,-1,-1,-1,-1,-1,-1,-1,-1,-1,-1,-1,-1,-1,-1,-1,-1,-1,-1,-1,0,0.26210500000000003,0,22611,20,344,1,2,1,895,1,1,0,0,0,1
2,0,1,2,0,0,0,0,0,0,0,0,0,0,0,0,0,1,43,1,0,0,0,0,0,0,0,0,0,0,0,0,0,0,0,0,8,20,0,0,1,0,1,2,0,0,0,0,0,0,0,0,0,0,0,0,0,23,1,0,0,0,0,0,0,0,0,0,0,0,0,0,0,0,0,9,-1,-1,-1,-1,-1,-1,-1,-1,-1,-1,-1,-1,-1,-1,-1,-1,-1,-1,-1,-1,0,1.527574,1,46606,1473,352,1,2,1,13136,0,0,0,0,0,1
1,0,0,0,0,0,0,0,0,0,0,0,0,0,0,0,0,1,19,1,0,0,0,0,0,0,0,0,0,0,0,0,0,0,0,0,7,19,0,0,-1,-1,-1,-1,-1,-1,-1,-1,-1,-1,-1,-1,-1,-1,-1,-1,-1,-1,-1,-1,-1,-1,-1,-1,-1,-1,-1,-1,-1,-1,-1,-1,-1,-1,-1,-1,-1,-1,-1,-1,-1,-1,-1,-1,-1,-1,-1,-1,-1,-1,-1,-1,-1,-1,-1,-1,0,-1.0,1,8075,5930,278,2,8,1,3345,0,-1,0,0,0,0
2,0,0,3,0,0,0,0,0,0,0,0,0,0,0,0,0,1,44,2,0,0,0,0,0,0,0,0,0,0,0,0,0,0,0,0,6,16,0,0,0,0,0,3,0,0,0,0,0,0,0,0,0,0,0,0,0,28,0,0,0,0,0,0,0,0,0,0,0,0,0,0,0,0,0,0,-1,-1,-1,-1,-1,-1,-1,-1,-1,-1,-1,-1,-1,-1,-1,-1,-1,-1,-1,-1,0,0.211175,0,15169,-1,-1,1,4,5,228,1,0,0,0,0,1
2,0,0,2,0,0,0,0,0,0,0,0,0,0,0,0,0,1,20,2,0,0,0,0,0,0,0,0,0,0,0,0,0,0,0,0,4,16,0,0,0,0,0,2,0,0,0,0,0,0,0,0,0,0,0,0,0,4,0,0,0,0,0,0,0,0,0,0,0,0,0,0,0,0,0,0,-1,-1,-1,-1,-1,-1,-1,-1,-1,-1,-1,-1,-1,-1,-1,-1,-1,-1,-1,-1,0,2.802267,0,36743,7775,1354,1,4,2,3598,1,3,0,0,0,0
1,0,0,0,0,0,0,0,0,0,0,0,0,0,0,0,0,1,6,1,0,0,0,0,0,0,0,0,0,0,0,0,0,0,0,0,0,6,0,0,-1,-1,-1,-1,-1,-1,-1,-1,-1,-1,-1,-1,-1,-1,-1,-1,-1,-1,-1,-1,-1,-1,-1,-1,-1,-1,-1,-1,-1,-1,-1,-1,-1,-1,-1,-1,-1,-1,-1,-1,-1,-1,-1,-1,-1,-1,-1,-1,-1,-1,-1,-1,-1,-1,-1,-1,0,0.167992,-1,24940,4308,74,1,2,1,3592,1,0,0,0,0,0
1,0,0,0,0,0,0,0,0,0,0,0,0,0,0,0,0,1,13,1,0,0,0,0,0,0,0,0,0,0,0,0,0,0,0,0,5,13,0,0,-1,-1,-1,-1,-1,-1,-1,-1,-1,-1,-1,-1,-1,-1,-1,-1,-1,-1,-1,-1,-1,-1,-1,-1,-1,-1,-1,-1,-1,-1,-1,-1,-1,-1,-1,-1,-1,-1,-1,-1,-1,-1,-1,-1,-1,-1,-1,-1,-1,-1,-1,-1,-1,-1,-1,-1,0,0.150505,0,13335,1238,222,2,2,5,111,1,1,0,0,0,0
2,0,0,0,0,0,0,0,0,0,0,0,0,0,0,0,0,1,10,2,0,0,0,0,0,0,0,0,0,0,0,0,0,0,0,0,4,10,0,0,-1,-1,-1,-1,-1,-1,-1,-1,-1,-1,-1,-1,-1,-1,-1,-1,-1,-1,-1,-1,-1,-1,-1,-1,-1,-1,-1,-1,-1,-1,-1,-1,-1,-1,-1,-1,-1,-1,-1,-1,-1,-1,-1,-1,-1,-1,-1,-1,-1,-1,-1,-1,-1,-1,-1,-1,0,0.143777,0,43405,-1,-1,1,2,8,1799,0,0,0,0,0,0
2,0,0,1,0,0,0,0,0,0,0,0,0,0,0,0,0,1,20,2,0,0,0,0,0,0,0,0,0,0,0,0,0,0,0,0,7,19,0,0,0,0,0,1,0,0,0,0,0,0,0,0,0,0,0,0,0,1,0,0,0,0,0,0,0,0,0,0,0,0,0,0,0,0,0,0,-1,-1,-1,-1,-1,-1,-1,-1,-1,-1,-1,-1,-1,-1,-1,-1,-1,-1,-1,-1,0,0.571609,0,13335,1874,316,2,2,1,299,1,1,0,0,0,0
2,1,0,3,0,0,0,0,0,0,0,0,0,0,0,0,0,1,64,2,1,0,0,0,0,0,0,0,0,0,0,0,0,0,0,0,6,23,0,0,0,0,0,3,0,0,0,0,0,0,0,0,0,0,0,0,0,41,0,0,0,0,0,0,0,0,0,0,0,0,0,0,0,0,0,0,-1,-1,-1,-1,-1,-1,-1,-1,-1,-1,-1,-1,-1,-1,-1,-1,-1,-1,-1,-1,0,0.397564,0,33494,6657,281,1,2,1,291,0,0,0,0,0,1
3,0,0,0,0,0,0,0,0,0,0,0,0,0,0,0,0,1,15,3,0,0,0,0,0,0,0,0,0,0,0,0,0,0,0,0,3,15,0,0,-1,-1,-1,-1,-1,-1,-1,-1,-1,-1,-1,-1,-1,-1,-1,-1,-1,-1,-1,-1,-1,-1,-1,-1,-1,-1,-1,-1,-1,-1,-1,-1,-1,-1,-1,-1,-1,-1,-1,-1,-1,-1,-1,-1,-1,-1,-1,-1,-1,-1,-1,-1,-1,-1,-1,-1,0,-1.0,1,14618,-1,-1,1,2,5,14371,0,-1,0,0,0,0
3,0,0,0,0,0,0,0,0,0,0,0,0,0,0,0,0,1,16,3,0,0,0,0,0,0,0,0,0,0,0,0,0,0,0,0,5,16,0,0,-1,-1,-1,-1,-1,-1,-1,-1,-1,-1,-1,-1,-1,-1,-1,-1,-1,-1,-1,-1,-1,-1,-1,-1,-1,-1,-1,-1,-1,-1,-1,-1,-1,-1,-1,-1,-1,-1,-1,-1,-1,-1,-1,-1,-1,-1,-1,-1,-1,-1,-1,-1,-1,-1,-1,-1,0,0.178811,0,54113,7707,327,1,2,5,13444,1,1,0,0,0,0
2,1,0,0,0,0,0,0,0,0,0,0,0,0,0,0,0,2,18,2,1,0,0,0,0,0,0,0,0,0,0,0,0,0,0,0,5,18,0,0,-1,-1,-1,-1,-1,-1,-1,-1,-1,-1,-1,-1,-1,-1,-1,-1,-1,-1,-1,-1,-1,-1,-1,-1,-1,-1,-1,-1,-1,-1,-1,-1,-1,-1,-1,-1,-1,-1,-1,-1,-1,-1,-1,-1,-1,-1,-1,-1,-1,-1,-1,-1,-1,-1,-1,-1,0,0.909954,0,36351,4649,98,1,3,1,71162,0,0,0,0,0,0
5,0,0,2,0,1,0,0,0,0,0,0,0,0,0,0,0,1,70,4,0,0,0,0,0,0,0,0,0,0,0,0,0,0,0,0,12,34,0,0,1,0,0,2,0,0,0,0,0,0,0,0,0,0,0,0,0,30,1,0,0,0,0,0,0,0,0,0,0,0,0,0,0,0,0,21,0,0,0,0,0,1,0,0,0,0,0,0,0,0,0,0,0,6,0,1,0,10.041474,0,16509,3106,180,2,4,5,39,0,0,0,0,0,1
4,1,1,7,0,0,0,0,0,0,0,0,0,0,0,0,0,1,76,3,0,0,0,0,0,0,0,0,0,0,0,0,0,0,0,0,3,19,0,0,1,1,1,7,0,0,0,0,0,0,0,0,0,0,0,0,0,57,1,1,0,0,0,0,0,0,0,0,0,0,0,0,0,0,0,17,-1,-1,-1,-1,-1,-1,-1,-1,-1,-1,-1,-1,-1,-1,-1,-1,-1,-1,-1,-1,0,0.542316,-1,20013,7021,283,1,2,1,1969,1,1,0,0,0,1
2,0,0,3,0,0,0,0,0,0,0,0,0,0,0,0,0,1,42,2,0,0,0,0,0,0,0,0,0,0,0,0,0,0,0,0,6,16,0,0,0,0,0,3,0,0,0,0,0,0,0,0,0,0,0,0,0,26,0,0,0,0,0,0,0,0,0,0,0,0,0,0,0,0,0,0,-1,-1,-1,-1,-1,-1,-1,-1,-1,-1,-1,-1,-1,-1,-1,-1,-1,-1,-1,-1,0,0.177217,0,15169,-1,-1,1,4,5,286,1,0,0,0,0,1
1,0,0,1,0,0,0,0,0,0,0,0,0,0,0,0,0,1,13,1,0,0,0,0,0,0,0,0,0,0,0,0,0,0,0,0,4,12,0,0,0,0,0,1,0,0,0,0,0,0,0,0,0,0,0,0,0,1,0,0,0,0,0,0,0,0,0,0,0,0,0,0,0,0,0,0,-1,-1,-1,-1,-1,-1,-1,-1,-1,-1,-1,-1,-1,-1,-1,-1,-1,-1,-1,-1,0,1.248874,1,16509,7806,595,2,4,2,50,0,1,0,0,0,0
1,1,0,1,0,0,0,0,0,0,0,0,0,0,0,0,0,1,16,1,1,0,0,0,0,0,0,0,0,0,0,0,0,0,0,0,5,15,0,0,0,0,0,1,0,0,0,0,0,0,0,0,0,0,0,0,0,1,0,0,0,0,0,0,0,0,0,0,0,0,0,0,0,0,0,0,-1,-1,-1,-1,-1,-1,-1,-1,-1,-1,-1,-1,-1,-1,-1,-1,-1,-1,-1,-1,0,-1.0,0,3462,22,342,1,2,0,577,0,-1,0,0,0,1
1,1,0,1,0,0,0,0,0,0,0,0,0,0,0,0,0,1,21,1,1,0,0,0,0,0,0,0,0,0,0,0,0,0,0,0,8,20,0,0,0,0,0,1,0,0,0,0,0,0,0,0,0,0,0,0,0,1,0,0,0,0,0,0,0,0,0,0,0,0,0,0,0,0,0,0,-1,-1,-1,-1,-1,-1,-1,-1,-1,-1,-1,-1,-1,-1,-1,-1,-1,-1,-1,-1,0,0.30242800000000003,1,197695,31,333,1,2,2,3592,0,0,0,0,0,1
3,0,0,2,0,0,0,0,0,0,0,0,0,0,0,0,0,1,39,1,0,0,0,0,0,0,0,0,0,0,0,0,0,0,0,0,3,9,0,0,2,0,0,2,0,0,0,0,0,0,0,0,0,0,0,0,0,30,2,0,0,0,0,0,0,0,0,0,0,0,0,0,0,0,0,13,-1,-1,-1,-1,-1,-1,-1,-1,-1,-1,-1,-1,-1,-1,-1,-1,-1,-1,-1,-1,0,0.8304530000000001,-1,22612,212,152,1,2,3,1192,1,0,0,0,0,1
4,2,1,2,0,0,0,0,0,0,0,0,0,0,0,0,0,2,46,3,2,0,0,0,0,0,0,0,0,0,0,0,0,0,0,0,6,26,0,0,1,0,1,2,0,0,0,0,0,0,0,0,0,0,0,0,0,20,1,0,1,0,0,0,0,0,0,0,0,0,0,0,0,0,0,15,-1,-1,-1,-1,-1,-1,-1,-1,-1,-1,-1,-1,-1,-1,-1,-1,-1,-1,-1,-1,0,1.471005,-1,-1,-1,-1,1,2,1,14398,1,0,0,0,0,1
5,1,0,1,0,0,0,0,0,0,0,0,0,0,0,0,0,1,68,5,1,0,0,0,0,0,0,0,0,0,0,0,0,0,0,0,20,67,0,0,0,0,0,1,0,0,0,0,0,0,0,0,0,0,0,0,0,1,0,0,0,0,0,0,0,0,0,0,0,0,0,0,0,0,0,0,-1,-1,-1,-1,-1,-1,-1,-1,-1,-1,-1,-1,-1,-1,-1,-1,-1,-1,-1,-1,0,0.332349,0,-1,-1,-1,1,2,1,10792,0,0,0,0,0,1
2,0,0,0,0,0,0,0,0,0,0,0,0,0,0,0,0,1,20,2,0,0,0,0,0,0,0,0,0,0,0,0,0,0,0,0,7,20,0,0,-1,-1,-1,-1,-1,-1,-1,-1,-1,-1,-1,-1,-1,-1,-1,-1,-1,-1,-1,-1,-1,-1,-1,-1,-1,-1,-1,-1,-1,-1,-1,-1,-1,-1,-1,-1,-1,-1,-1,-1,-1,-1,-1,-1,-1,-1,-1,-1,-1,-1,-1,-1,-1,-1,-1,-1,0,0.819824,-1,40034,4525,222,1,2,0,299,0,0,0,0,0,0
3,0,0,5,0,0,0,0,0,0,0,0,0,0,0,0,0,1,62,2,0,0,0,0,0,0,0,0,0,0,0,0,0,0,0,0,9,23,0,0,1,0,0,5,0,0,0,0,0,0,0,0,0,0,0,0,0,39,1,0,0,0,0,0,0,0,0,0,0,0,0,0,0,0,0,10,-1,-1,-1,-1,-1,-1,-1,-1,-1,-1,-1,-1,-1,-1,-1,-1,-1,-1,-1,-1,0,1.00534,0,46606,-1,-1,1,2,1,14390,0,0,0,0,0,1
3,1,0,3,0,0,0,0,0,0,0,0,0,0,0,0,0,1,57,2,1,0,0,0,0,0,0,0,0,0,0,0,0,0,0,0,11,36,0,0,1,0,0,3,0,0,0,0,0,0,0,0,0,0,0,0,0,21,1,0,0,0,0,0,0,0,0,0,0,0,0,0,0,0,0,10,-1,-1,-1,-1,-1,-1,-1,-1,-1,-1,-1,-1,-1,-1,-1,-1,-1,-1,-1,-1,0,0.309043,0,47583,-1,-1,1,1,1,51,1,0,0,0,0,1
1,1,0,1,0,0,0,0,0,0,0,0,0,0,0,0,0,1,20,1,1,0,0,0,0,0,0,0,0,0,0,0,0,0,0,0,8,19,0,0,0,0,0,1,0,0,0,0,0,0,0,0,0,0,0,0,0,1,0,0,0,0,0,0,0,0,0,0,0,0,0,0,0,0,0,0,-1,-1,-1,-1,-1,-1,-1,-1,-1,-1,-1,-1,-1,-1,-1,-1,-1,-1,-1,-1,0,0.3803,-1,9123,24,340,1,4,2,591,1,0,0,0,0,1
1,0,0,2,0,0,0,0,0,0,0,0,0,0,0,0,0,1,16,1,0,0,0,0,0,0,0,0,0,0,0,0,0,0,0,0,4,11,0,0,0,0,0,2,0,0,0,0,0,0,0,0,0,0,0,0,0,5,0,0,0,0,0,0,0,0,0,0,0,0,0,0,0,0,0,0,-1,-1,-1,-1,-1,-1,-1,-1,-1,-1,-1,-1,-1,-1,-1,-1,-1,-1,-1,-1,0,0.480127,0,13335,1491,334,2,2,0,292,0,-1,0,0,0,0
2,0,0,0,0,0,0,0,0,0,0,0,0,0,0,0,0,1,15,2,0,0,0,0,0,0,0,0,0,0,0,0,0,0,0,0,4,15,0,0,-1,-1,-1,-1,-1,-1,-1,-1,-1,-1,-1,-1,-1,-1,-1,-1,-1,-1,-1,-1,-1,-1,-1,-1,-1,-1,-1,-1,-1,-1,-1,-1,-1,-1,-1,-1,-1,-1,-1,-1,-1,-1,-1,-1,-1,-1,-1,-1,-1,-1,-1,-1,-1,-1,-1,-1,0,1.121823,-1,7029,7148,887,1,2,5,3590,0,1,0,0,0,0
1,1,0,6,0,0,0,0,0,0,0,0,0,0,0,0,0,1,45,1,0,0,0,0,0,0,0,0,0,0,0,0,0,0,0,0,5,13,0,0,0,1,0,6,0,0,0,0,0,0,0,0,0,0,0,0,0,32,0,0,0,0,0,0,0,0,0,0,0,0,0,0,0,0,0,0,-1,-1,-1,-1,-1,-1,-1,-1,-1,-1,-1,-1,-1,-1,-1,-1,-1,-1,-1,-1,0,1.365024,1,46606,6825,1575,1,2,2,14399,1,2,0,0,0,1
2,0,0,3,0,0,0,0,0,0,0,0,0,0,0,0,0,1,39,2,0,0,0,0,0,0,0,0,0,0,0,0,0,0,0,0,6,16,0,0,0,0,0,3,0,0,0,0,0,0,0,0,0,0,0,0,0,23,0,0,0,0,0,0,0,0,0,0,0,0,0,0,0,0,0,0,-1,-1,-1,-1,-1,-1,-1,-1,-1,-1,-1,-1,-1,-1,-1,-1,-1,-1,-1,-1,0,0.284461,0,15169,-1,-1,1,4,5,296,1,0,0,0,0,1
1,0,0,0,0,0,0,0,0,0,0,0,0,0,0,0,0,1,6,1,0,0,0,0,0,0,0,0,0,0,0,0,0,0,0,0,3,6,0,0,-1,-1,-1,-1,-1,-1,-1,-1,-1,-1,-1,-1,-1,-1,-1,-1,-1,-1,-1,-1,-1,-1,-1,-1,-1,-1,-1,-1,-1,-1,-1,-1,-1,-1,-1,-1,-1,-1,-1,-1,-1,-1,-1,-1,-1,-1,-1,-1,-1,-1,-1,-1,-1,-1,-1,-1,0,0.500269,-1,197068,6493,82,1,6,2,30,1,1,0,0,0,0
2,5,0,16,0,0,0,0,0,0,0,0,0,0,0,0,0,1,296,1,0,0,0,0,0,0,0,0,0,0,0,0,0,0,0,0,3,14,0,0,1,1,0,16,0,0,0,0,0,0,0,0,0,0,0,0,0,140,1,0,0,0,0,0,0,0,0,0,0,0,0,0,0,0,0,12,0,4,0,0,0,0,0,0,0,0,0,0,0,0,0,0,0,142,0,0,0,1.376931,0,14361,780,314,1,2,1,10306,1,0,0,0,0,1
2,0,0,0,0,0,0,0,0,0,0,0,0,0,0,0,0,1,16,2,0,0,0,0,0,0,0,0,0,0,0,0,0,0,0,0,5,16,0,0,-1,-1,-1,-1,-1,-1,-1,-1,-1,-1,-1,-1,-1,-1,-1,-1,-1,-1,-1,-1,-1,-1,-1,-1,-1,-1,-1,-1,-1,-1,-1,-1,-1,-1,-1,-1,-1,-1,-1,-1,-1,-1,-1,-1,-1,-1,-1,-1,-1,-1,-1,-1,-1,-1,-1,-1,0,-1.0,0,-1,-1,-1,-1,3,1,-1,0,-1,0,0,0,0
2,0,0,6,0,4,0,0,0,0,0,0,0,0,0,0,0,1,61,1,0,0,0,0,0,0,0,0,0,0,0,0,0,0,0,0,12,27,0,0,1,0,0,6,0,2,0,0,0,0,0,0,0,0,0,0,0,32,1,0,0,0,0,0,0,0,0,0,0,0,0,0,0,0,0,9,0,0,0,0,0,2,0,0,0,0,0,0,0,0,0,0,0,2,0,1,0,0.211641,1,16276,2875,46,1,2,1,298,0,0,0,0,0,1
2,0,1,6,0,0,0,0,0,0,0,0,0,0,0,0,0,1,65,1,0,0,0,0,0,0,0,0,0,0,0,0,0,0,0,0,7,21,0,0,1,0,1,6,0,0,0,0,0,0,0,0,0,0,0,0,0,44,1,0,0,0,0,0,0,0,0,0,0,0,0,0,0,0,0,12,-1,-1,-1,-1,-1,-1,-1,-1,-1,-1,-1,-1,-1,-1,-1,-1,-1,-1,-1,-1,0,0.695774,1,26496,5135,45,1,6,1,3578,1,2,0,0,0,1
3,0,0,4,0,0,0,0,0,0,0,0,0,0,0,0,0,1,55,2,0,0,0,0,0,0,0,0,0,0,0,0,0,0,0,0,4,19,0,0,1,0,0,4,0,0,0,0,0,0,0,0,0,0,0,0,0,36,1,0,0,0,0,0,0,0,0,0,0,0,0,0,0,0,0,10,-1,-1,-1,-1,-1,-1,-1,-1,-1,-1,-1,-1,-1,-1,-1,-1,-1,-1,-1,-1,0,0.464221,0,32244,-1,-1,1,2,1,291,0,0,0,0,0,1
2,0,0,1,0,0,0,0,0,0,0,0,0,0,0,0,0,1,17,2,0,0,0,0,0,0,0,0,0,0,0,0,0,0,0,0,6,16,0,0,0,0,0,1,0,0,0,0,0,0,0,0,0,0,0,0,0,1,0,0,0,0,0,0,0,0,0,0,0,0,0,0,0,0,0,0,-1,-1,-1,-1,-1,-1,-1,-1,-1,-1,-1,-1,-1,-1,-1,-1,-1,-1,-1,-1,0,0.445922,0,28357,5519,324,1,3,1,21598,0,2,0,0,0,0
1,0,0,1,0,0,0,0,0,0,0,0,0,0,0,0,0,1,19,1,0,0,0,0,0,0,0,0,0,0,0,0,0,0,0,0,6,18,0,0,0,0,0,1,0,0,0,0,0,0,0,0,0,0,0,0,0,1,0,0,0,0,0,0,0,0,0,0,0,0,0,0,0,0,0,0,-1,-1,-1,-1,-1,-1,-1,-1,-1,-1,-1,-1,-1,-1,-1,-1,-1,-1,-1,-1,0,3.268523,0,7552,686,774,1,2,0,3586,1,0,0,0,0,1
6,3,4,3,0,0,1,0,0,0,0,0,0,0,0,0,0,2,110,3,0,0,0,0,0,0,0,0,0,0,0,0,0,0,0,0,8,22,0,0,1,1,0,3,0,0,0,0,0,0,0,0,0,0,0,0,0,16,1,0,0,0,0,0,0,0,0,0,0,0,0,0,0,0,0,4,2,2,4,0,0,0,1,0,0,0,0,0,0,0,0,0,0,72,1,0,1,0.519714,1,18479,-1,-1,1,4,1,290,1,0,0,0,0,1
2,0,0,2,0,0,0,0,0,0,0,0,0,0,0,0,0,1,29,1,0,0,0,0,0,0,0,0,0,0,0,0,0,0,0,0,4,15,0,0,1,0,0,2,0,0,0,0,0,0,0,0,0,0,0,0,0,14,1,0,0,0,0,0,0,0,0,0,0,0,0,0,0,0,0,9,-1,-1,-1,-1,-1,-1,-1,-1,-1,-1,-1,-1,-1,-1,-1,-1,-1,-1,-1,-1,0,0.698326,-1,18229,1330,130,1,2,3,14394,1,1,0,0,0,1
2,0,0,1,0,0,0,0,0,0,0,0,0,0,0,0,0,1,23,1,0,0,0,0,0,0,0,0,0,0,0,0,0,0,0,0,4,13,0,0,1,0,0,1,0,0,0,0,0,0,0,0,0,0,0,0,0,10,1,0,0,0,0,0,0,0,0,0,0,0,0,0,0,0,0,9,-1,-1,-1,-1,-1,-1,-1,-1,-1,-1,-1,-1,-1,-1,-1,-1,-1,-1,-1,-1,0,-1.0,-1,32244,1397,63,1,2,1,4805,0,-1,0,0,0,0
2,8,0,3,0,0,0,0,0,0,0,0,0,0,0,0,0,1,82,2,0,0,0,0,0,0,0,0,0,0,0,0,0,0,0,0,2,9,0,0,0,8,0,3,0,0,0,0,0,0,0,0,0,0,0,0,0,73,0,0,0,0,0,0,0,0,0,0,0,0,0,0,0,0,0,0,-1,-1,-1,-1,-1,-1,-1,-1,-1,-1,-1,-1,-1,-1,-1,-1,-1,-1,-1,-1,0,0.474079,0,16509,6043,-1,1,2,3,10798,1,0,0,0,0,0
2,0,0,0,0,0,0,0,0,0,0,0,0,0,0,0,0,1,25,2,0,0,0,0,0,0,0,0,0,0,0,0,0,0,0,0,9,25,0,0,-1,-1,-1,-1,-1,-1,-1,-1,-1,-1,-1,-1,-1,-1,-1,-1,-1,-1,-1,-1,-1,-1,-1,-1,-1,-1,-1,-1,-1,-1,-1,-1,-1,-1,-1,-1,-1,-1,-1,-1,-1,-1,-1,-1,-1,-1,-1,-1,-1,-1,-1,-1,-1,-1,-1,-1,0,0.5566760000000001,0,29802,7681,3640,1,2,1,58,0,0,0,0,0,0
2,0,0,0,0,0,0,0,0,0,0,0,0,0,0,0,0,1,10,2,0,0,0,0,0,0,0,0,0,0,0,0,0,0,0,0,0,10,0,0,-1,-1,-1,-1,-1,-1,-1,-1,-1,-1,-1,-1,-1,-1,-1,-1,-1,-1,-1,-1,-1,-1,-1,-1,-1,-1,-1,-1,-1,-1,-1,-1,-1,-1,-1,-1,-1,-1,-1,-1,-1,-1,-1,-1,-1,-1,-1,-1,-1,-1,-1,-1,-1,-1,-1,-1,0,-1.0,-1,15836,86,278,1,3,2,592,0,-1,0,0,0,0
2,0,0,0,0,0,0,0,0,0,0,0,0,0,0,0,0,1,29,2,0,0,0,0,0,0,0,0,0,0,0,0,0,0,0,0,10,29,0,0,-1,-1,-1,-1,-1,-1,-1,-1,-1,-1,-1,-1,-1,-1,-1,-1,-1,-1,-1,-1,-1,-1,-1,-1,-1,-1,-1,-1,-1,-1,-1,-1,-1,-1,-1,-1,-1,-1,-1,-1,-1,-1,-1,-1,-1,-1,-1,-1,-1,-1,-1,-1,-1,-1,-1,-1,0,0.705676,0,15169,-1,-1,1,4,0,292,1,0,0,0,0,0
2,0,0,0,0,0,0,0,0,0,0,0,0,0,0,0,0,1,11,2,0,0,0,0,0,0,0,0,0,0,0,0,0,0,0,0,1,11,0,0,-1,-1,-1,-1,-1,-1,-1,-1,-1,-1,-1,-1,-1,-1,-1,-1,-1,-1,-1,-1,-1,-1,-1,-1,-1,-1,-1,-1,-1,-1,-1,-1,-1,-1,-1,-1,-1,-1,-1,-1,-1,-1,-1,-1,-1,-1,-1,-1,-1,-1,-1,-1,-1,-1,-1,-1,0,0.55108,0,30633,6748,2382,1,2,2,597,1,1,0,0,0,0
2,0,0,1,0,0,0,0,0,0,0,0,0,0,0,0,0,1,23,2,0,0,0,0,0,0,0,0,0,0,0,0,0,0,0,0,8,22,0,0,0,0,0,1,0,0,0,0,0,0,0,0,0,0,0,0,0,1,0,0,0,0,0,0,0,0,0,0,0,0,0,0,0,0,0,0,-1,-1,-1,-1,-1,-1,-1,-1,-1,-1,-1,-1,-1,-1,-1,-1,-1,-1,-1,-1,0,0.884703,0,3216,-1,-1,1,2,1,597,0,0,0,0,0,1
2,0,0,0,0,0,0,0,0,0,0,0,0,0,0,0,0,1,12,2,0,0,0,0,0,0,0,0,0,0,0,0,0,0,0,0,1,12,0,0,-1,-1,-1,-1,-1,-1,-1,-1,-1,-1,-1,-1,-1,-1,-1,-1,-1,-1,-1,-1,-1,-1,-1,-1,-1,-1,-1,-1,-1,-1,-1,-1,-1,-1,-1,-1,-1,-1,-1,-1,-1,-1,-1,-1,-1,-1,-1,-1,-1,-1,-1,-1,-1,-1,-1,-1,0,2.019413,1,26496,5389,454,1,2,5,589,0,1,0,0,0,0
3,1,0,4,0,0,0,0,0,0,0,0,0,0,0,0,0,1,45,2,0,0,0,0,0,0,0,0,0,0,0,0,0,0,0,0,2,12,0,0,1,1,0,4,0,0,0,0,0,0,0,0,0,0,0,0,0,33,1,0,0,0,0,0,0,0,0,0,0,0,0,0,0,0,0,6,-1,-1,-1,-1,-1,-1,-1,-1,-1,-1,-1,-1,-1,-1,-1,-1,-1,-1,-1,-1,0,0.605558,-1,46562,4375,7,1,2,1,17198,0,0,0,0,0,1
4,0,0,3,0,1,1,0,0,0,0,0,0,0,0,0,0,2,78,2,0,0,0,0,0,0,0,0,0,0,0,0,0,0,0,0,8,26,0,0,1,0,0,3,0,0,0,0,0,0,0,0,0,0,0,0,0,26,1,0,0,0,0,0,0,0,0,0,0,0,0,0,0,0,0,9,1,0,0,0,0,1,1,0,0,0,0,0,0,0,0,0,0,26,1,1,1,0.250255,1,46606,922,904,1,2,1,14389,0,1,0,0,0,1
2,0,0,1,0,0,0,0,0,0,0,0,0,0,0,0,0,1,20,2,0,0,0,0,0,0,0,0,0,0,0,0,0,0,0,0,6,19,0,0,0,0,0,1,0,0,0,0,0,0,0,0,0,0,0,0,0,1,0,0,0,0,0,0,0,0,0,0,0,0,0,0,0,0,0,0,-1,-1,-1,-1,-1,-1,-1,-1,-1,-1,-1,-1,-1,-1,-1,-1,-1,-1,-1,-1,0,-1.0,0,26496,312,417,1,2,0,3577,0,-1,0,0,0,1
2,0,0,1,0,0,0,0,0,0,0,0,0,0,0,0,0,1,19,2,0,0,0,0,0,0,0,0,0,0,0,0,0,0,0,0,4,18,0,0,0,0,0,1,0,0,0,0,0,0,0,0,0,0,0,0,0,1,0,0,0,0,0,0,0,0,0,0,0,0,0,0,0,0,0,0,-1,-1,-1,-1,-1,-1,-1,-1,-1,-1,-1,-1,-1,-1,-1,-1,-1,-1,-1,-1,0,0.558816,1,262254,90,274,1,2,2,50,1,0,0,0,0,1
2,0,0,0,0,0,0,0,0,0,0,0,0,0,0,0,0,1,13,2,0,0,0,0,0,0,0,0,0,0,0,0,0,0,0,0,3,13,0,0,-1,-1,-1,-1,-1,-1,-1,-1,-1,-1,-1,-1,-1,-1,-1,-1,-1,-1,-1,-1,-1,-1,-1,-1,-1,-1,-1,-1,-1,-1,-1,-1,-1,-1,-1,-1,-1,-1,-1,-1,-1,-1,-1,-1,-1,-1,-1,-1,-1,-1,-1,-1,-1,-1,-1,-1,0,0.226568,-1,32787,83,281,1,2,1,299,0,0,0,0,0,0
3,0,0,6,0,0,0,0,0,0,0,0,0,0,0,0,0,1,78,2,0,0,0,0,0,0,0,0,0,0,0,0,0,0,0,0,8,26,0,0,1,0,0,6,0,0,0,0,0,0,0,0,0,0,0,0,0,52,1,0,0,0,0,0,0,0,0,0,0,0,0,0,0,0,0,12,-1,-1,-1,-1,-1,-1,-1,-1,-1,-1,-1,-1,-1,-1,-1,-1,-1,-1,-1,-1,0,0.092923,0,-1,3131,155,2,2,1,898,0,0,0,0,0,1
2,0,0,2,0,0,0,0,0,0,0,0,0,0,0,0,0,1,19,2,0,0,0,0,0,0,0,0,0,0,0,0,0,0,0,0,1,11,0,0,0,0,0,2,0,0,0,0,0,0,0,0,0,0,0,0,0,8,0,0,0,0,0,0,0,0,0,0,0,0,0,0,0,0,0,0,-1,-1,-1,-1,-1,-1,-1,-1,-1,-1,-1,-1,-1,-1,-1,-1,-1,-1,-1,-1,0,0.376725,0,16509,10674,281,4,4,2,121,1,2,0,0,0,0
3,0,1,2,0,0,0,0,0,0,0,0,0,0,0,0,0,1,36,2,0,0,0,0,0,0,0,0,0,0,0,0,0,0,0,0,4,14,0,0,1,0,1,2,0,0,0,0,0,0,0,0,0,0,0,0,0,22,1,0,1,0,0,0,0,0,0,0,0,0,0,0,0,0,0,13,-1,-1,-1,-1,-1,-1,-1,-1,-1,-1,-1,-1,-1,-1,-1,-1,-1,-1,-1,-1,0,0.067665,0,20940,9340,3444,1,4,1,3600,1,0,0,0,0,0
4,0,0,0,0,0,0,0,0,0,0,0,0,0,0,0,0,1,31,4,0,0,0,0,0,0,0,0,0,0,0,0,0,0,0,0,10,31,0,0,-1,-1,-1,-1,-1,-1,-1,-1,-1,-1,-1,-1,-1,-1,-1,-1,-1,-1,-1,-1,-1,-1,-1,-1,-1,-1,-1,-1,-1,-1,-1,-1,-1,-1,-1,-1,-1,-1,-1,-1,-1,-1,-1,-1,-1,-1,-1,-1,-1,-1,-1,-1,-1,-1,-1,-1,0,1.078982,0,28602,7979,-1,1,2,1,21597,0,0,0,0,0,0
1,1,0,5,0,1,0,0,0,0,0,0,0,0,0,0,0,1,72,1,0,0,0,0,0,0,0,0,0,0,0,0,0,0,0,0,3,14,0,0,0,1,0,5,0,1,0,0,0,0,0,0,0,0,0,0,0,58,0,0,0,0,0,0,0,0,0,0,0,0,0,0,0,0,0,0,-1,-1,-1,-1,-1,-1,-1,-1,-1,-1,-1,-1,-1,-1,-1,-1,-1,-1,-1,-1,0,0.885824,1,24323,4838,640,1,5,1,1260,0,0,0,0,0,1
2,0,0,0,0,0,0,0,0,0,0,0,0,0,0,0,0,1,16,2,0,0,0,0,0,0,0,0,0,0,0,0,0,0,0,0,5,16,0,0,-1,-1,-1,-1,-1,-1,-1,-1,-1,-1,-1,-1,-1,-1,-1,-1,-1,-1,-1,-1,-1,-1,-1,-1,-1,-1,-1,-1,-1,-1,-1,-1,-1,-1,-1,-1,-1,-1,-1,-1,-1,-1,-1,-1,-1,-1,-1,-1,-1,-1,-1,-1,-1,-1,-1,-1,0,0.40835,0,16276,5885,323,1,2,1,10261,1,0,0,0,0,0
2,0,0,0,0,0,0,0,0,0,0,0,0,0,0,0,0,1,20,2,0,0,0,0,0,0,0,0,0,0,0,0,0,0,0,0,5,20,0,0,-1,-1,-1,-1,-1,-1,-1,-1,-1,-1,-1,-1,-1,-1,-1,-1,-1,-1,-1,-1,-1,-1,-1,-1,-1,-1,-1,-1,-1,-1,-1,-1,-1,-1,-1,-1,-1,-1,-1,-1,-1,-1,-1,-1,-1,-1,-1,-1,-1,-1,-1,-1,-1,-1,-1,-1,0,0.388839,0,26496,5632,211,1,2,2,592,0,2,0,0,0,0
2,0,0,1,0,0,0,0,0,0,0,0,0,0,0,0,0,1,24,2,0,0,0,0,0,0,0,0,0,0,0,0,0,0,0,0,6,23,0,0,0,0,0,1,0,0,0,0,0,0,0,0,0,0,0,0,0,1,0,0,0,0,0,0,0,0,0,0,0,0,0,0,0,0,0,0,-1,-1,-1,-1,-1,-1,-1,-1,-1,-1,-1,-1,-1,-1,-1,-1,-1,-1,-1,-1,0,0.6202770000000001,0,26753,-1,-1,1,2,1,3590,1,0,0,0,0,1
3,0,0,0,0,0,0,0,0,0,0,0,0,0,0,0,0,1,18,3,0,0,0,0,0,0,0,0,0,0,0,0,0,0,0,0,5,18,0,0,-1,-1,-1,-1,-1,-1,-1,-1,-1,-1,-1,-1,-1,-1,-1,-1,-1,-1,-1,-1,-1,-1,-1,-1,-1,-1,-1,-1,-1,-1,-1,-1,-1,-1,-1,-1,-1,-1,-1,-1,-1,-1,-1,-1,-1,-1,-1,-1,-1,-1,-1,-1,-1,-1,-1,-1,0,0.493807,0,-1,-1,-1,1,2,2,14399,1,1,0,0,0,0
1,0,0,3,0,0,0,0,0,0,0,0,0,0,0,0,0,1,37,1,0,0,0,0,0,0,0,0,0,0,0,0,0,0,0,0,5,14,0,0,0,0,0,3,0,0,0,0,0,0,0,0,0,0,0,0,0,23,0,0,0,0,0,0,0,0,0,0,0,0,0,0,0,0,0,6,-1,-1,-1,-1,-1,-1,-1,-1,-1,-1,-1,-1,-1,-1,-1,-1,-1,-1,-1,-1,0,1.180478,1,46606,3660,356,1,2,6,10667,1,1,0,0,0,1
2,0,0,1,0,0,0,0,0,0,0,0,0,0,0,0,0,1,22,2,0,0,0,0,0,0,0,0,0,0,0,0,0,0,0,0,6,21,0,0,0,0,0,1,0,0,0,0,0,0,0,0,0,0,0,0,0,1,0,0,0,0,0,0,0,0,0,0,0,0,0,0,0,0,0,0,-1,-1,-1,-1,-1,-1,-1,-1,-1,-1,-1,-1,-1,-1,-1,-1,-1,-1,-1,-1,0,0.236794,0,15169,-1,-1,1,4,0,144,1,1,0,0,0,1
2,0,0,0,0,0,0,0,0,0,0,0,0,0,0,0,0,1,17,2,0,0,0,0,0,0,0,0,0,0,0,0,0,0,0,0,6,17,0,0,-1,-1,-1,-1,-1,-1,-1,-1,-1,-1,-1,-1,-1,-1,-1,-1,-1,-1,-1,-1,-1,-1,-1,-1,-1,-1,-1,-1,-1,-1,-1,-1,-1,-1,-1,-1,-1,-1,-1,-1,-1,-1,-1,-1,-1,-1,-1,-1,-1,-1,-1,-1,-1,-1,-1,-1,0,0.4838270000000001,0,20940,8209,191,1,4,0,10,1,1,0,0,0,0
2,2,0,2,0,0,0,0,0,0,0,0,0,0,0,0,0,1,38,2,0,0,0,0,0,0,0,0,0,0,0,0,0,0,0,0,1,11,0,0,0,2,0,2,0,0,0,0,0,0,0,0,0,0,0,0,0,27,0,2,0,0,0,0,0,0,0,0,0,0,0,0,0,0,0,21,-1,-1,-1,-1,-1,-1,-1,-1,-1,-1,-1,-1,-1,-1,-1,-1,-1,-1,-1,-1,0,1.036066,0,-1,10674,281,4,4,2,213,1,1,0,0,0,0
2,1,1,4,0,0,0,0,0,0,0,0,0,0,0,0,0,1,52,2,1,0,0,0,0,0,0,0,0,0,0,0,0,0,0,0,10,33,0,0,0,0,1,4,0,0,0,0,0,0,0,0,0,0,0,0,0,19,0,0,0,0,0,0,0,0,0,0,0,0,0,0,0,0,0,0,-1,-1,-1,-1,-1,-1,-1,-1,-1,-1,-1,-1,-1,-1,-1,-1,-1,-1,-1,-1,0,0.26182,0,47583,-1,-1,1,1,1,24,1,0,0,0,0,1
2,0,0,1,0,0,0,0,0,0,0,0,0,0,0,0,0,1,15,2,0,0,0,0,0,0,0,0,0,0,0,0,0,0,0,0,3,12,0,0,0,0,0,1,0,0,0,0,0,0,0,0,0,0,0,0,0,3,0,0,0,0,0,0,0,0,0,0,0,0,0,0,0,0,0,2,-1,-1,-1,-1,-1,-1,-1,-1,-1,-1,-1,-1,-1,-1,-1,-1,-1,-1,-1,-1,0,0.123607,0,54113,7799,3522,2,4,5,22,1,1,0,0,0,0
2,0,0,3,0,0,0,0,0,0,0,0,0,0,0,0,0,1,46,2,0,0,0,0,0,0,0,0,0,0,0,0,0,0,0,0,9,28,0,0,0,0,0,3,0,0,0,0,0,0,0,0,0,0,0,0,0,18,0,0,0,0,0,0,0,0,0,0,0,0,0,0,0,0,0,2,-1,-1,-1,-1,-1,-1,-1,-1,-1,-1,-1,-1,-1,-1,-1,-1,-1,-1,-1,-1,0,0.239613,0,55053,-1,-1,1,2,1,1591,1,0,0,0,0,0
2,0,0,1,0,0,0,0,0,0,0,0,0,0,0,0,0,1,19,2,0,0,0,0,0,0,0,0,0,0,0,0,0,0,0,0,6,18,0,0,0,0,0,1,0,0,0,0,0,0,0,0,0,0,0,0,0,1,0,0,0,0,0,0,0,0,0,0,0,0,0,0,0,0,0,0,-1,-1,-1,-1,-1,-1,-1,-1,-1,-1,-1,-1,-1,-1,-1,-1,-1,-1,-1,-1,0,0.849076,0,51468,4904,208,1,2,3,3592,0,1,0,0,0,1
2,0,0,3,0,0,0,0,0,0,0,0,0,0,0,0,0,1,41,2,0,0,0,0,0,0,0,0,0,0,0,0,0,0,0,0,5,16,0,0,0,0,0,3,0,0,0,0,0,0,0,0,0,0,0,0,0,25,0,0,0,0,0,0,0,0,0,0,0,0,0,0,0,0,0,0,-1,-1,-1,-1,-1,-1,-1,-1,-1,-1,-1,-1,-1,-1,-1,-1,-1,-1,-1,-1,0,0.294644,0,13335,6358,3137,2,2,1,276,1,0,0,0,0,0
2,2,0,2,0,0,0,0,0,0,0,0,0,0,0,0,0,1,43,1,0,0,0,0,0,0,0,0,0,0,0,0,0,0,0,0,9,19,0,0,1,2,0,2,0,0,0,0,0,0,0,0,0,0,0,0,0,24,1,1,0,0,0,0,0,0,0,0,0,0,0,0,0,0,0,15,-1,-1,-1,-1,-1,-1,-1,-1,-1,-1,-1,-1,-1,-1,-1,-1,-1,-1,-1,-1,0,0.783053,0,15244,1852,1434,1,2,1,14390,0,0,0,0,0,1
3,0,0,2,0,0,0,0,0,0,0,0,0,0,0,0,0,1,33,2,0,0,0,0,0,0,0,0,0,0,0,0,0,0,0,0,6,16,0,0,1,0,0,2,0,0,0,0,0,0,0,0,0,0,0,0,0,17,1,0,0,0,0,0,0,0,0,0,0,0,0,0,0,0,0,9,-1,-1,-1,-1,-1,-1,-1,-1,-1,-1,-1,-1,-1,-1,-1,-1,-1,-1,-1,-1,0,0.292516,0,26496,-1,-1,1,2,2,4209,0,-1,0,0,0,1
2,1,0,2,0,0,0,0,0,0,0,0,0,0,0,0,0,1,43,2,0,0,0,0,0,0,0,0,0,0,0,0,0,0,0,0,7,22,0,0,0,1,0,2,0,0,0,0,0,0,0,0,0,0,0,0,0,21,0,0,0,0,0,0,0,0,0,0,0,0,0,0,0,0,0,0,-1,-1,-1,-1,-1,-1,-1,-1,-1,-1,-1,-1,-1,-1,-1,-1,-1,-1,-1,-1,0,0.774722,0,53831,470,1720,4,2,0,599,1,0,0,0,0,1
2,0,0,4,0,0,0,0,0,0,0,0,0,0,0,0,0,1,51,2,0,0,0,0,0,0,0,0,0,0,0,0,0,0,0,0,5,23,0,0,0,0,0,4,0,0,0,0,0,0,0,0,0,0,0,0,0,28,0,0,0,0,0,0,0,0,0,0,0,0,0,0,0,0,0,0,-1,-1,-1,-1,-1,-1,-1,-1,-1,-1,-1,-1,-1,-1,-1,-1,-1,-1,-1,-1,0,0.322303,0,47583,-1,-1,1,1,1,52,1,0,0,0,0,1
2,0,0,1,0,0,0,0,0,0,0,0,0,0,0,0,0,1,19,1,0,0,0,0,0,0,0,0,0,0,0,0,0,0,0,0,4,13,0,0,1,0,0,1,0,0,0,0,0,0,0,0,0,0,0,0,0,6,1,0,0,0,0,0,0,0,0,0,0,0,0,0,0,0,0,5,-1,-1,-1,-1,-1,-1,-1,-1,-1,-1,-1,-1,-1,-1,-1,-1,-1,-1,-1,-1,0,0.970897,0,24299,1897,293,1,2,1,6272,0,0,0,0,0,1
1,2,0,8,0,0,0,0,0,0,0,0,0,0,0,0,0,1,91,1,0,0,0,0,0,0,0,0,0,0,0,0,0,0,0,0,3,12,0,0,0,2,0,8,0,0,0,0,0,0,0,0,0,0,0,0,0,55,0,0,0,0,0,0,0,0,0,0,0,0,0,0,0,0,0,0,0,0,0,0,0,0,0,0,0,0,0,0,0,0,0,0,0,24,0,0,0,2.263674,0,26496,2734,187,1,2,5,595,0,0,0,0,0,1
2,1,0,3,0,0,0,0,0,0,0,0,0,0,0,0,0,1,35,2,0,0,0,0,0,0,0,0,0,0,0,0,0,0,0,0,4,15,0,0,0,1,0,3,0,0,0,0,0,0,0,0,0,0,0,0,0,20,0,0,0,0,0,0,0,0,0,0,0,0,0,0,0,0,0,0,-1,-1,-1,-1,-1,-1,-1,-1,-1,-1,-1,-1,-1,-1,-1,-1,-1,-1,-1,-1,0,2.609108,-1,22611,-1,-1,1,2,1,13694,1,0,0,0,0,1
12,3,0,8,2,10,0,10,0,0,0,0,0,0,0,0,0,3,284,1,0,0,0,0,0,0,0,0,0,0,0,0,0,0,0,0,1,11,0,0,0,0,0,1,0,0,0,0,0,0,0,0,0,0,0,0,0,7,0,0,0,0,0,0,0,0,0,0,0,0,0,0,0,0,0,6,11,3,0,7,2,10,0,10,0,0,0,0,0,0,0,0,0,266,1,3,0,0.539607,0,23650,2598,323,1,2,0,575,0,0,0,0,0,1
4,0,0,0,0,0,0,0,0,0,0,0,0,0,0,0,0,1,20,4,0,0,0,0,0,0,0,0,0,0,0,0,0,0,0,0,4,20,0,0,-1,-1,-1,-1,-1,-1,-1,-1,-1,-1,-1,-1,-1,-1,-1,-1,-1,-1,-1,-1,-1,-1,-1,-1,-1,-1,-1,-1,-1,-1,-1,-1,-1,-1,-1,-1,-1,-1,-1,-1,-1,-1,-1,-1,-1,-1,-1,-1,-1,-1,-1,-1,-1,-1,-1,-1,0,5.236071,1,262295,8062,-1,1,2,7,14378,0,1,0,0,0,0
1,0,0,1,0,0,0,0,0,0,0,0,0,0,0,0,0,1,21,1,0,0,0,0,0,0,0,0,0,0,0,0,0,0,0,0,6,16,0,0,0,0,0,1,0,0,0,0,0,0,0,0,0,0,0,0,0,5,0,0,0,0,0,0,0,0,0,0,0,0,0,0,0,0,0,4,-1,-1,-1,-1,-1,-1,-1,-1,-1,-1,-1,-1,-1,-1,-1,-1,-1,-1,-1,-1,0,0.241282,-1,200000,2762,159,1,2,2,292,1,1,0,0,0,0
3,0,0,6,0,0,0,0,0,0,0,0,0,0,0,0,0,1,66,3,0,0,0,0,0,0,0,0,0,0,0,0,0,0,0,0,6,23,0,0,0,0,0,6,0,0,0,0,0,0,0,0,0,0,0,0,0,43,0,0,0,0,0,0,0,0,0,0,0,0,0,0,0,0,0,5,-1,-1,-1,-1,-1,-1,-1,-1,-1,-1,-1,-1,-1,-1,-1,-1,-1,-1,-1,-1,0,6.876865,0,21911,4235,147,1,2,1,3597,1,1,0,0,0,1
1,0,0,0,0,0,0,0,0,0,0,0,0,0,0,0,0,1,10,1,0,0,0,0,0,0,0,0,0,0,0,0,0,0,0,0,3,10,0,0,-1,-1,-1,-1,-1,-1,-1,-1,-1,-1,-1,-1,-1,-1,-1,-1,-1,-1,-1,-1,-1,-1,-1,-1,-1,-1,-1,-1,-1,-1,-1,-1,-1,-1,-1,-1,-1,-1,-1,-1,-1,-1,-1,-1,-1,-1,-1,-1,-1,-1,-1,-1,-1,-1,-1,-1,0,0.250269,-1,32787,2709,212,1,2,1,290,0,0,0,0,0,0
3,0,0,0,0,0,0,0,0,0,0,0,0,0,0,0,0,1,16,3,0,0,0,0,0,0,0,0,0,0,0,0,0,0,0,0,5,16,0,0,-1,-1,-1,-1,-1,-1,-1,-1,-1,-1,-1,-1,-1,-1,-1,-1,-1,-1,-1,-1,-1,-1,-1,-1,-1,-1,-1,-1,-1,-1,-1,-1,-1,-1,-1,-1,-1,-1,-1,-1,-1,-1,-1,-1,-1,-1,-1,-1,-1,-1,-1,-1,-1,-1,-1,-1,0,0.248533,0,15169,-1,-1,1,4,5,299,1,0,0,0,0,0
1,0,0,1,0,0,0,0,0,0,0,0,0,0,0,0,0,1,13,1,0,0,0,0,0,0,0,0,0,0,0,0,0,0,0,0,5,12,0,0,0,0,0,1,0,0,0,0,0,0,0,0,0,0,0,0,0,1,0,0,0,0,0,0,0,0,0,0,0,0,0,0,0,0,0,0,-1,-1,-1,-1,-1,-1,-1,-1,-1,-1,-1,-1,-1,-1,-1,-1,-1,-1,-1,-1,0,0.113794,1,13335,4026,356,2,2,1,292,1,1,0,0,0,0
2,1,0,5,0,0,0,0,0,0,0,0,0,0,0,0,0,1,57,1,0,0,0,0,0,0,0,0,0,0,0,0,0,0,0,0,7,18,0,0,1,1,0,5,0,0,0,0,0,0,0,0,0,0,0,0,0,39,1,0,0,0,0,0,0,0,0,0,0,0,0,0,0,0,0,11,-1,-1,-1,-1,-1,-1,-1,-1,-1,-1,-1,-1,-1,-1,-1,-1,-1,-1,-1,-1,0,0.432934,0,26496,1573,252,1,2,2,592,0,0,0,0,0,1
5,1,0,3,0,0,0,0,0,0,0,0,0,0,0,0,0,1,55,2,1,0,0,0,0,0,0,0,0,0,0,0,0,0,0,0,4,17,0,0,3,0,0,3,0,0,0,0,0,0,0,0,0,0,0,0,0,38,0,0,0,0,0,0,0,0,0,0,0,0,0,0,0,0,0,0,-1,-1,-1,-1,-1,-1,-1,-1,-1,-1,-1,-1,-1,-1,-1,-1,-1,-1,-1,-1,0,0.16796,0,12824,-1,-1,1,3,1,3592,0,-1,0,0,0,1
2,0,0,1,0,0,0,0,0,0,0,0,0,0,0,0,0,1,22,2,0,0,0,0,0,0,0,0,0,0,0,0,0,0,0,0,5,21,0,0,0,0,0,1,0,0,0,0,0,0,0,0,0,0,0,0,0,1,0,0,0,0,0,0,0,0,0,0,0,0,0,0,0,0,0,0,-1,-1,-1,-1,-1,-1,-1,-1,-1,-1,-1,-1,-1,-1,-1,-1,-1,-1,-1,-1,0,0.160871,0,50673,9,355,1,2,0,3598,0,0,0,0,0,1
1,0,0,0,0,0,0,0,0,0,0,0,0,0,0,0,0,1,12,1,0,0,0,0,0,0,0,0,0,0,0,0,0,0,0,0,4,12,0,0,-1,-1,-1,-1,-1,-1,-1,-1,-1,-1,-1,-1,-1,-1,-1,-1,-1,-1,-1,-1,-1,-1,-1,-1,-1,-1,-1,-1,-1,-1,-1,-1,-1,-1,-1,-1,-1,-1,-1,-1,-1,-1,-1,-1,-1,-1,-1,-1,-1,-1,-1,-1,-1,-1,-1,-1,0,0.478496,-1,201193,7518,176,4,4,1,3486,1,1,0,0,0,0
2,0,0,3,0,0,0,0,0,0,0,0,0,0,0,0,0,1,41,2,0,0,0,0,0,0,0,0,0,0,0,0,0,0,0,0,6,16,0,0,0,0,0,3,0,0,0,0,0,0,0,0,0,0,0,0,0,25,0,0,0,0,0,0,0,0,0,0,0,0,0,0,0,0,0,0,-1,-1,-1,-1,-1,-1,-1,-1,-1,-1,-1,-1,-1,-1,-1,-1,-1,-1,-1,-1,0,0.190613,0,15169,-1,-1,1,4,5,145,1,0,0,0,0,1
2,0,0,3,0,0,0,0,0,0,0,0,0,0,0,0,0,1,47,2,0,0,0,0,0,0,0,0,0,0,0,0,0,0,0,0,9,28,0,0,0,0,0,3,0,0,0,0,0,0,0,0,0,0,0,0,0,19,0,0,0,0,0,0,0,0,0,0,0,0,0,0,0,0,0,3,-1,-1,-1,-1,-1,-1,-1,-1,-1,-1,-1,-1,-1,-1,-1,-1,-1,-1,-1,-1,0,0.398967,0,55053,-1,-1,1,2,1,3339,1,0,0,0,0,0
2,0,0,3,0,0,0,0,0,0,0,0,0,0,0,0,0,1,41,2,0,0,0,0,0,0,0,0,0,0,0,0,0,0,0,0,6,16,0,0,0,0,0,3,0,0,0,0,0,0,0,0,0,0,0,0,0,25,0,0,0,0,0,0,0,0,0,0,0,0,0,0,0,0,0,0,-1,-1,-1,-1,-1,-1,-1,-1,-1,-1,-1,-1,-1,-1,-1,-1,-1,-1,-1,-1,0,0.20325,0,15169,-1,-1,1,4,5,269,1,0,0,0,0,1
2,0,0,0,0,0,0,0,0,0,0,0,0,0,0,0,0,1,13,2,0,0,0,0,0,0,0,0,0,0,0,0,0,0,0,0,2,13,0,0,-1,-1,-1,-1,-1,-1,-1,-1,-1,-1,-1,-1,-1,-1,-1,-1,-1,-1,-1,-1,-1,-1,-1,-1,-1,-1,-1,-1,-1,-1,-1,-1,-1,-1,-1,-1,-1,-1,-1,-1,-1,-1,-1,-1,-1,-1,-1,-1,-1,-1,-1,-1,-1,-1,-1,-1,0,0.290628,0,63949,4658,89,1,5,5,298,0,0,0,0,0,0
1,1,0,0,0,0,0,0,0,0,0,0,0,0,0,0,0,1,19,1,1,0,0,0,0,0,0,0,0,0,0,0,0,0,0,0,6,19,0,0,-1,-1,-1,-1,-1,-1,-1,-1,-1,-1,-1,-1,-1,-1,-1,-1,-1,-1,-1,-1,-1,-1,-1,-1,-1,-1,-1,-1,-1,-1,-1,-1,-1,-1,-1,-1,-1,-1,-1,-1,-1,-1,-1,-1,-1,-1,-1,-1,-1,-1,-1,-1,-1,-1,-1,-1,0,0.093332,1,13335,4063,2876,2,2,5,292,1,3,0,0,0,0
2,0,0,3,0,0,0,0,0,0,0,0,0,0,0,0,0,1,39,2,0,0,0,0,0,0,0,0,0,0,0,0,0,0,0,0,6,16,0,0,0,0,0,3,0,0,0,0,0,0,0,0,0,0,0,0,0,23,0,0,0,0,0,0,0,0,0,0,0,0,0,0,0,0,0,0,-1,-1,-1,-1,-1,-1,-1,-1,-1,-1,-1,-1,-1,-1,-1,-1,-1,-1,-1,-1,0,0.19039,0,15169,-1,-1,1,4,5,168,1,1,0,0,0,1
1,0,0,2,0,1,0,0,0,0,0,0,0,0,0,0,0,1,68,1,0,0,0,0,0,0,0,0,0,0,0,0,0,0,0,0,6,16,0,0,0,0,0,2,0,0,0,0,0,0,0,0,0,0,0,0,0,11,0,0,0,0,0,0,0,0,0,0,0,0,0,0,0,0,0,0,0,0,0,0,0,1,0,0,0,0,0,0,0,0,0,0,0,41,0,0,0,0.199489,1,20013,3177,109,1,2,1,9567,1,1,0,0,0,1
3,1,0,5,0,1,1,0,0,0,0,0,0,0,0,0,0,2,114,1,0,0,0,0,0,0,0,0,0,0,0,0,0,0,0,0,7,18,0,0,1,1,0,5,0,0,0,0,0,0,0,0,0,0,0,0,0,73,1,0,0,0,0,0,0,0,0,0,0,0,0,0,0,0,0,9,1,0,0,0,0,1,1,0,0,0,0,0,0,0,0,0,0,23,1,1,1,0.442442,-1,9186,-1,-1,1,3,1,10376,0,0,0,0,0,1
1,0,0,0,0,0,0,0,0,0,0,0,0,0,0,0,0,1,10,1,0,0,0,0,0,0,0,0,0,0,0,0,0,0,0,0,4,10,0,0,-1,-1,-1,-1,-1,-1,-1,-1,-1,-1,-1,-1,-1,-1,-1,-1,-1,-1,-1,-1,-1,-1,-1,-1,-1,-1,-1,-1,-1,-1,-1,-1,-1,-1,-1,-1,-1,-1,-1,-1,-1,-1,-1,-1,-1,-1,-1,-1,-1,-1,-1,-1,-1,-1,-1,-1,0,-1.0,0,-1,-1,-1,-1,4,0,-1,0,-1,0,0,0,0
3,0,0,2,0,1,1,0,0,0,0,0,0,0,0,0,0,2,50,1,0,0,0,0,0,0,0,0,0,0,0,0,0,0,0,0,6,14,0,0,1,0,0,2,0,0,0,0,0,0,0,0,0,0,0,0,0,14,1,0,0,0,0,0,0,0,0,0,0,0,0,0,0,0,0,9,1,0,0,0,0,1,1,0,0,0,0,0,0,0,0,0,0,22,1,1,1,0.049195,1,19551,2319,236,2,2,1,14351,0,0,0,0,0,1
2,0,0,3,0,0,0,0,0,0,0,0,0,0,0,0,0,1,37,1,0,0,0,0,0,0,0,0,0,0,0,0,0,0,0,0,8,21,0,0,1,0,0,3,0,0,0,0,0,0,0,0,0,0,0,0,0,16,1,0,0,0,0,0,0,0,0,0,0,0,0,0,0,0,0,7,-1,-1,-1,-1,-1,-1,-1,-1,-1,-1,-1,-1,-1,-1,-1,-1,-1,-1,-1,-1,0,2.173607,1,26496,1660,530,1,2,2,587,1,1,0,0,0,1
1,0,0,2,0,0,0,0,0,0,0,0,0,0,0,0,0,1,18,1,0,0,0,0,0,0,0,0,0,0,0,0,0,0,0,0,3,12,0,0,0,0,0,2,0,0,0,0,0,0,0,0,0,0,0,0,0,6,0,0,0,0,0,0,0,0,0,0,0,0,0,0,0,0,0,0,-1,-1,-1,-1,-1,-1,-1,-1,-1,-1,-1,-1,-1,-1,-1,-1,-1,-1,-1,-1,0,0.296583,1,20013,1580,245,1,2,1,9526,0,2,0,0,0,1
2,0,0,3,0,0,0,0,0,0,0,0,0,0,0,0,0,1,34,2,0,0,0,0,0,0,0,0,0,0,0,0,0,0,0,0,6,20,0,0,0,0,0,3,0,0,0,0,0,0,0,0,0,0,0,0,0,14,0,0,0,0,0,0,0,0,0,0,0,0,0,0,0,0,0,0,-1,-1,-1,-1,-1,-1,-1,-1,-1,-1,-1,-1,-1,-1,-1,-1,-1,-1,-1,-1,0,10.051056,0,18747,4766,346,1,3,5,740,0,0,0,0,0,1
3,1,0,4,0,1,0,0,0,0,0,0,0,0,0,0,0,1,64,2,0,0,0,0,0,0,0,0,0,0,0,0,0,0,0,0,5,20,0,0,1,1,0,4,0,0,0,0,0,0,0,0,0,0,0,0,0,40,1,0,0,0,0,0,0,0,0,0,0,0,0,0,0,0,0,17,0,0,0,0,0,1,0,0,0,0,0,0,0,0,0,0,0,4,0,0,0,14.004712,0,26347,2208,347,1,3,0,1588,0,0,0,0,0,1
3,0,0,1,0,0,0,0,0,0,0,0,0,0,0,0,0,1,18,2,0,0,0,0,0,0,0,0,0,0,0,0,0,0,0,0,1,10,0,0,1,0,0,1,0,0,0,0,0,0,0,0,0,0,0,0,0,8,1,0,0,0,0,0,0,0,0,0,0,0,0,0,0,0,0,7,-1,-1,-1,-1,-1,-1,-1,-1,-1,-1,-1,-1,-1,-1,-1,-1,-1,-1,-1,-1,0,1.6424849999999998,1,59396,-1,-1,1,4,1,889,0,0,0,0,0,1
1,0,0,2,0,0,0,0,0,0,0,0,0,0,0,0,0,1,30,1,0,0,0,0,0,0,0,0,0,0,0,0,0,0,0,0,9,21,0,0,0,0,0,2,0,0,0,0,0,0,0,0,0,0,0,0,0,9,0,0,0,0,0,0,0,0,0,0,0,0,0,0,0,0,0,0,-1,-1,-1,-1,-1,-1,-1,-1,-1,-1,-1,-1,-1,-1,-1,-1,-1,-1,-1,-1,0,0.345113,-1,26496,2888,33,1,2,2,3530,0,0,0,0,0,1
2,0,0,4,0,0,0,0,0,0,0,0,0,0,0,0,0,2,29,1,0,0,0,0,0,0,0,0,0,0,0,0,0,0,0,0,2,7,0,0,0,0,0,1,0,0,0,0,0,0,0,0,0,0,0,0,0,1,0,0,0,0,0,0,0,0,0,0,0,0,0,0,0,0,0,0,1,0,0,3,0,0,0,0,0,0,0,0,0,0,0,0,0,21,1,0,0,0.228099,-1,2635,-1,-1,2,3,0,4352,1,0,0,0,1,1
2,0,1,3,0,0,0,0,0,0,0,0,0,0,0,0,0,1,33,2,0,0,0,0,0,0,0,0,0,0,0,0,0,0,0,0,6,16,0,0,0,0,1,3,0,0,0,0,0,0,0,0,0,0,0,0,0,17,0,0,0,0,0,0,0,0,0,0,0,0,0,0,0,0,0,0,-1,-1,-1,-1,-1,-1,-1,-1,-1,-1,-1,-1,-1,-1,-1,-1,-1,-1,-1,-1,0,0.128124,0,43428,-1,-1,2,5,3,44,1,2,0,0,0,0
2,1,1,4,0,1,0,0,0,0,0,0,0,0,0,0,0,1,65,2,0,0,0,0,0,0,0,0,0,0,0,0,0,0,0,0,5,17,0,0,0,1,0,4,0,0,0,0,0,0,0,0,0,0,0,0,0,30,0,0,0,0,0,0,0,0,0,0,0,0,0,0,0,0,0,0,0,0,1,0,0,1,0,0,0,0,0,0,0,0,0,0,0,18,0,1,0,-1.0,0,29818,-1,-1,1,4,5,289,0,5,0,0,0,0
3,0,0,5,0,0,0,0,0,0,0,0,0,0,0,0,0,1,67,2,0,0,0,0,0,0,0,0,0,0,0,0,0,0,0,0,8,23,0,0,1,0,0,5,0,0,0,0,0,0,0,0,0,0,0,0,0,44,1,0,0,0,0,0,0,0,0,0,0,0,0,0,0,0,0,10,-1,-1,-1,-1,-1,-1,-1,-1,-1,-1,-1,-1,-1,-1,-1,-1,-1,-1,-1,-1,0,1.165722,-1,8100,2974,312,1,2,1,14380,1,0,0,0,0,1
2,0,0,0,0,0,0,0,0,0,0,0,0,0,0,0,0,1,16,2,0,0,0,0,0,0,0,0,0,0,0,0,0,0,0,0,4,16,0,0,-1,-1,-1,-1,-1,-1,-1,-1,-1,-1,-1,-1,-1,-1,-1,-1,-1,-1,-1,-1,-1,-1,-1,-1,-1,-1,-1,-1,-1,-1,-1,-1,-1,-1,-1,-1,-1,-1,-1,-1,-1,-1,-1,-1,-1,-1,-1,-1,-1,-1,-1,-1,-1,-1,-1,-1,0,0.332565,0,29873,2635,286,1,2,1,3599,0,0,0,0,0,0
2,0,0,0,0,0,0,0,0,0,0,0,0,0,0,0,0,1,15,2,0,0,0,0,0,0,0,0,0,0,0,0,0,0,0,0,5,15,0,0,-1,-1,-1,-1,-1,-1,-1,-1,-1,-1,-1,-1,-1,-1,-1,-1,-1,-1,-1,-1,-1,-1,-1,-1,-1,-1,-1,-1,-1,-1,-1,-1,-1,-1,-1,-1,-1,-1,-1,-1,-1,-1,-1,-1,-1,-1,-1,-1,-1,-1,-1,-1,-1,-1,-1,-1,0,0.309889,0,14618,6361,212,2,4,0,13,0,1,0,0,0,0
5,4,0,10,0,0,0,0,0,0,0,0,0,0,0,0,0,2,164,1,0,0,0,0,0,0,0,0,0,0,0,0,0,0,0,0,5,12,0,0,4,4,0,10,0,0,0,0,0,0,0,0,0,0,0,0,0,144,1,1,0,0,0,0,0,0,0,0,0,0,0,0,0,0,0,13,0,0,0,0,0,0,0,0,0,0,0,0,0,0,0,0,0,8,0,0,0,1.010326,0,16276,2553,3,1,2,3,0,1,0,0,0,0,1
3,0,0,4,0,0,0,0,0,0,0,0,0,0,0,0,0,1,136,3,0,0,0,0,0,0,0,0,0,0,0,0,0,0,0,0,6,18,0,0,0,0,0,4,0,0,0,0,0,0,0,0,0,0,0,0,0,118,0,0,0,0,0,0,0,0,0,0,0,0,0,0,0,0,0,0,-1,-1,-1,-1,-1,-1,-1,-1,-1,-1,-1,-1,-1,-1,-1,-1,-1,-1,-1,-1,0,0.438166,-1,20013,-1,-1,1,2,5,13034,1,1,0,0,0,1
1,0,0,0,0,0,0,0,0,0,0,0,0,0,0,0,0,1,11,1,0,0,0,0,0,0,0,0,0,0,0,0,0,0,0,0,4,11,0,0,-1,-1,-1,-1,-1,-1,-1,-1,-1,-1,-1,-1,-1,-1,-1,-1,-1,-1,-1,-1,-1,-1,-1,-1,-1,-1,-1,-1,-1,-1,-1,-1,-1,-1,-1,-1,-1,-1,-1,-1,-1,-1,-1,-1,-1,-1,-1,-1,-1,-1,-1,-1,-1,-1,-1,-1,0,1.489878,0,14618,2696,225,1,4,0,284,0,-1,0,0,0,0
3,0,0,0,0,0,0,0,0,0,0,0,0,0,0,0,0,1,20,3,0,0,0,0,0,0,0,0,0,0,0,0,0,0,0,0,7,20,0,0,-1,-1,-1,-1,-1,-1,-1,-1,-1,-1,-1,-1,-1,-1,-1,-1,-1,-1,-1,-1,-1,-1,-1,-1,-1,-1,-1,-1,-1,-1,-1,-1,-1,-1,-1,-1,-1,-1,-1,-1,-1,-1,-1,-1,-1,-1,-1,-1,-1,-1,-1,-1,-1,-1,-1,-1,0,-1.0,0,47264,-1,-1,1,2,1,3578,0,-1,0,0,0,0
2,0,0,0,0,0,0,0,0,0,0,0,0,0,0,0,0,1,23,2,0,0,0,0,0,0,0,0,0,0,0,0,0,0,0,0,6,23,0,0,-1,-1,-1,-1,-1,-1,-1,-1,-1,-1,-1,-1,-1,-1,-1,-1,-1,-1,-1,-1,-1,-1,-1,-1,-1,-1,-1,-1,-1,-1,-1,-1,-1,-1,-1,-1,-1,-1,-1,-1,-1,-1,-1,-1,-1,-1,-1,-1,-1,-1,-1,-1,-1,-1,-1,-1,0,0.419761,0,15169,-1,-1,1,4,0,123,1,0,0,0,0,0
1,0,0,0,0,0,0,0,0,0,0,0,0,0,0,0,0,1,10,1,0,0,0,0,0,0,0,0,0,0,0,0,0,0,0,0,3,10,0,0,-1,-1,-1,-1,-1,-1,-1,-1,-1,-1,-1,-1,-1,-1,-1,-1,-1,-1,-1,-1,-1,-1,-1,-1,-1,-1,-1,-1,-1,-1,-1,-1,-1,-1,-1,-1,-1,-1,-1,-1,-1,-1,-1,-1,-1,-1,-1,-1,-1,-1,-1,-1,-1,-1,-1,-1,0,0.315458,-1,61969,2141,426,1,2,1,591,0,0,0,0,0,1
2,0,0,2,0,0,0,0,0,0,0,0,0,0,0,0,0,1,38,1,0,0,0,0,0,0,0,0,0,0,0,0,0,0,0,0,6,17,0,0,1,0,0,2,0,0,0,0,0,0,0,0,0,0,0,0,0,21,1,0,0,0,0,0,0,0,0,0,0,0,0,0,0,0,0,9,-1,-1,-1,-1,-1,-1,-1,-1,-1,-1,-1,-1,-1,-1,-1,-1,-1,-1,-1,-1,0,1.006219,1,20013,2690,962,1,2,1,7057,0,0,0,0,0,1
2,0,0,5,0,0,0,0,0,0,0,0,0,0,0,0,0,1,61,1,0,0,0,0,0,0,0,0,0,0,0,0,0,0,0,0,3,10,0,0,1,0,0,5,0,0,0,0,0,0,0,0,0,0,0,0,0,51,1,0,0,0,0,0,0,0,0,0,0,0,0,0,0,0,0,16,-1,-1,-1,-1,-1,-1,-1,-1,-1,-1,-1,-1,-1,-1,-1,-1,-1,-1,-1,-1,0,0.4271430000000001,0,5578,-1,-1,1,1,1,17991,0,0,0,0,0,1
4,1,0,1,0,3,0,2,0,0,0,0,0,0,0,0,1,2,68,3,1,0,0,0,0,0,0,0,0,0,0,0,0,0,0,0,11,27,0,0,0,0,0,1,0,0,0,0,0,0,0,0,0,0,0,0,0,1,0,0,0,0,0,0,0,0,0,0,0,0,0,0,0,0,0,0,1,0,0,0,0,3,0,2,0,0,0,0,0,0,0,0,1,40,1,3,0,0.140561,0,34993,-1,-1,1,3,1,3592,0,0,0,0,0,1
3,0,0,1,0,0,0,0,0,0,0,0,0,0,0,0,0,1,16,3,0,0,0,0,0,0,0,0,0,0,0,0,0,0,0,0,3,15,0,0,0,0,0,1,0,0,0,0,0,0,0,0,0,0,0,0,0,1,0,0,0,0,0,0,0,0,0,0,0,0,0,0,0,0,0,0,-1,-1,-1,-1,-1,-1,-1,-1,-1,-1,-1,-1,-1,-1,-1,-1,-1,-1,-1,-1,0,0.145584,0,13335,1681,144,2,2,1,299,1,0,0,0,0,0
2,0,0,1,0,0,0,0,0,0,0,0,0,0,0,0,0,1,25,2,0,0,0,0,0,0,0,0,0,0,0,0,0,0,0,0,8,24,0,0,0,0,0,1,0,0,0,0,0,0,0,0,0,0,0,0,0,1,0,0,0,0,0,0,0,0,0,0,0,0,0,0,0,0,0,0,-1,-1,-1,-1,-1,-1,-1,-1,-1,-1,-1,-1,-1,-1,-1,-1,-1,-1,-1,-1,0,0.15320899999999998,0,-1,-1,-1,1,4,5,18,1,1,0,0,0,1
2,0,0,1,0,0,0,0,0,0,0,0,0,0,0,0,0,1,17,2,0,0,0,0,0,0,0,0,0,0,0,0,0,0,0,0,3,16,0,0,0,0,0,1,0,0,0,0,0,0,0,0,0,0,0,0,0,1,0,0,0,0,0,0,0,0,0,0,0,0,0,0,0,0,0,0,-1,-1,-1,-1,-1,-1,-1,-1,-1,-1,-1,-1,-1,-1,-1,-1,-1,-1,-1,-1,0,0.649199,0,36351,2185,370,1,2,1,299,0,0,0,0,0,0
2,0,0,2,0,0,0,0,0,0,0,0,0,0,0,0,0,1,51,2,0,0,0,0,0,0,0,0,0,0,0,0,0,0,0,0,4,19,0,0,0,0,0,2,0,0,0,0,0,0,0,0,0,0,0,0,0,32,0,0,0,0,0,0,0,0,0,0,0,0,0,0,0,0,0,28,-1,-1,-1,-1,-1,-1,-1,-1,-1,-1,-1,-1,-1,-1,-1,-1,-1,-1,-1,-1,0,0.348972,0,14618,-1,-1,2,4,4,51,1,0,0,0,0,1
14,1,1,3,0,8,1,13,0,0,0,0,0,0,0,0,8,2,326,2,0,0,0,0,0,0,0,0,0,0,0,0,0,0,0,0,4,18,0,0,1,0,1,3,0,0,0,0,0,0,0,0,0,0,0,0,0,31,1,0,0,0,0,0,0,0,0,0,0,0,0,0,0,0,0,9,11,1,0,0,0,8,1,13,0,0,0,0,0,0,0,0,8,277,1,8,1,0.594003,1,46606,1487,338,1,2,1,14369,0,0,0,0,0,1
2,1,0,3,0,0,0,0,0,0,0,0,0,0,0,0,0,1,64,2,1,0,0,0,0,0,0,0,0,0,0,0,0,0,0,0,6,23,0,0,0,0,0,3,0,0,0,0,0,0,0,0,0,0,0,0,0,41,0,0,0,0,0,0,0,0,0,0,0,0,0,0,0,0,0,0,-1,-1,-1,-1,-1,-1,-1,-1,-1,-1,-1,-1,-1,-1,-1,-1,-1,-1,-1,-1,0,0.373362,0,33494,6658,280,1,2,1,258,0,0,0,0,0,1
2,0,1,4,0,0,0,0,0,0,0,0,0,0,0,0,0,1,38,2,0,0,0,0,0,0,0,0,0,0,0,0,0,0,0,0,2,11,0,0,0,0,1,4,0,0,0,0,0,0,0,0,0,0,0,0,0,27,0,0,0,0,0,0,0,0,0,0,0,0,0,0,0,0,0,0,-1,-1,-1,-1,-1,-1,-1,-1,-1,-1,-1,-1,-1,-1,-1,-1,-1,-1,-1,-1,0,-1.0,0,16509,-1,-1,1,5,2,21343,1,0,0,0,0,0
2,0,0,1,0,0,0,0,0,0,0,0,0,0,0,0,0,1,16,2,0,0,0,0,0,0,0,0,0,0,0,0,0,0,0,0,3,15,0,0,0,0,0,1,0,0,0,0,0,0,0,0,0,0,0,0,0,1,0,0,0,0,0,0,0,0,0,0,0,0,0,0,0,0,0,0,-1,-1,-1,-1,-1,-1,-1,-1,-1,-1,-1,-1,-1,-1,-1,-1,-1,-1,-1,-1,0,0.481174,-1,16125,3138,148,1,4,2,591,1,0,0,0,0,0
1,1,0,5,0,0,0,0,0,0,0,0,0,0,0,0,0,1,40,1,1,0,0,0,0,0,0,0,0,0,0,0,0,0,0,0,6,18,0,0,0,0,0,5,0,0,0,0,0,0,0,0,0,0,0,0,0,22,0,0,0,0,0,0,0,0,0,0,0,0,0,0,0,0,0,0,-1,-1,-1,-1,-1,-1,-1,-1,-1,-1,-1,-1,-1,-1,-1,-1,-1,-1,-1,-1,0,1.083344,0,55720,1512,313,1,2,1,14224,0,0,0,0,0,1
1,0,0,0,0,0,0,0,0,0,0,0,0,0,0,0,0,1,13,1,0,0,0,0,0,0,0,0,0,0,0,0,0,0,0,0,4,13,0,0,-1,-1,-1,-1,-1,-1,-1,-1,-1,-1,-1,-1,-1,-1,-1,-1,-1,-1,-1,-1,-1,-1,-1,-1,-1,-1,-1,-1,-1,-1,-1,-1,-1,-1,-1,-1,-1,-1,-1,-1,-1,-1,-1,-1,-1,-1,-1,-1,-1,-1,-1,-1,-1,-1,-1,-1,0,1.090911,0,2818,7020,284,4,4,0,1747,0,2,0,0,0,0
2,0,1,4,0,3,0,2,0,0,0,0,0,0,0,0,0,1,221,1,0,0,0,0,0,0,0,0,0,0,0,0,0,0,0,0,3,12,0,0,1,0,0,4,0,0,0,0,0,0,0,0,0,0,0,0,0,52,1,0,0,0,0,0,0,0,0,0,0,0,0,0,0,0,0,9,0,0,1,0,0,3,0,2,0,0,0,0,0,0,0,0,0,157,0,3,0,0.428073,-1,32748,305,59,1,2,1,13943,0,0,0,0,0,1
3,0,0,1,0,0,0,0,0,0,0,0,0,0,0,0,0,1,21,3,0,0,0,0,0,0,0,0,0,0,0,0,0,0,0,0,2,13,0,0,0,0,0,1,0,0,0,0,0,0,0,0,0,0,0,0,0,8,0,0,0,0,0,0,0,0,0,0,0,0,0,0,0,0,0,7,-1,-1,-1,-1,-1,-1,-1,-1,-1,-1,-1,-1,-1,-1,-1,-1,-1,-1,-1,-1,0,5.182179,0,2818,-1,2626,4,4,2,139,1,2,0,0,0,0
2,0,0,4,0,0,0,0,0,0,0,0,0,0,0,0,0,1,43,1,0,0,0,0,0,0,0,0,0,0,0,0,0,0,0,0,5,13,0,0,1,0,0,4,0,0,0,0,0,0,0,0,0,0,0,0,0,30,1,0,0,0,0,0,0,0,0,0,0,0,0,0,0,0,0,10,-1,-1,-1,-1,-1,-1,-1,-1,-1,-1,-1,-1,-1,-1,-1,-1,-1,-1,-1,-1,0,0.631213,0,198610,1596,229,1,4,2,592,0,0,0,0,0,1
1,1,0,1,0,0,0,0,0,0,0,0,0,0,0,0,0,1,15,1,1,0,0,0,0,0,0,0,0,0,0,0,0,0,0,0,4,14,0,0,0,0,0,1,0,0,0,0,0,0,0,0,0,0,0,0,0,1,0,0,0,0,0,0,0,0,0,0,0,0,0,0,0,0,0,0,-1,-1,-1,-1,-1,-1,-1,-1,-1,-1,-1,-1,-1,-1,-1,-1,-1,-1,-1,-1,0,0.107253,-1,56851,38,326,1,2,1,1192,0,1,0,0,0,1
2,0,0,1,0,0,0,0,0,0,0,0,0,0,0,0,0,1,23,2,0,0,0,0,0,0,0,0,0,0,0,0,0,0,0,0,8,22,0,0,0,0,0,1,0,0,0,0,0,0,0,0,0,0,0,0,0,1,0,0,0,0,0,0,0,0,0,0,0,0,0,0,0,0,0,0,-1,-1,-1,-1,-1,-1,-1,-1,-1,-1,-1,-1,-1,-1,-1,-1,-1,-1,-1,-1,0,0.296449,0,42910,-1,-1,1,2,5,291,0,0,0,0,0,1
2,0,0,0,0,0,0,0,0,0,0,0,0,0,0,0,0,1,16,2,0,0,0,0,0,0,0,0,0,0,0,0,0,0,0,0,2,16,0,0,-1,-1,-1,-1,-1,-1,-1,-1,-1,-1,-1,-1,-1,-1,-1,-1,-1,-1,-1,-1,-1,-1,-1,-1,-1,-1,-1,-1,-1,-1,-1,-1,-1,-1,-1,-1,-1,-1,-1,-1,-1,-1,-1,-1,-1,-1,-1,-1,-1,-1,-1,-1,-1,-1,-1,-1,0,1.417957,0,13335,3453,198,2,2,1,300,1,1,0,0,0,0
2,0,0,0,0,0,0,0,0,0,0,0,0,0,0,0,0,1,21,2,0,0,0,0,0,0,0,0,0,0,0,0,0,0,0,0,6,21,0,0,-1,-1,-1,-1,-1,-1,-1,-1,-1,-1,-1,-1,-1,-1,-1,-1,-1,-1,-1,-1,-1,-1,-1,-1,-1,-1,-1,-1,-1,-1,-1,-1,-1,-1,-1,-1,-1,-1,-1,-1,-1,-1,-1,-1,-1,-1,-1,-1,-1,-1,-1,-1,-1,-1,-1,-1,0,0.414554,0,15169,-1,-1,1,4,0,156,1,0,0,0,0,0
2,0,0,0,0,0,0,0,0,0,0,0,0,0,0,0,0,1,17,2,0,0,0,0,0,0,0,0,0,0,0,0,0,0,0,0,4,17,0,0,-1,-1,-1,-1,-1,-1,-1,-1,-1,-1,-1,-1,-1,-1,-1,-1,-1,-1,-1,-1,-1,-1,-1,-1,-1,-1,-1,-1,-1,-1,-1,-1,-1,-1,-1,-1,-1,-1,-1,-1,-1,-1,-1,-1,-1,-1,-1,-1,-1,-1,-1,-1,-1,-1,-1,-1,0,0.758579,0,16509,5378,101,1,4,1,21599,0,1,0,0,0,0
2,1,0,0,0,0,0,0,0,0,0,0,0,0,0,0,0,1,26,2,1,0,0,0,0,0,0,0,0,0,0,0,0,0,0,0,9,26,0,0,-1,-1,-1,-1,-1,-1,-1,-1,-1,-1,-1,-1,-1,-1,-1,-1,-1,-1,-1,-1,-1,-1,-1,-1,-1,-1,-1,-1,-1,-1,-1,-1,-1,-1,-1,-1,-1,-1,-1,-1,-1,-1,-1,-1,-1,-1,-1,-1,-1,-1,-1,-1,-1,-1,-1,-1,0,0.378946,0,15169,-1,-1,1,4,0,292,1,0,0,0,0,0
2,0,0,0,0,0,0,0,0,0,0,0,0,0,0,0,0,1,17,2,0,0,0,0,0,0,0,0,0,0,0,0,0,0,0,0,6,17,0,0,-1,-1,-1,-1,-1,-1,-1,-1,-1,-1,-1,-1,-1,-1,-1,-1,-1,-1,-1,-1,-1,-1,-1,-1,-1,-1,-1,-1,-1,-1,-1,-1,-1,-1,-1,-1,-1,-1,-1,-1,-1,-1,-1,-1,-1,-1,-1,-1,-1,-1,-1,-1,-1,-1,-1,-1,0,0.206822,0,25292,7636,56,1,2,1,675,1,1,0,0,0,0
1,0,0,5,0,0,0,0,0,0,0,0,0,0,0,0,0,1,29,1,0,0,0,0,0,0,0,0,0,0,0,0,0,0,0,0,1,9,0,0,0,0,0,5,0,0,0,0,0,0,0,0,0,0,0,0,0,20,0,0,0,0,0,0,0,0,0,0,0,0,0,0,0,0,0,0,-1,-1,-1,-1,-1,-1,-1,-1,-1,-1,-1,-1,-1,-1,-1,-1,-1,-1,-1,-1,0,0.5299159999999999,-1,46606,6731,938,1,2,1,18280,1,0,0,0,0,1
2,0,0,0,0,0,0,0,0,0,0,0,0,0,0,0,0,1,13,2,0,0,0,0,0,0,0,0,0,0,0,0,0,0,0,0,2,13,0,0,-1,-1,-1,-1,-1,-1,-1,-1,-1,-1,-1,-1,-1,-1,-1,-1,-1,-1,-1,-1,-1,-1,-1,-1,-1,-1,-1,-1,-1,-1,-1,-1,-1,-1,-1,-1,-1,-1,-1,-1,-1,-1,-1,-1,-1,-1,-1,-1,-1,-1,-1,-1,-1,-1,-1,-1,0,0.751502,0,14061,286,78,1,2,0,299,0,0,0,0,0,0
2,0,0,0,0,0,0,0,0,0,0,0,0,0,0,0,0,1,16,2,0,0,0,0,0,0,0,0,0,0,0,0,0,0,0,0,4,16,0,0,-1,-1,-1,-1,-1,-1,-1,-1,-1,-1,-1,-1,-1,-1,-1,-1,-1,-1,-1,-1,-1,-1,-1,-1,-1,-1,-1,-1,-1,-1,-1,-1,-1,-1,-1,-1,-1,-1,-1,-1,-1,-1,-1,-1,-1,-1,-1,-1,-1,-1,-1,-1,-1,-1,-1,-1,0,-1.0,0,59589,3141,145,1,2,1,118,0,-1,0,0,0,0
2,0,0,2,0,0,0,0,0,0,0,0,0,0,0,0,0,1,39,2,0,0,0,0,0,0,0,0,0,0,0,0,0,0,0,0,6,16,0,0,0,0,0,2,0,0,0,0,0,0,0,0,0,0,0,0,0,23,0,0,0,0,0,0,0,0,0,0,0,0,0,0,0,0,0,17,-1,-1,-1,-1,-1,-1,-1,-1,-1,-1,-1,-1,-1,-1,-1,-1,-1,-1,-1,-1,0,0.184222,0,15169,-1,-1,1,4,5,292,1,2,0,0,0,1
4,0,0,5,0,1,1,0,0,0,0,0,0,0,0,0,0,2,79,2,0,0,0,0,0,0,0,0,0,0,0,0,0,0,0,0,9,25,0,0,1,0,0,5,0,0,0,0,0,0,0,0,0,0,0,0,0,26,1,0,0,0,0,0,0,0,0,0,0,0,0,0,0,0,0,9,1,0,0,0,0,1,1,0,0,0,0,0,0,0,0,0,0,28,1,1,1,3.007294,-1,46606,2946,340,1,2,1,7769,1,0,0,0,0,1
3,5,0,2,0,0,0,0,0,0,0,0,0,0,0,0,0,1,49,2,5,0,0,0,0,0,0,0,0,0,0,0,0,0,0,0,13,33,0,0,1,0,0,2,0,0,0,0,0,0,0,0,0,0,0,0,0,16,1,0,0,0,0,0,0,0,0,0,0,0,0,0,0,0,0,10,-1,-1,-1,-1,-1,-1,-1,-1,-1,-1,-1,-1,-1,-1,-1,-1,-1,-1,-1,-1,0,0.317767,0,-1,-1,-1,1,4,1,14392,0,0,0,0,0,1
2,0,0,0,0,0,0,0,0,0,0,0,0,0,0,0,0,1,16,2,0,0,0,0,0,0,0,0,0,0,0,0,0,0,0,0,4,16,0,0,-1,-1,-1,-1,-1,-1,-1,-1,-1,-1,-1,-1,-1,-1,-1,-1,-1,-1,-1,-1,-1,-1,-1,-1,-1,-1,-1,-1,-1,-1,-1,-1,-1,-1,-1,-1,-1,-1,-1,-1,-1,-1,-1,-1,-1,-1,-1,-1,-1,-1,-1,-1,-1,-1,-1,-1,0,0.278635,0,13335,6655,2475,2,2,0,299,1,0,0,0,0,0
2,0,0,4,0,0,0,0,0,0,0,0,0,0,0,0,0,1,51,1,0,0,0,0,0,0,0,0,0,0,0,0,0,0,0,0,7,16,0,0,1,0,0,4,0,0,0,0,0,0,0,0,0,0,0,0,0,35,1,0,0,0,0,0,0,0,0,0,0,0,0,0,0,0,0,12,-1,-1,-1,-1,-1,-1,-1,-1,-1,-1,-1,-1,-1,-1,-1,-1,-1,-1,-1,-1,0,10.016689,-1,8426,1778,47,1,2,1,57,0,0,0,0,0,1
1,0,0,1,0,0,0,0,0,0,0,0,0,0,0,0,0,1,12,1,0,0,0,0,0,0,0,0,0,0,0,0,0,0,0,0,5,11,0,0,0,0,0,1,0,0,0,0,0,0,0,0,0,0,0,0,0,1,0,0,0,0,0,0,0,0,0,0,0,0,0,0,0,0,0,0,-1,-1,-1,-1,-1,-1,-1,-1,-1,-1,-1,-1,-1,-1,-1,-1,-1,-1,-1,-1,0,-1.0,-1,-1,5397,81,-1,4,0,-1,0,-1,0,0,0,0
3,0,0,1,0,0,0,0,0,0,0,0,0,0,0,0,0,1,22,3,0,0,0,0,0,0,0,0,0,0,0,0,0,0,0,0,5,21,0,0,0,0,0,1,0,0,0,0,0,0,0,0,0,0,0,0,0,1,0,0,0,0,0,0,0,0,0,0,0,0,0,0,0,0,0,0,-1,-1,-1,-1,-1,-1,-1,-1,-1,-1,-1,-1,-1,-1,-1,-1,-1,-1,-1,-1,0,1.066685,1,10297,-1,-1,1,6,1,1192,1,1,0,0,0,0
6,0,0,3,0,1,1,0,0,0,0,0,0,0,0,0,1,2,77,2,0,0,0,0,0,0,0,0,0,0,0,0,0,0,0,0,5,15,0,0,2,0,0,3,0,0,0,0,0,0,0,0,0,0,0,0,1,33,1,0,0,0,0,0,0,0,0,0,0,0,0,0,0,0,0,9,2,0,0,0,0,1,1,0,0,0,0,0,0,0,0,0,0,29,1,1,1,0.7481939999999999,0,24446,-1,-1,1,2,1,9490,0,0,0,0,0,1
2,0,0,0,0,0,0,0,0,0,0,0,0,0,0,0,0,1,25,2,0,0,0,0,0,0,0,0,0,0,0,0,0,0,0,0,8,25,0,0,-1,-1,-1,-1,-1,-1,-1,-1,-1,-1,-1,-1,-1,-1,-1,-1,-1,-1,-1,-1,-1,-1,-1,-1,-1,-1,-1,-1,-1,-1,-1,-1,-1,-1,-1,-1,-1,-1,-1,-1,-1,-1,-1,-1,-1,-1,-1,-1,-1,-1,-1,-1,-1,-1,-1,-1,0,1.228983,0,24638,-1,-1,1,2,1,446,1,1,0,0,0,0
1,1,0,0,0,0,0,0,0,0,0,0,0,0,0,0,0,1,20,1,1,0,0,0,0,0,0,0,0,0,0,0,0,0,0,0,7,20,0,0,-1,-1,-1,-1,-1,-1,-1,-1,-1,-1,-1,-1,-1,-1,-1,-1,-1,-1,-1,-1,-1,-1,-1,-1,-1,-1,-1,-1,-1,-1,-1,-1,-1,-1,-1,-1,-1,-1,-1,-1,-1,-1,-1,-1,-1,-1,-1,-1,-1,-1,-1,-1,-1,-1,-1,-1,0,3.369356,0,13335,139,591,2,2,0,290,1,1,0,0,0,1
2,1,0,0,0,0,0,0,0,0,0,0,0,0,0,0,0,1,26,2,1,0,0,0,0,0,0,0,0,0,0,0,0,0,0,0,6,26,0,0,-1,-1,-1,-1,-1,-1,-1,-1,-1,-1,-1,-1,-1,-1,-1,-1,-1,-1,-1,-1,-1,-1,-1,-1,-1,-1,-1,-1,-1,-1,-1,-1,-1,-1,-1,-1,-1,-1,-1,-1,-1,-1,-1,-1,-1,-1,-1,-1,-1,-1,-1,-1,-1,-1,-1,-1,0,0.672981,0,15169,-1,-1,1,4,0,294,1,0,0,0,0,1
2,0,0,1,0,0,0,0,0,0,0,0,0,0,0,0,0,1,19,2,0,0,0,0,0,0,0,0,0,0,0,0,0,0,0,0,5,18,0,0,0,0,0,1,0,0,0,0,0,0,0,0,0,0,0,0,0,1,0,0,0,0,0,0,0,0,0,0,0,0,0,0,0,0,0,0,-1,-1,-1,-1,-1,-1,-1,-1,-1,-1,-1,-1,-1,-1,-1,-1,-1,-1,-1,-1,0,0.702886,0,14618,7304,730,1,2,5,297,1,1,0,0,0,0
2,0,0,2,0,1,0,0,0,0,0,0,0,0,0,0,0,1,29,1,0,0,0,0,0,0,0,0,0,0,0,0,0,0,0,0,1,11,0,0,0,0,0,2,0,0,0,0,0,0,0,0,0,0,0,0,0,8,0,0,0,0,0,0,0,0,0,0,0,0,0,0,0,0,0,0,1,0,0,0,0,1,0,0,0,0,0,0,0,0,0,0,0,10,0,0,0,2.403102,0,23650,2598,323,1,2,0,586,0,0,0,0,0,1
1,0,0,1,0,0,0,0,0,0,0,0,0,0,0,0,0,1,13,1,0,0,0,0,0,0,0,0,0,0,0,0,0,0,0,0,1,6,0,0,0,0,0,1,0,0,0,0,0,0,0,0,0,0,0,0,0,7,0,0,0,0,0,0,0,0,0,0,0,0,0,0,0,0,0,6,-1,-1,-1,-1,-1,-1,-1,-1,-1,-1,-1,-1,-1,-1,-1,-1,-1,-1,-1,-1,0,0.375792,-1,13335,519,210,2,2,1,49,1,1,0,0,0,1
2,0,0,1,0,0,0,0,0,0,0,0,0,0,0,0,0,1,25,2,0,0,0,0,0,0,0,0,0,0,0,0,0,0,0,0,8,24,0,0,0,0,0,1,0,0,0,0,0,0,0,0,0,0,0,0,0,1,0,0,0,0,0,0,0,0,0,0,0,0,0,0,0,0,0,0,-1,-1,-1,-1,-1,-1,-1,-1,-1,-1,-1,-1,-1,-1,-1,-1,-1,-1,-1,-1,0,0.227317,0,15169,-1,-1,1,4,0,293,1,0,0,0,0,0
1,10,0,3,0,0,0,0,0,0,0,0,0,0,0,0,0,1,84,1,0,0,0,0,0,0,0,0,0,0,0,0,0,0,0,0,5,16,0,0,0,10,0,3,0,0,0,0,0,0,0,0,0,0,0,0,0,68,0,0,0,0,0,0,0,0,0,0,0,0,0,0,0,0,0,0,-1,-1,-1,-1,-1,-1,-1,-1,-1,-1,-1,-1,-1,-1,-1,-1,-1,-1,-1,-1,0,0.393085,0,14061,2228,327,1,2,5,369,0,0,0,0,0,0
3,0,0,0,0,0,0,0,0,0,0,0,0,0,0,0,0,1,17,3,0,0,0,0,0,0,0,0,0,0,0,0,0,0,0,0,5,17,0,0,-1,-1,-1,-1,-1,-1,-1,-1,-1,-1,-1,-1,-1,-1,-1,-1,-1,-1,-1,-1,-1,-1,-1,-1,-1,-1,-1,-1,-1,-1,-1,-1,-1,-1,-1,-1,-1,-1,-1,-1,-1,-1,-1,-1,-1,-1,-1,-1,-1,-1,-1,-1,-1,-1,-1,-1,0,1.403334,1,20013,-1,-1,1,2,1,14383,1,1,0,0,0,0
1,0,0,0,0,0,0,0,0,0,0,0,0,0,0,0,0,1,22,1,0,0,0,0,0,0,0,0,0,0,0,0,0,0,0,0,7,22,0,0,-1,-1,-1,-1,-1,-1,-1,-1,-1,-1,-1,-1,-1,-1,-1,-1,-1,-1,-1,-1,-1,-1,-1,-1,-1,-1,-1,-1,-1,-1,-1,-1,-1,-1,-1,-1,-1,-1,-1,-1,-1,-1,-1,-1,-1,-1,-1,-1,-1,-1,-1,-1,-1,-1,-1,-1,0,-1.0,0,-1,-1,-1,-1,4,0,-1,0,-1,0,0,0,0
3,0,0,0,0,0,0,0,0,0,0,0,0,0,0,0,0,1,15,3,0,0,0,0,0,0,0,0,0,0,0,0,0,0,0,0,5,15,0,0,-1,-1,-1,-1,-1,-1,-1,-1,-1,-1,-1,-1,-1,-1,-1,-1,-1,-1,-1,-1,-1,-1,-1,-1,-1,-1,-1,-1,-1,-1,-1,-1,-1,-1,-1,-1,-1,-1,-1,-1,-1,-1,-1,-1,-1,-1,-1,-1,-1,-1,-1,-1,-1,-1,-1,-1,0,-1.0,0,-1,2990,296,-1,2,0,-1,0,-1,0,0,0,0
14,1,0,3,1,9,0,12,0,0,0,0,0,0,0,0,0,1,239,1,1,0,0,0,0,0,0,0,0,0,0,0,0,0,0,0,7,22,0,0,1,0,0,3,0,0,0,0,0,0,0,0,0,0,0,0,0,19,1,0,0,0,0,0,0,0,0,0,0,0,0,0,0,0,0,6,12,0,0,0,1,6,0,10,0,0,0,0,0,0,0,0,0,174,0,3,0,0.7778510000000001,1,20013,1486,339,1,2,1,1870,1,1,0,0,0,1
2,1,0,1,0,0,0,0,0,0,0,0,0,0,0,0,0,1,25,2,1,0,0,0,0,0,0,0,0,0,0,0,0,0,0,0,7,24,0,0,0,0,0,1,0,0,0,0,0,0,0,0,0,0,0,0,0,1,0,0,0,0,0,0,0,0,0,0,0,0,0,0,0,0,0,0,-1,-1,-1,-1,-1,-1,-1,-1,-1,-1,-1,-1,-1,-1,-1,-1,-1,-1,-1,-1,0,0.435936,0,15169,-1,-1,1,4,0,291,1,0,0,0,0,1
2,1,0,0,0,0,0,0,0,0,0,0,0,0,0,0,0,2,17,2,1,0,0,0,0,0,0,0,0,0,0,0,0,0,0,0,5,17,0,0,-1,-1,-1,-1,-1,-1,-1,-1,-1,-1,-1,-1,-1,-1,-1,-1,-1,-1,-1,-1,-1,-1,-1,-1,-1,-1,-1,-1,-1,-1,-1,-1,-1,-1,-1,-1,-1,-1,-1,-1,-1,-1,-1,-1,-1,-1,-1,-1,-1,-1,-1,-1,-1,-1,-1,-1,0,0.470829,0,26496,4660,87,1,2,2,592,0,0,0,0,0,0
2,0,0,5,0,0,0,0,0,0,0,0,0,0,0,0,0,1,48,1,0,0,0,0,0,0,0,0,0,0,0,0,0,0,0,0,3,10,0,0,1,0,0,5,0,0,0,0,0,0,0,0,0,0,0,0,0,38,1,0,0,0,0,0,0,0,0,0,0,0,0,0,0,0,0,9,-1,-1,-1,-1,-1,-1,-1,-1,-1,-1,-1,-1,-1,-1,-1,-1,-1,-1,-1,-1,0,0.919939,-1,3786,2478,1174,1,2,1,589,0,0,0,0,0,1
2,0,0,0,0,0,0,0,0,0,0,0,0,0,0,0,0,1,14,2,0,0,0,0,0,0,0,0,0,0,0,0,0,0,0,0,4,14,0,0,-1,-1,-1,-1,-1,-1,-1,-1,-1,-1,-1,-1,-1,-1,-1,-1,-1,-1,-1,-1,-1,-1,-1,-1,-1,-1,-1,-1,-1,-1,-1,-1,-1,-1,-1,-1,-1,-1,-1,-1,-1,-1,-1,-1,-1,-1,-1,-1,-1,-1,-1,-1,-1,-1,-1,-1,0,2.681357,0,15366,-1,-1,1,4,1,3599,1,1,0,0,0,0
1,0,0,1,0,0,0,0,0,0,0,0,0,0,0,0,0,1,26,1,0,0,0,0,0,0,0,0,0,0,0,0,0,0,0,0,4,12,0,0,0,0,0,1,0,0,0,0,0,0,0,0,0,0,0,0,0,14,0,0,0,0,0,0,0,0,0,0,0,0,0,0,0,0,0,13,-1,-1,-1,-1,-1,-1,-1,-1,-1,-1,-1,-1,-1,-1,-1,-1,-1,-1,-1,-1,0,0.6148359999999999,1,19551,6789,150,2,2,3,14391,1,0,0,0,0,1
1,1,1,10,0,1,0,0,0,0,0,0,0,0,0,0,0,1,126,1,1,0,0,0,0,0,0,0,0,0,0,0,0,0,0,0,5,16,0,0,0,0,1,10,0,1,0,0,0,0,0,0,0,0,0,0,0,110,0,0,0,0,0,0,0,0,0,0,0,0,0,0,0,0,0,0,-1,-1,-1,-1,-1,-1,-1,-1,-1,-1,-1,-1,-1,-1,-1,-1,-1,-1,-1,-1,0,0.652525,0,16276,-1,-1,1,2,2,2999,0,0,0,0,0,1
1,0,0,1,0,0,0,0,0,0,0,0,0,0,0,0,0,1,11,1,0,0,0,0,0,0,0,0,0,0,0,0,0,0,0,0,3,10,0,0,0,0,0,1,0,0,0,0,0,0,0,0,0,0,0,0,0,1,0,0,0,0,0,0,0,0,0,0,0,0,0,0,0,0,0,0,-1,-1,-1,-1,-1,-1,-1,-1,-1,-1,-1,-1,-1,-1,-1,-1,-1,-1,-1,-1,0,0.358654,-1,9123,56,308,1,4,2,591,0,0,0,0,0,1
3,1,0,2,0,0,0,0,0,0,0,0,0,0,0,0,0,1,46,2,1,0,0,0,0,0,0,0,0,0,0,0,0,0,0,0,7,24,0,0,1,0,0,2,0,0,0,0,0,0,0,0,0,0,0,0,0,22,1,0,0,0,0,0,0,0,0,0,0,0,0,0,0,0,0,10,-1,-1,-1,-1,-1,-1,-1,-1,-1,-1,-1,-1,-1,-1,-1,-1,-1,-1,-1,-1,0,0.344009,0,27257,5188,289,1,2,1,21598,0,0,0,0,0,1
1,0,0,0,0,0,0,0,0,0,0,0,0,0,0,0,0,1,11,1,0,0,0,0,0,0,0,0,0,0,0,0,0,0,0,0,4,11,0,0,-1,-1,-1,-1,-1,-1,-1,-1,-1,-1,-1,-1,-1,-1,-1,-1,-1,-1,-1,-1,-1,-1,-1,-1,-1,-1,-1,-1,-1,-1,-1,-1,-1,-1,-1,-1,-1,-1,-1,-1,-1,-1,-1,-1,-1,-1,-1,-1,-1,-1,-1,-1,-1,-1,-1,-1,0,0.0614,1,13335,2881,404,2,2,2,283,1,0,0,0,0,0
3,0,0,2,0,0,0,0,0,0,0,0,0,0,0,0,0,1,32,2,0,0,0,0,0,0,0,0,0,0,0,0,0,0,0,0,3,15,0,0,1,0,0,2,0,0,0,0,0,0,0,0,0,0,0,0,0,17,1,0,0,0,0,0,0,0,0,0,0,0,0,0,0,0,0,10,-1,-1,-1,-1,-1,-1,-1,-1,-1,-1,-1,-1,-1,-1,-1,-1,-1,-1,-1,-1,0,12.026536,1,46606,5158,1780,1,2,1,14379,1,0,0,0,0,0
1,0,0,6,0,0,0,0,0,0,0,0,0,0,0,0,0,1,55,1,0,0,0,0,0,0,0,0,0,0,0,0,0,0,0,0,5,15,0,0,0,0,0,6,0,0,0,0,0,0,0,0,0,0,0,0,0,40,0,0,0,0,0,0,0,0,0,0,0,0,0,0,0,0,0,0,-1,-1,-1,-1,-1,-1,-1,-1,-1,-1,-1,-1,-1,-1,-1,-1,-1,-1,-1,-1,0,9.635205,1,-1,2672,249,2,2,1,14396,0,0,0,0,0,1
2,0,0,1,0,0,0,0,0,0,0,0,0,0,0,0,0,1,20,2,0,0,0,0,0,0,0,0,0,0,0,0,0,0,0,0,5,19,0,0,0,0,0,1,0,0,0,0,0,0,0,0,0,0,0,0,0,1,0,0,0,0,0,0,0,0,0,0,0,0,0,0,0,0,0,0,-1,-1,-1,-1,-1,-1,-1,-1,-1,-1,-1,-1,-1,-1,-1,-1,-1,-1,-1,-1,0,1.689023,-1,46606,4359,23,1,2,3,12574,1,0,0,0,0,1
2,0,0,0,0,0,0,0,0,0,0,0,0,0,0,0,0,1,17,2,0,0,0,0,0,0,0,0,0,0,0,0,0,0,0,0,4,17,0,0,-1,-1,-1,-1,-1,-1,-1,-1,-1,-1,-1,-1,-1,-1,-1,-1,-1,-1,-1,-1,-1,-1,-1,-1,-1,-1,-1,-1,-1,-1,-1,-1,-1,-1,-1,-1,-1,-1,-1,-1,-1,-1,-1,-1,-1,-1,-1,-1,-1,-1,-1,-1,-1,-1,-1,-1,0,0.4966430000000001,0,13335,8380,384,2,2,5,299,1,1,0,0,0,0
3,0,0,2,0,0,0,0,0,0,0,0,0,0,0,0,0,1,33,2,0,0,0,0,0,0,0,0,0,0,0,0,0,0,0,0,6,16,0,0,1,0,0,2,0,0,0,0,0,0,0,0,0,0,0,0,0,17,1,0,0,0,0,0,0,0,0,0,0,0,0,0,0,0,0,9,-1,-1,-1,-1,-1,-1,-1,-1,-1,-1,-1,-1,-1,-1,-1,-1,-1,-1,-1,-1,0,0.248012,0,26496,-1,-1,1,2,2,10769,0,-1,0,0,0,1
2,0,0,1,0,0,0,0,0,0,0,0,0,0,0,0,0,1,13,2,0,0,0,0,0,0,0,0,0,0,0,0,0,0,0,0,1,12,0,0,0,0,0,1,0,0,0,0,0,0,0,0,0,0,0,0,0,1,0,0,0,0,0,0,0,0,0,0,0,0,0,0,0,0,0,0,-1,-1,-1,-1,-1,-1,-1,-1,-1,-1,-1,-1,-1,-1,-1,-1,-1,-1,-1,-1,0,-1.0,0,-1,-1,-1,-1,4,0,-1,0,-1,0,0,0,0
2,0,0,0,0,0,0,0,0,0,0,0,0,0,0,0,0,1,13,2,0,0,0,0,0,0,0,0,0,0,0,0,0,0,0,0,4,13,0,0,-1,-1,-1,-1,-1,-1,-1,-1,-1,-1,-1,-1,-1,-1,-1,-1,-1,-1,-1,-1,-1,-1,-1,-1,-1,-1,-1,-1,-1,-1,-1,-1,-1,-1,-1,-1,-1,-1,-1,-1,-1,-1,-1,-1,-1,-1,-1,-1,-1,-1,-1,-1,-1,-1,-1,-1,0,0.220952,-1,24940,2091,1195,1,3,1,7199,1,0,0,0,0,0
1,0,0,0,0,0,0,0,0,0,0,0,0,0,0,0,0,1,16,1,0,0,0,0,0,0,0,0,0,0,0,0,0,0,0,0,6,16,0,0,-1,-1,-1,-1,-1,-1,-1,-1,-1,-1,-1,-1,-1,-1,-1,-1,-1,-1,-1,-1,-1,-1,-1,-1,-1,-1,-1,-1,-1,-1,-1,-1,-1,-1,-1,-1,-1,-1,-1,-1,-1,-1,-1,-1,-1,-1,-1,-1,-1,-1,-1,-1,-1,-1,-1,-1,0,0.6393909999999999,0,13335,5211,1362,2,2,0,292,1,1,0,0,0,0
2,0,0,0,0,0,0,0,0,0,0,0,0,0,0,0,0,1,25,2,0,0,0,0,0,0,0,0,0,0,0,0,0,0,0,0,7,25,0,0,-1,-1,-1,-1,-1,-1,-1,-1,-1,-1,-1,-1,-1,-1,-1,-1,-1,-1,-1,-1,-1,-1,-1,-1,-1,-1,-1,-1,-1,-1,-1,-1,-1,-1,-1,-1,-1,-1,-1,-1,-1,-1,-1,-1,-1,-1,-1,-1,-1,-1,-1,-1,-1,-1,-1,-1,0,0.195047,-1,32787,-1,-1,1,2,1,293,0,0,0,0,0,0
3,1,0,8,0,0,0,0,0,0,0,0,0,0,0,0,0,1,84,2,0,0,0,0,0,0,0,0,0,0,0,0,0,0,0,0,3,15,0,0,1,1,0,8,0,0,0,0,0,0,0,0,0,0,0,0,0,69,1,0,0,0,0,0,0,0,0,0,0,0,0,0,0,0,0,9,-1,-1,-1,-1,-1,-1,-1,-1,-1,-1,-1,-1,-1,-1,-1,-1,-1,-1,-1,-1,0,1.087667,0,12876,2817,104,1,2,2,3599,1,0,0,0,0,1
2,0,0,0,0,0,0,0,0,0,0,0,0,0,0,0,0,1,22,2,0,0,0,0,0,0,0,0,0,0,0,0,0,0,0,0,6,22,0,0,-1,-1,-1,-1,-1,-1,-1,-1,-1,-1,-1,-1,-1,-1,-1,-1,-1,-1,-1,-1,-1,-1,-1,-1,-1,-1,-1,-1,-1,-1,-1,-1,-1,-1,-1,-1,-1,-1,-1,-1,-1,-1,-1,-1,-1,-1,-1,-1,-1,-1,-1,-1,-1,-1,-1,-1,0,0.212354,0,15169,-1,-1,1,4,0,139,1,0,0,0,0,0
2,0,0,0,0,0,0,0,0,0,0,0,0,0,0,0,0,1,16,2,0,0,0,0,0,0,0,0,0,0,0,0,0,0,0,0,5,16,0,0,-1,-1,-1,-1,-1,-1,-1,-1,-1,-1,-1,-1,-1,-1,-1,-1,-1,-1,-1,-1,-1,-1,-1,-1,-1,-1,-1,-1,-1,-1,-1,-1,-1,-1,-1,-1,-1,-1,-1,-1,-1,-1,-1,-1,-1,-1,-1,-1,-1,-1,-1,-1,-1,-1,-1,-1,0,0.214681,0,32934,7859,3464,1,2,1,49,1,0,0,0,0,0
1,0,0,1,0,0,0,0,0,0,0,0,0,0,0,0,0,1,22,1,0,0,0,0,0,0,0,0,0,0,0,0,0,0,0,0,3,15,0,0,0,0,0,1,0,0,0,0,0,0,0,0,0,0,0,0,0,7,0,0,0,0,0,0,0,0,0,0,0,0,0,0,0,0,0,6,-1,-1,-1,-1,-1,-1,-1,-1,-1,-1,-1,-1,-1,-1,-1,-1,-1,-1,-1,-1,0,0.284927,1,20013,1260,200,1,2,1,14387,1,1,0,0,0,1
10,5,0,2,0,0,0,0,0,0,0,0,0,0,0,0,0,1,161,10,5,0,0,0,0,0,0,0,0,0,0,0,0,0,0,0,44,145,0,0,0,0,0,2,0,0,0,0,0,0,0,0,0,0,0,0,0,16,0,0,0,0,0,0,0,0,0,0,0,0,0,0,0,0,0,0,-1,-1,-1,-1,-1,-1,-1,-1,-1,-1,-1,-1,-1,-1,-1,-1,-1,-1,-1,-1,0,0.423716,0,26496,-1,-1,-1,2,1,-1,0,0,0,0,0,1
3,1,0,2,0,2,0,1,0,0,0,0,0,0,0,0,0,1,60,2,0,0,0,0,0,0,0,0,0,0,0,0,0,0,0,0,3,17,0,0,1,1,0,2,0,0,0,0,0,0,0,0,0,0,0,0,0,20,1,0,0,0,0,0,0,0,0,0,0,0,0,0,0,0,0,11,0,0,0,0,0,2,0,1,0,0,0,0,0,0,0,0,0,23,0,2,0,0.29233000000000003,0,63410,6715,223,1,2,1,14385,0,0,0,0,0,1
5,1,2,6,0,3,0,2,0,0,0,0,0,0,0,0,0,1,164,2,0,0,0,0,0,0,0,0,0,0,0,0,0,0,0,0,11,34,0,0,1,1,0,6,0,0,0,0,0,0,0,0,0,0,0,0,0,49,1,0,0,0,0,0,0,0,0,0,0,0,0,0,0,0,0,10,2,0,2,0,0,3,0,2,0,0,0,0,0,0,0,0,0,81,0,3,0,0.091969,0,19551,3765,251,2,2,1,14398,0,0,0,1,0,1
2,0,0,0,0,0,0,0,0,0,0,0,0,0,0,0,0,1,20,2,0,0,0,0,0,0,0,0,0,0,0,0,0,0,0,0,7,20,0,0,-1,-1,-1,-1,-1,-1,-1,-1,-1,-1,-1,-1,-1,-1,-1,-1,-1,-1,-1,-1,-1,-1,-1,-1,-1,-1,-1,-1,-1,-1,-1,-1,-1,-1,-1,-1,-1,-1,-1,-1,-1,-1,-1,-1,-1,-1,-1,-1,-1,-1,-1,-1,-1,-1,-1,-1,0,0.619052,0,36351,4802,310,1,2,1,9721,1,0,0,0,0,0
2,1,0,1,0,0,0,0,0,0,0,0,0,0,0,0,0,1,17,2,1,0,0,0,0,0,0,0,0,0,0,0,0,0,0,0,2,16,0,0,0,0,0,1,0,0,0,0,0,0,0,0,0,0,0,0,0,1,0,0,0,0,0,0,0,0,0,0,0,0,0,0,0,0,0,0,-1,-1,-1,-1,-1,-1,-1,-1,-1,-1,-1,-1,-1,-1,-1,-1,-1,-1,-1,-1,0,1.355314,-1,133210,4582,531,1,4,1,888,0,0,0,0,0,0
3,0,0,1,0,0,0,0,0,0,0,0,0,0,0,0,0,1,23,3,0,0,0,0,0,0,0,0,0,0,0,0,0,0,0,0,8,22,0,0,0,0,0,1,0,0,0,0,0,0,0,0,0,0,0,0,0,1,0,0,0,0,0,0,0,0,0,0,0,0,0,0,0,0,0,0,-1,-1,-1,-1,-1,-1,-1,-1,-1,-1,-1,-1,-1,-1,-1,-1,-1,-1,-1,-1,0,0.242509,0,6354,-1,-1,1,5,3,204,0,0,0,0,0,1
1,0,0,1,0,0,0,0,0,0,0,0,0,0,0,0,0,1,14,1,0,0,0,0,0,0,0,0,0,0,0,0,0,0,0,0,5,13,0,0,0,0,0,1,0,0,0,0,0,0,0,0,0,0,0,0,0,1,0,0,0,0,0,0,0,0,0,0,0,0,0,0,0,0,0,0,-1,-1,-1,-1,-1,-1,-1,-1,-1,-1,-1,-1,-1,-1,-1,-1,-1,-1,-1,-1,0,0.801649,-1,22612,66,298,1,2,3,1191,1,0,0,0,0,1
2,0,0,1,0,0,0,0,0,0,0,0,0,0,0,0,0,1,18,2,0,0,0,0,0,0,0,0,0,0,0,0,0,0,0,0,5,17,0,0,0,0,0,1,0,0,0,0,0,0,0,0,0,0,0,0,0,1,0,0,0,0,0,0,0,0,0,0,0,0,0,0,0,0,0,0,-1,-1,-1,-1,-1,-1,-1,-1,-1,-1,-1,-1,-1,-1,-1,-1,-1,-1,-1,-1,0,0.372805,0,56806,-1,-1,2,3,2,7191,1,0,0,0,0,0
2,0,0,1,0,0,0,0,0,0,0,0,0,0,0,0,0,1,18,2,0,0,0,0,0,0,0,0,0,0,0,0,0,0,0,0,4,17,0,0,0,0,0,1,0,0,0,0,0,0,0,0,0,0,0,0,0,1,0,0,0,0,0,0,0,0,0,0,0,0,0,0,0,0,0,0,-1,-1,-1,-1,-1,-1,-1,-1,-1,-1,-1,-1,-1,-1,-1,-1,-1,-1,-1,-1,0,5.523326,-1,26496,4164,584,1,2,5,590,0,-1,0,0,0,0
2,0,0,0,0,0,0,0,0,0,0,0,0,0,0,0,0,1,15,2,0,0,0,0,0,0,0,0,0,0,0,0,0,0,0,0,4,15,0,0,-1,-1,-1,-1,-1,-1,-1,-1,-1,-1,-1,-1,-1,-1,-1,-1,-1,-1,-1,-1,-1,-1,-1,-1,-1,-1,-1,-1,-1,-1,-1,-1,-1,-1,-1,-1,-1,-1,-1,-1,-1,-1,-1,-1,-1,-1,-1,-1,-1,-1,-1,-1,-1,-1,-1,-1,0,1.237832,0,60781,6768,170,1,2,0,596,0,0,0,0,0,0
1,0,0,1,0,0,0,0,0,0,0,0,0,0,0,0,0,1,12,1,0,0,0,0,0,0,0,0,0,0,0,0,0,0,0,0,2,6,0,0,0,0,0,1,0,0,0,0,0,0,0,0,0,0,0,0,0,6,0,0,0,0,0,0,0,0,0,0,0,0,0,0,0,0,0,5,-1,-1,-1,-1,-1,-1,-1,-1,-1,-1,-1,-1,-1,-1,-1,-1,-1,-1,-1,-1,0,0.8169310000000001,-1,47583,1570,255,1,2,1,3441,0,0,0,0,0,1
1,0,0,0,0,0,0,0,0,0,0,0,0,0,0,0,0,1,11,1,0,0,0,0,0,0,0,0,0,0,0,0,0,0,0,0,4,11,0,0,-1,-1,-1,-1,-1,-1,-1,-1,-1,-1,-1,-1,-1,-1,-1,-1,-1,-1,-1,-1,-1,-1,-1,-1,-1,-1,-1,-1,-1,-1,-1,-1,-1,-1,-1,-1,-1,-1,-1,-1,-1,-1,-1,-1,-1,-1,-1,-1,-1,-1,-1,-1,-1,-1,-1,-1,0,0.266604,1,54113,4714,33,4,4,5,105,1,1,0,0,0,0
2,0,0,4,0,0,0,0,0,0,0,0,0,0,0,0,0,1,34,1,0,0,0,0,0,0,0,0,0,0,0,0,0,0,0,0,3,11,0,0,1,0,0,4,0,0,0,0,0,0,0,0,0,0,0,0,0,23,1,0,0,0,0,0,0,0,0,0,0,0,0,0,0,0,0,9,-1,-1,-1,-1,-1,-1,-1,-1,-1,-1,-1,-1,-1,-1,-1,-1,-1,-1,-1,-1,0,10.368914,1,46606,1846,344,1,2,1,14395,1,0,0,0,0,1
1,2,0,1,0,0,0,0,0,0,0,0,0,0,0,0,0,1,55,1,0,0,0,0,0,0,0,0,0,0,0,0,0,0,0,0,3,11,0,0,0,2,0,1,0,0,0,0,0,0,0,0,0,0,0,0,0,44,0,2,0,0,0,0,0,0,0,0,0,0,0,0,0,0,0,43,-1,-1,-1,-1,-1,-1,-1,-1,-1,-1,-1,-1,-1,-1,-1,-1,-1,-1,-1,-1,0,9.364448,0,13335,142,222,2,2,1,287,1,0,0,0,0,1
3,1,0,1,0,0,0,0,0,0,0,0,0,0,0,0,0,1,27,2,0,0,0,0,0,0,0,0,0,0,0,0,0,0,0,0,3,13,0,0,1,1,0,1,0,0,0,0,0,0,0,0,0,0,0,0,0,14,1,1,0,0,0,0,0,0,0,0,0,0,0,0,0,0,0,13,-1,-1,-1,-1,-1,-1,-1,-1,-1,-1,-1,-1,-1,-1,-1,-1,-1,-1,-1,-1,0,0.746737,1,20013,7418,616,1,2,1,8656,1,0,0,0,0,0
1,0,0,1,0,0,0,0,0,0,0,0,0,0,0,0,0,1,19,1,0,0,0,0,0,0,0,0,0,0,0,0,0,0,0,0,6,18,0,0,0,0,0,1,0,0,0,0,0,0,0,0,0,0,0,0,0,1,0,0,0,0,0,0,0,0,0,0,0,0,0,0,0,0,0,0,-1,-1,-1,-1,-1,-1,-1,-1,-1,-1,-1,-1,-1,-1,-1,-1,-1,-1,-1,-1,0,-1.0,0,-1,37,327,-1,4,0,-1,0,-1,0,0,0,1
2,0,0,2,0,1,0,0,0,0,0,0,0,0,0,0,0,2,26,1,0,0,0,0,0,0,0,0,0,0,0,0,0,0,0,0,4,10,0,0,1,0,0,2,0,1,0,0,0,0,0,0,0,0,0,0,0,16,0,0,0,0,0,1,0,0,0,0,0,0,0,0,0,0,0,7,-1,-1,-1,-1,-1,-1,-1,-1,-1,-1,-1,-1,-1,-1,-1,-1,-1,-1,-1,-1,0,0.06217200000000001,-1,41828,209,155,1,2,1,1296,0,1,0,0,0,1
4,0,0,1,0,0,0,0,0,0,0,0,0,0,0,0,0,1,38,3,0,0,0,0,0,0,0,0,0,0,0,0,0,0,0,0,7,29,0,0,1,0,0,1,0,0,0,0,0,0,0,0,0,0,0,0,0,9,1,0,0,0,0,0,0,0,0,0,0,0,0,0,0,0,0,8,-1,-1,-1,-1,-1,-1,-1,-1,-1,-1,-1,-1,-1,-1,-1,-1,-1,-1,-1,-1,0,0.525111,0,42831,-1,-1,1,3,1,14385,0,0,0,0,0,1
2,0,0,2,0,0,0,0,0,0,0,0,0,0,0,0,0,1,32,2,0,0,0,0,0,0,0,0,0,0,0,0,0,0,0,0,7,16,0,0,0,0,0,2,0,0,0,0,0,0,0,0,0,0,0,0,0,16,0,0,0,0,0,0,0,0,0,0,0,0,0,0,0,0,0,10,-1,-1,-1,-1,-1,-1,-1,-1,-1,-1,-1,-1,-1,-1,-1,-1,-1,-1,-1,-1,0,0.030615,0,43821,-1,-1,1,3,2,427,1,1,0,0,0,0
1,0,0,3,0,0,0,0,0,0,0,0,0,0,0,0,0,1,30,1,0,0,0,0,0,0,0,0,0,0,0,0,0,0,0,0,6,16,0,0,0,0,0,3,0,0,0,0,0,0,0,0,0,0,0,0,0,14,0,0,0,0,0,0,0,0,0,0,0,0,0,0,0,0,0,0,-1,-1,-1,-1,-1,-1,-1,-1,-1,-1,-1,-1,-1,-1,-1,-1,-1,-1,-1,-1,0,0.803621,-1,18229,1492,333,1,4,1,14387,1,0,0,0,0,1
2,1,0,0,0,0,0,0,0,0,0,0,0,0,0,0,0,1,25,2,1,0,0,0,0,0,0,0,0,0,0,0,0,0,0,0,8,25,0,0,-1,-1,-1,-1,-1,-1,-1,-1,-1,-1,-1,-1,-1,-1,-1,-1,-1,-1,-1,-1,-1,-1,-1,-1,-1,-1,-1,-1,-1,-1,-1,-1,-1,-1,-1,-1,-1,-1,-1,-1,-1,-1,-1,-1,-1,-1,-1,-1,-1,-1,-1,-1,-1,-1,-1,-1,0,-1.0,0,-1,414,50,-1,4,0,-1,0,-1,0,0,0,0
2,1,0,0,0,0,0,0,0,0,0,0,0,0,0,0,0,1,25,2,1,0,0,0,0,0,0,0,0,0,0,0,0,0,0,0,8,25,0,0,-1,-1,-1,-1,-1,-1,-1,-1,-1,-1,-1,-1,-1,-1,-1,-1,-1,-1,-1,-1,-1,-1,-1,-1,-1,-1,-1,-1,-1,-1,-1,-1,-1,-1,-1,-1,-1,-1,-1,-1,-1,-1,-1,-1,-1,-1,-1,-1,-1,-1,-1,-1,-1,-1,-1,-1,0,1.21371,-1,31624,-1,-1,1,4,1,291,0,0,0,0,0,0
1,0,2,2,0,2,0,1,0,0,0,0,0,0,0,0,0,1,62,1,0,0,0,0,0,0,0,0,0,0,0,0,0,0,0,0,2,12,0,0,0,0,0,2,0,0,0,0,0,0,0,0,0,0,0,0,0,8,0,0,0,0,0,0,0,0,0,0,0,0,0,0,0,0,0,5,0,0,2,0,0,2,0,1,0,0,0,0,0,0,0,0,0,42,0,2,0,0.561025,1,262254,174,190,1,3,7,593,1,0,0,0,0,1
1,0,0,1,0,0,0,0,0,0,0,0,0,0,0,0,0,1,14,1,0,0,0,0,0,0,0,0,0,0,0,0,0,0,0,0,2,8,0,0,0,0,0,1,0,0,0,0,0,0,0,0,0,0,0,0,0,6,0,0,0,0,0,0,0,0,0,0,0,0,0,0,0,0,0,5,-1,-1,-1,-1,-1,-1,-1,-1,-1,-1,-1,-1,-1,-1,-1,-1,-1,-1,-1,-1,0,1.060842,-1,22612,-1,153,1,2,3,146,1,1,0,0,0,1
2,0,0,0,0,0,0,0,0,0,0,0,0,0,0,0,0,1,16,2,0,0,0,0,0,0,0,0,0,0,0,0,0,0,0,0,3,16,0,0,-1,-1,-1,-1,-1,-1,-1,-1,-1,-1,-1,-1,-1,-1,-1,-1,-1,-1,-1,-1,-1,-1,-1,-1,-1,-1,-1,-1,-1,-1,-1,-1,-1,-1,-1,-1,-1,-1,-1,-1,-1,-1,-1,-1,-1,-1,-1,-1,-1,-1,-1,-1,-1,-1,-1,-1,0,0.087601,0,54113,7799,234,1,6,2,21598,1,2,0,0,0,0
2,0,0,0,0,0,0,0,0,0,0,0,0,0,0,0,0,1,23,2,0,0,0,0,0,0,0,0,0,0,0,0,0,0,0,0,8,23,0,0,-1,-1,-1,-1,-1,-1,-1,-1,-1,-1,-1,-1,-1,-1,-1,-1,-1,-1,-1,-1,-1,-1,-1,-1,-1,-1,-1,-1,-1,-1,-1,-1,-1,-1,-1,-1,-1,-1,-1,-1,-1,-1,-1,-1,-1,-1,-1,-1,-1,-1,-1,-1,-1,-1,-1,-1,0,1.34004,0,13335,483,246,2,2,0,299,1,0,0,0,0,0
2,0,0,3,0,0,0,0,0,0,0,0,0,0,0,0,0,1,53,2,0,0,0,0,0,0,0,0,0,0,0,0,0,0,0,0,6,16,0,0,0,0,0,3,0,0,0,0,0,0,0,0,0,0,0,0,0,37,0,0,0,0,0,0,0,0,0,0,0,0,0,0,0,0,0,0,-1,-1,-1,-1,-1,-1,-1,-1,-1,-1,-1,-1,-1,-1,-1,-1,-1,-1,-1,-1,0,0.193337,0,15169,-1,-1,1,4,5,152,1,2,0,0,0,1
2,0,0,0,0,0,0,0,0,0,0,0,0,0,0,0,0,1,30,2,0,0,0,0,0,0,0,0,0,0,0,0,0,0,0,0,10,30,0,0,-1,-1,-1,-1,-1,-1,-1,-1,-1,-1,-1,-1,-1,-1,-1,-1,-1,-1,-1,-1,-1,-1,-1,-1,-1,-1,-1,-1,-1,-1,-1,-1,-1,-1,-1,-1,-1,-1,-1,-1,-1,-1,-1,-1,-1,-1,-1,-1,-1,-1,-1,-1,-1,-1,-1,-1,0,3.647201,0,2635,-1,-1,2,4,1,293,1,0,0,0,0,0
2,0,0,1,0,0,0,0,0,0,0,0,0,0,0,0,0,1,26,2,0,0,0,0,0,0,0,0,0,0,0,0,0,0,0,0,10,25,0,0,0,0,0,1,0,0,0,0,0,0,0,0,0,0,0,0,0,1,0,0,0,0,0,0,0,0,0,0,0,0,0,0,0,0,0,0,-1,-1,-1,-1,-1,-1,-1,-1,-1,-1,-1,-1,-1,-1,-1,-1,-1,-1,-1,-1,0,0.612015,0,29873,3526,125,1,2,1,3599,1,0,0,0,0,0
4,1,0,7,0,1,1,0,0,0,0,0,0,0,0,0,0,2,101,2,0,0,0,0,0,0,0,0,0,0,0,0,0,0,0,0,6,23,0,0,1,1,0,7,0,0,0,0,0,0,0,0,0,0,0,0,0,52,1,0,0,0,0,0,0,0,0,0,0,0,0,0,0,0,0,9,1,0,0,0,0,1,1,0,0,0,0,0,0,0,0,0,0,26,1,1,1,0.6227199999999999,-1,46606,2552,369,1,2,1,14350,1,0,0,0,0,1
2,0,0,0,0,0,0,0,0,0,0,0,0,0,0,0,0,1,13,2,0,0,0,0,0,0,0,0,0,0,0,0,0,0,0,0,3,13,0,0,-1,-1,-1,-1,-1,-1,-1,-1,-1,-1,-1,-1,-1,-1,-1,-1,-1,-1,-1,-1,-1,-1,-1,-1,-1,-1,-1,-1,-1,-1,-1,-1,-1,-1,-1,-1,-1,-1,-1,-1,-1,-1,-1,-1,-1,-1,-1,-1,-1,-1,-1,-1,-1,-1,-1,-1,0,0.4844979999999999,-1,29256,7068,236,1,2,1,14251,1,2,0,0,0,0
4,2,0,7,0,1,1,0,0,0,0,0,0,0,0,0,0,2,108,2,0,0,0,0,0,0,0,0,0,0,0,0,0,0,0,0,9,20,0,0,1,2,0,7,0,0,0,0,0,0,0,0,0,0,0,0,0,65,1,0,0,0,0,0,0,0,0,0,0,0,0,0,0,0,0,9,1,0,0,0,0,1,1,0,0,0,0,0,0,0,0,0,0,23,1,1,1,0.8344159999999999,1,20013,-1,-1,1,2,1,9687,1,0,0,0,0,1
2,0,0,0,0,0,0,0,0,0,0,0,0,0,0,0,0,1,14,2,0,0,0,0,0,0,0,0,0,0,0,0,0,0,0,0,4,14,0,0,-1,-1,-1,-1,-1,-1,-1,-1,-1,-1,-1,-1,-1,-1,-1,-1,-1,-1,-1,-1,-1,-1,-1,-1,-1,-1,-1,-1,-1,-1,-1,-1,-1,-1,-1,-1,-1,-1,-1,-1,-1,-1,-1,-1,-1,-1,-1,-1,-1,-1,-1,-1,-1,-1,-1,-1,0,0.640745,1,46606,6698,699,1,2,1,14390,1,0,0,0,0,0
5,3,4,7,0,6,0,5,1,0,0,0,0,0,0,0,10,2,274,1,2,0,0,0,0,0,0,0,0,0,0,0,0,0,0,0,10,25,0,0,0,0,0,1,0,0,0,0,0,0,0,0,0,0,0,0,0,1,0,0,0,0,0,0,0,0,0,0,0,0,0,0,0,0,0,0,4,1,4,6,0,6,0,5,1,0,0,0,0,0,0,0,10,242,1,6,0,0.07121799999999999,0,49349,19,345,1,2,1,281,0,0,0,0,0,1
2,0,0,0,0,0,0,0,0,0,0,0,0,0,0,0,0,1,21,2,0,0,0,0,0,0,0,0,0,0,0,0,0,0,0,0,7,21,0,0,-1,-1,-1,-1,-1,-1,-1,-1,-1,-1,-1,-1,-1,-1,-1,-1,-1,-1,-1,-1,-1,-1,-1,-1,-1,-1,-1,-1,-1,-1,-1,-1,-1,-1,-1,-1,-1,-1,-1,-1,-1,-1,-1,-1,-1,-1,-1,-1,-1,-1,-1,-1,-1,-1,-1,-1,0,11.737599,0,26496,4832,280,1,2,0,585,0,2,0,0,0,0
3,0,0,2,0,0,0,0,0,0,0,0,0,0,0,0,0,1,37,2,0,0,0,0,0,0,0,0,0,0,0,0,0,0,0,0,10,21,0,0,1,0,0,2,0,0,0,0,0,0,0,0,0,0,0,0,0,16,1,0,0,0,0,0,0,0,0,0,0,0,0,0,0,0,0,9,-1,-1,-1,-1,-1,-1,-1,-1,-1,-1,-1,-1,-1,-1,-1,-1,-1,-1,-1,-1,0,0.886144,-1,18747,5303,234,1,2,1,1427,0,0,0,0,0,1
4,0,0,4,0,1,1,0,0,0,1,0,0,0,0,0,0,2,91,2,0,0,0,0,0,0,0,0,0,0,0,0,0,0,0,0,7,24,0,0,1,0,0,4,0,0,0,0,0,0,1,0,0,0,0,0,0,37,1,0,0,0,0,0,0,0,0,0,0,0,0,0,0,0,0,6,1,0,0,0,0,1,1,0,0,0,0,0,0,0,0,0,0,30,1,1,1,0.869539,0,22611,-1,-1,1,2,1,5416,1,0,0,0,0,1
3,0,1,4,0,0,0,0,0,0,0,0,0,0,0,0,9,1,106,2,0,0,0,0,0,0,0,0,0,0,0,0,0,0,0,0,9,37,0,0,1,0,1,4,0,0,0,0,0,0,0,0,0,0,0,0,9,69,1,0,0,0,0,0,0,0,0,0,0,0,0,0,0,0,0,9,-1,-1,-1,-1,-1,-1,-1,-1,-1,-1,-1,-1,-1,-1,-1,-1,-1,-1,-1,-1,0,0.301896,0,47583,-1,-1,1,1,1,51,1,0,0,0,0,1
1,1,1,1,0,0,0,0,0,0,0,0,0,0,0,0,0,1,13,1,0,0,0,0,0,0,0,0,0,0,0,0,0,0,0,0,2,7,0,0,0,1,1,1,0,0,0,0,0,0,0,0,0,0,0,0,0,6,0,1,1,0,0,0,0,0,0,0,0,0,0,0,0,0,0,5,-1,-1,-1,-1,-1,-1,-1,-1,-1,-1,-1,-1,-1,-1,-1,-1,-1,-1,-1,-1,0,0.176938,-1,50974,-1,-1,1,3,2,13504,0,0,0,0,0,1
2,0,0,3,0,0,0,0,0,0,0,0,0,0,0,0,0,1,83,1,0,0,0,0,0,0,0,0,0,0,0,0,0,0,0,0,4,14,0,0,1,0,0,3,0,0,0,0,0,0,0,0,0,0,0,0,0,41,1,0,0,0,0,0,0,0,0,0,0,0,0,0,0,0,0,20,0,0,0,0,0,0,0,0,0,0,0,0,0,0,0,0,0,28,0,0,0,1.290677,-1,46562,610,484,1,2,1,14390,1,0,0,0,0,1
2,0,0,0,0,0,0,0,0,0,0,0,0,0,0,0,0,1,17,2,0,0,0,0,0,0,0,0,0,0,0,0,0,0,0,0,4,17,0,0,-1,-1,-1,-1,-1,-1,-1,-1,-1,-1,-1,-1,-1,-1,-1,-1,-1,-1,-1,-1,-1,-1,-1,-1,-1,-1,-1,-1,-1,-1,-1,-1,-1,-1,-1,-1,-1,-1,-1,-1,-1,-1,-1,-1,-1,-1,-1,-1,-1,-1,-1,-1,-1,-1,-1,-1,0,0.835525,0,13335,2064,126,2,2,5,299,1,1,0,0,0,0
2,0,0,3,0,0,0,0,0,0,0,0,0,0,0,0,0,1,47,2,0,0,0,0,0,0,0,0,0,0,0,0,0,0,0,0,6,16,0,0,0,0,0,3,0,0,0,0,0,0,0,0,0,0,0,0,0,31,0,0,0,0,0,0,0,0,0,0,0,0,0,0,0,0,0,0,-1,-1,-1,-1,-1,-1,-1,-1,-1,-1,-1,-1,-1,-1,-1,-1,-1,-1,-1,-1,0,0.179875,0,15169,-1,-1,1,4,5,127,1,0,0,0,0,1
3,0,0,0,0,0,0,0,0,0,0,0,0,0,0,0,0,1,16,3,0,0,0,0,0,0,0,0,0,0,0,0,0,0,0,0,4,16,0,0,-1,-1,-1,-1,-1,-1,-1,-1,-1,-1,-1,-1,-1,-1,-1,-1,-1,-1,-1,-1,-1,-1,-1,-1,-1,-1,-1,-1,-1,-1,-1,-1,-1,-1,-1,-1,-1,-1,-1,-1,-1,-1,-1,-1,-1,-1,-1,-1,-1,-1,-1,-1,-1,-1,-1,-1,0,0.243377,0,1680,-1,-1,1,2,1,552,0,1,0,0,0,0
4,0,0,1,0,0,0,0,0,0,0,0,0,0,0,0,0,1,22,3,0,0,0,0,0,0,0,0,0,0,0,0,0,0,0,0,1,13,0,0,1,0,0,1,0,0,0,0,0,0,0,0,0,0,0,0,0,9,1,0,0,0,0,0,0,0,0,0,0,0,0,0,0,0,0,8,-1,-1,-1,-1,-1,-1,-1,-1,-1,-1,-1,-1,-1,-1,-1,-1,-1,-1,-1,-1,0,1.733486,-1,131447,4652,459,1,1,1,21598,0,0,0,0,0,0
2,1,0,4,0,0,0,0,0,0,0,0,0,0,0,0,0,1,52,1,0,0,0,0,0,0,0,0,0,0,0,0,0,0,0,0,8,18,0,0,1,1,0,4,0,0,0,0,0,0,0,0,0,0,0,0,0,34,1,0,0,0,0,0,0,0,0,0,0,0,0,0,0,0,0,9,-1,-1,-1,-1,-1,-1,-1,-1,-1,-1,-1,-1,-1,-1,-1,-1,-1,-1,-1,-1,0,0.5623319999999999,1,46606,2060,130,1,2,1,14291,1,0,0,0,0,1
3,0,0,0,0,0,0,0,0,0,0,0,0,0,0,0,0,1,20,3,0,0,0,0,0,0,0,0,0,0,0,0,0,0,0,0,8,20,0,0,-1,-1,-1,-1,-1,-1,-1,-1,-1,-1,-1,-1,-1,-1,-1,-1,-1,-1,-1,-1,-1,-1,-1,-1,-1,-1,-1,-1,-1,-1,-1,-1,-1,-1,-1,-1,-1,-1,-1,-1,-1,-1,-1,-1,-1,-1,-1,-1,-1,-1,-1,-1,-1,-1,-1,-1,0,-1.0,0,8972,-1,-1,1,12,1,3578,0,-1,0,0,0,0
2,1,0,7,0,0,0,0,0,0,0,0,0,0,0,0,0,1,77,1,0,0,0,0,0,0,0,0,0,0,0,0,0,0,0,0,4,14,0,0,1,1,0,7,0,0,0,0,0,0,0,0,0,0,0,0,0,63,1,0,0,0,0,0,0,0,0,0,0,0,0,0,0,0,0,9,-1,-1,-1,-1,-1,-1,-1,-1,-1,-1,-1,-1,-1,-1,-1,-1,-1,-1,-1,-1,0,1.4402629999999998,0,14259,2710,241,1,2,1,14390,1,0,0,0,0,1
5,0,0,2,0,0,0,0,0,0,0,0,0,0,0,0,0,1,42,4,0,0,0,0,0,0,0,0,0,0,0,0,0,0,0,0,6,27,0,0,1,0,0,2,0,0,0,0,0,0,0,0,0,0,0,0,0,15,1,0,0,0,0,0,0,0,0,0,0,0,0,0,0,0,0,9,-1,-1,-1,-1,-1,-1,-1,-1,-1,-1,-1,-1,-1,-1,-1,-1,-1,-1,-1,-1,0,0.531045,0,262967,565,-1,1,3,3,343,1,0,0,0,0,0
1,3,0,6,0,0,0,0,0,0,0,0,0,0,0,0,0,1,76,1,0,0,0,0,0,0,0,0,0,0,0,0,0,0,0,0,8,20,0,0,0,3,0,6,0,0,0,0,0,0,0,0,0,0,0,0,0,56,0,0,0,0,0,0,0,0,0,0,0,0,0,0,0,0,0,0,-1,-1,-1,-1,-1,-1,-1,-1,-1,-1,-1,-1,-1,-1,-1,-1,-1,-1,-1,-1,0,0.397313,-1,26496,3311,1436,1,2,2,497,0,0,0,0,0,1
3,0,0,4,0,0,0,0,0,0,0,0,0,0,0,0,0,1,38,2,0,0,0,0,0,0,0,0,0,0,0,0,0,0,0,0,7,16,0,0,1,0,0,4,0,0,0,0,0,0,0,0,0,0,0,0,0,22,1,0,0,0,0,0,0,0,0,0,0,0,0,0,0,0,0,8,-1,-1,-1,-1,-1,-1,-1,-1,-1,-1,-1,-1,-1,-1,-1,-1,-1,-1,-1,-1,0,10.82057,-1,38767,2467,89,1,4,1,5614,1,0,0,0,0,1
2,0,0,1,0,0,0,0,0,0,0,0,0,0,0,0,0,1,37,1,0,0,0,0,0,0,0,0,0,0,0,0,0,0,0,0,8,21,0,0,1,0,0,1,0,0,0,0,0,0,0,0,0,0,0,0,0,16,1,0,0,0,0,0,0,0,0,0,0,0,0,0,0,0,0,15,-1,-1,-1,-1,-1,-1,-1,-1,-1,-1,-1,-1,-1,-1,-1,-1,-1,-1,-1,-1,0,0.374998,0,53479,3193,93,1,2,1,14392,0,0,0,0,0,1
1,0,0,1,0,0,0,0,0,0,0,0,0,0,0,0,0,1,17,1,0,0,0,0,0,0,0,0,0,0,0,0,0,0,0,0,4,16,0,0,0,0,0,1,0,0,0,0,0,0,0,0,0,0,0,0,0,1,0,0,0,0,0,0,0,0,0,0,0,0,0,0,0,0,0,0,-1,-1,-1,-1,-1,-1,-1,-1,-1,-1,-1,-1,-1,-1,-1,-1,-1,-1,-1,-1,0,1.099449,0,-1,-1,-1,-1,4,0,-1,1,0,0,0,0,1
4,2,3,1,0,8,1,7,0,0,0,0,0,0,0,0,0,2,185,1,0,0,0,0,0,0,0,0,0,0,0,0,0,0,0,0,6,16,0,0,1,0,0,1,0,0,0,0,0,0,0,0,0,0,0,0,0,10,1,0,0,0,0,0,0,0,0,0,0,0,0,0,0,0,0,9,2,2,3,0,0,8,1,7,0,0,0,0,0,0,0,0,0,159,1,8,1,0.387207,0,8560,5130,347,1,4,2,3565,0,0,0,0,0,1
2,0,0,3,0,0,0,0,0,0,0,0,0,0,0,0,0,1,26,2,0,0,0,0,0,0,0,0,0,0,0,0,0,0,0,0,4,12,0,0,0,0,0,3,0,0,0,0,0,0,0,0,0,0,0,0,0,14,0,0,0,0,0,0,0,0,0,0,0,0,0,0,0,0,0,0,-1,-1,-1,-1,-1,-1,-1,-1,-1,-1,-1,-1,-1,-1,-1,-1,-1,-1,-1,-1,0,1.012118,0,27715,1375,816,1,2,1,14384,1,0,0,0,0,1
1,0,0,4,0,0,0,0,0,0,0,0,0,0,0,0,0,1,50,1,0,0,0,0,0,0,0,0,0,0,0,0,0,0,0,0,7,18,0,0,0,0,0,4,0,0,0,0,0,0,0,0,0,0,0,0,0,32,0,0,0,0,0,0,0,0,0,0,0,0,0,0,0,0,0,0,-1,-1,-1,-1,-1,-1,-1,-1,-1,-1,-1,-1,-1,-1,-1,-1,-1,-1,-1,-1,0,1.5792620000000002,-1,58404,1217,243,1,4,1,10802,1,0,0,0,0,1
2,0,0,1,0,0,0,0,0,0,0,0,0,0,0,0,0,1,17,2,0,0,0,0,0,0,0,0,0,0,0,0,0,0,0,0,5,16,0,0,0,0,0,1,0,0,0,0,0,0,0,0,0,0,0,0,0,1,0,0,0,0,0,0,0,0,0,0,0,0,0,0,0,0,0,0,-1,-1,-1,-1,-1,-1,-1,-1,-1,-1,-1,-1,-1,-1,-1,-1,-1,-1,-1,-1,0,1.626168,-1,19271,-1,-1,1,2,1,7446,1,0,0,0,0,0
2,0,0,1,0,0,0,0,0,0,0,0,0,0,0,0,0,1,19,2,0,0,0,0,0,0,0,0,0,0,0,0,0,0,0,0,4,18,0,0,0,0,0,1,0,0,0,0,0,0,0,0,0,0,0,0,0,1,0,0,0,0,0,0,0,0,0,0,0,0,0,0,0,0,0,0,-1,-1,-1,-1,-1,-1,-1,-1,-1,-1,-1,-1,-1,-1,-1,-1,-1,-1,-1,-1,0,1.79981,0,18042,-1,-1,1,2,0,3589,0,0,0,0,0,0
4,0,1,8,1,2,0,0,0,0,0,0,0,0,0,0,0,2,136,2,0,0,0,0,0,0,0,0,0,0,0,0,0,0,0,0,5,18,0,0,0,0,0,5,0,0,0,0,0,0,0,0,0,0,0,0,0,31,0,0,0,0,0,0,0,0,0,0,0,0,0,0,0,0,0,4,2,0,1,2,1,2,0,0,0,0,0,0,0,0,0,0,0,72,1,1,0,0.798049,0,17358,-1,-1,1,6,1,161,0,0,0,0,0,1
1,0,0,0,0,0,0,0,0,0,0,0,0,0,0,0,0,1,13,1,0,0,0,0,0,0,0,0,0,0,0,0,0,0,0,0,5,13,0,0,-1,-1,-1,-1,-1,-1,-1,-1,-1,-1,-1,-1,-1,-1,-1,-1,-1,-1,-1,-1,-1,-1,-1,-1,-1,-1,-1,-1,-1,-1,-1,-1,-1,-1,-1,-1,-1,-1,-1,-1,-1,-1,-1,-1,-1,-1,-1,-1,-1,-1,-1,-1,-1,-1,-1,-1,0,0.455858,0,20013,159,205,1,4,0,3513,0,0,0,0,0,1
3,0,0,4,0,0,1,0,0,0,0,0,0,0,0,0,0,2,60,1,0,0,0,0,0,0,0,0,0,0,0,0,0,0,0,0,7,21,0,0,1,0,0,4,0,0,0,0,0,0,0,0,0,0,0,0,0,23,1,0,0,0,0,0,0,0,0,0,0,0,0,0,0,0,0,7,1,0,0,0,0,0,1,0,0,0,0,0,0,0,0,0,0,16,1,0,1,1.209293,1,5578,-1,-1,1,3,2,225,1,1,0,0,0,1
2,0,0,0,0,0,0,0,0,0,0,0,0,0,0,0,0,1,9,2,0,0,0,0,0,0,0,0,0,0,0,0,0,0,0,0,0,9,0,0,-1,-1,-1,-1,-1,-1,-1,-1,-1,-1,-1,-1,-1,-1,-1,-1,-1,-1,-1,-1,-1,-1,-1,-1,-1,-1,-1,-1,-1,-1,-1,-1,-1,-1,-1,-1,-1,-1,-1,-1,-1,-1,-1,-1,-1,-1,-1,-1,-1,-1,-1,-1,-1,-1,-1,-1,0,1.494096,0,6697,5857,262,1,2,1,296,1,1,0,0,0,0
2,0,0,2,0,0,0,0,0,0,0,0,0,0,0,0,0,1,30,1,0,0,0,0,0,0,0,0,0,0,0,0,0,0,0,0,4,17,0,0,1,0,0,2,0,0,0,0,0,0,0,0,0,0,0,0,0,13,0,0,0,0,0,0,0,0,0,0,0,0,0,0,0,0,0,7,-1,-1,-1,-1,-1,-1,-1,-1,-1,-1,-1,-1,-1,-1,-1,-1,-1,-1,-1,-1,0,0.529516,0,32244,3712,304,1,2,1,278,1,1,0,0,0,1
2,3,0,1,0,0,0,0,0,0,0,0,0,0,0,0,0,1,33,1,2,0,0,0,0,0,0,0,0,0,0,0,0,0,0,0,4,17,0,0,1,1,0,1,0,0,0,0,0,0,0,0,0,0,0,0,0,16,1,1,0,0,0,0,0,0,0,0,0,0,0,0,0,0,0,15,-1,-1,-1,-1,-1,-1,-1,-1,-1,-1,-1,-1,-1,-1,-1,-1,-1,-1,-1,-1,0,0.550657,0,7506,56,308,1,2,0,276,0,1,0,0,0,1
2,0,0,0,0,0,0,0,0,0,0,0,0,0,0,0,0,1,22,2,0,0,0,0,0,0,0,0,0,0,0,0,0,0,0,0,7,22,0,0,-1,-1,-1,-1,-1,-1,-1,-1,-1,-1,-1,-1,-1,-1,-1,-1,-1,-1,-1,-1,-1,-1,-1,-1,-1,-1,-1,-1,-1,-1,-1,-1,-1,-1,-1,-1,-1,-1,-1,-1,-1,-1,-1,-1,-1,-1,-1,-1,-1,-1,-1,-1,-1,-1,-1,-1,0,0.453211,0,15169,-1,-1,1,4,0,231,1,0,0,0,0,0
2,0,0,0,0,0,0,0,0,0,0,0,0,0,0,0,0,1,24,2,0,0,0,0,0,0,0,0,0,0,0,0,0,0,0,0,8,24,0,0,-1,-1,-1,-1,-1,-1,-1,-1,-1,-1,-1,-1,-1,-1,-1,-1,-1,-1,-1,-1,-1,-1,-1,-1,-1,-1,-1,-1,-1,-1,-1,-1,-1,-1,-1,-1,-1,-1,-1,-1,-1,-1,-1,-1,-1,-1,-1,-1,-1,-1,-1,-1,-1,-1,-1,-1,0,0.534193,-1,26496,-1,-1,1,2,2,54,1,0,0,0,0,1
2,0,0,5,0,0,0,0,0,0,0,0,0,0,0,0,0,1,35,2,0,0,0,0,0,0,0,0,0,0,0,0,0,0,0,0,2,12,0,0,0,0,0,5,0,0,0,0,0,0,0,0,0,0,0,0,0,23,0,0,0,0,0,0,0,0,0,0,0,0,0,0,0,0,0,0,-1,-1,-1,-1,-1,-1,-1,-1,-1,-1,-1,-1,-1,-1,-1,-1,-1,-1,-1,-1,0,0.733432,0,16276,6863,441,1,3,2,2752,1,0,0,0,0,0
3,0,0,0,0,0,0,0,0,0,0,0,0,0,0,0,0,1,27,3,0,0,0,0,0,0,0,0,0,0,0,0,0,0,0,0,9,27,0,0,-1,-1,-1,-1,-1,-1,-1,-1,-1,-1,-1,-1,-1,-1,-1,-1,-1,-1,-1,-1,-1,-1,-1,-1,-1,-1,-1,-1,-1,-1,-1,-1,-1,-1,-1,-1,-1,-1,-1,-1,-1,-1,-1,-1,-1,-1,-1,-1,-1,-1,-1,-1,-1,-1,-1,-1,0,0.7201270000000001,0,30083,-1,-1,1,4,3,3598,0,0,0,0,0,0
3,0,0,0,0,0,0,0,0,0,0,0,0,0,0,0,0,1,19,3,0,0,0,0,0,0,0,0,0,0,0,0,0,0,0,0,2,19,0,0,-1,-1,-1,-1,-1,-1,-1,-1,-1,-1,-1,-1,-1,-1,-1,-1,-1,-1,-1,-1,-1,-1,-1,-1,-1,-1,-1,-1,-1,-1,-1,-1,-1,-1,-1,-1,-1,-1,-1,-1,-1,-1,-1,-1,-1,-1,-1,-1,-1,-1,-1,-1,-1,-1,-1,-1,0,-1.0,0,-1,-1,-1,-1,3,1,-1,0,-1,0,0,0,0
2,0,0,1,0,0,0,0,0,0,0,0,0,0,0,0,0,1,15,2,0,0,0,0,0,0,0,0,0,0,0,0,0,0,0,0,3,14,0,0,0,0,0,1,0,0,0,0,0,0,0,0,0,0,0,0,0,1,0,0,0,0,0,0,0,0,0,0,0,0,0,0,0,0,0,0,-1,-1,-1,-1,-1,-1,-1,-1,-1,-1,-1,-1,-1,-1,-1,-1,-1,-1,-1,-1,0,0.14452,0,16509,6880,59,4,4,1,59,1,0,0,0,0,0
2,0,0,0,0,0,0,0,0,0,0,0,0,0,0,0,0,1,12,2,0,0,0,0,0,0,0,0,0,0,0,0,0,0,0,0,1,12,0,0,-1,-1,-1,-1,-1,-1,-1,-1,-1,-1,-1,-1,-1,-1,-1,-1,-1,-1,-1,-1,-1,-1,-1,-1,-1,-1,-1,-1,-1,-1,-1,-1,-1,-1,-1,-1,-1,-1,-1,-1,-1,-1,-1,-1,-1,-1,-1,-1,-1,-1,-1,-1,-1,-1,-1,-1,0,2.078062,0,20401,7626,42,1,2,1,14398,0,0,0,0,0,0
2,0,0,0,0,0,0,0,0,0,0,0,0,0,0,0,0,1,18,2,0,0,0,0,0,0,0,0,0,0,0,0,0,0,0,0,6,18,0,0,-1,-1,-1,-1,-1,-1,-1,-1,-1,-1,-1,-1,-1,-1,-1,-1,-1,-1,-1,-1,-1,-1,-1,-1,-1,-1,-1,-1,-1,-1,-1,-1,-1,-1,-1,-1,-1,-1,-1,-1,-1,-1,-1,-1,-1,-1,-1,-1,-1,-1,-1,-1,-1,-1,-1,-1,0,1.051274,0,131367,-1,-1,1,5,2,583,0,1,0,0,0,0
2,0,1,2,0,0,0,0,0,0,0,0,0,0,0,0,0,1,35,2,0,0,0,0,0,0,0,0,0,0,0,0,0,0,0,0,7,16,0,0,0,0,1,2,0,0,0,0,0,0,0,0,0,0,0,0,0,19,0,0,1,0,0,0,0,0,0,0,0,0,0,0,0,0,0,13,-1,-1,-1,-1,-1,-1,-1,-1,-1,-1,-1,-1,-1,-1,-1,-1,-1,-1,-1,-1,0,0.030062,0,43821,-1,-1,1,3,2,585,1,1,0,0,0,0
2,0,0,0,0,0,0,0,0,0,0,0,0,0,0,0,0,1,16,2,0,0,0,0,0,0,0,0,0,0,0,0,0,0,0,0,5,16,0,0,-1,-1,-1,-1,-1,-1,-1,-1,-1,-1,-1,-1,-1,-1,-1,-1,-1,-1,-1,-1,-1,-1,-1,-1,-1,-1,-1,-1,-1,-1,-1,-1,-1,-1,-1,-1,-1,-1,-1,-1,-1,-1,-1,-1,-1,-1,-1,-1,-1,-1,-1,-1,-1,-1,-1,-1,0,2.080539,0,20545,-1,-1,1,2,3,3980,0,1,0,0,0,0
2,3,0,1,0,0,0,0,0,0,0,0,0,0,0,0,0,1,30,2,3,0,0,0,0,0,0,0,0,0,0,0,0,0,0,0,10,29,0,0,0,0,0,1,0,0,0,0,0,0,0,0,0,0,0,0,0,1,0,0,0,0,0,0,0,0,0,0,0,0,0,0,0,0,0,0,-1,-1,-1,-1,-1,-1,-1,-1,-1,-1,-1,-1,-1,-1,-1,-1,-1,-1,-1,-1,0,1.384053,0,13335,-1,-1,5,2,0,290,1,1,0,0,0,1
2,1,0,1,0,0,0,0,0,0,0,0,0,0,0,0,0,1,25,2,1,0,0,0,0,0,0,0,0,0,0,0,0,0,0,0,7,24,0,0,0,0,0,1,0,0,0,0,0,0,0,0,0,0,0,0,0,1,0,0,0,0,0,0,0,0,0,0,0,0,0,0,0,0,0,0,-1,-1,-1,-1,-1,-1,-1,-1,-1,-1,-1,-1,-1,-1,-1,-1,-1,-1,-1,-1,0,0.381979,0,13768,7719,314,1,2,2,292,0,0,0,0,0,0
2,0,0,0,0,0,0,0,0,0,0,0,0,0,0,0,0,1,12,2,0,0,0,0,0,0,0,0,0,0,0,0,0,0,0,0,3,12,0,0,-1,-1,-1,-1,-1,-1,-1,-1,-1,-1,-1,-1,-1,-1,-1,-1,-1,-1,-1,-1,-1,-1,-1,-1,-1,-1,-1,-1,-1,-1,-1,-1,-1,-1,-1,-1,-1,-1,-1,-1,-1,-1,-1,-1,-1,-1,-1,-1,-1,-1,-1,-1,-1,-1,-1,-1,0,1.396126,0,8560,6857,1543,1,2,2,3597,1,2,0,0,0,0
4,0,0,3,0,0,0,0,0,0,0,0,0,0,0,0,0,1,36,3,0,0,0,0,0,0,0,0,0,0,0,0,0,0,0,0,5,19,0,0,1,0,0,3,0,0,0,0,0,0,0,0,0,0,0,0,0,17,1,0,0,0,0,0,0,0,0,0,0,0,0,0,0,0,0,10,-1,-1,-1,-1,-1,-1,-1,-1,-1,-1,-1,-1,-1,-1,-1,-1,-1,-1,-1,-1,0,0.361688,0,20013,-1,-1,1,2,1,2821,0,1,0,0,0,1
2,0,0,0,0,0,0,0,0,0,0,0,0,0,0,0,0,1,16,2,0,0,0,0,0,0,0,0,0,0,0,0,0,0,0,0,5,16,0,0,-1,-1,-1,-1,-1,-1,-1,-1,-1,-1,-1,-1,-1,-1,-1,-1,-1,-1,-1,-1,-1,-1,-1,-1,-1,-1,-1,-1,-1,-1,-1,-1,-1,-1,-1,-1,-1,-1,-1,-1,-1,-1,-1,-1,-1,-1,-1,-1,-1,-1,-1,-1,-1,-1,-1,-1,0,0.205315,0,51718,5061,51,1,2,1,799,0,0,0,0,0,0
1,2,0,4,0,0,0,0,0,0,0,0,0,0,0,0,0,1,28,1,1,0,0,0,0,0,0,0,0,0,0,0,0,0,0,0,1,10,0,0,0,1,0,4,0,0,0,0,0,0,0,0,0,0,0,0,0,18,0,0,0,0,0,0,0,0,0,0,0,0,0,0,0,0,0,0,-1,-1,-1,-1,-1,-1,-1,-1,-1,-1,-1,-1,-1,-1,-1,-1,-1,-1,-1,-1,0,2.357004,0,20013,819,275,1,4,0,3549,0,0,0,0,0,1
1,0,0,3,0,0,0,0,0,0,0,0,0,0,0,0,0,1,64,1,0,0,0,0,0,0,0,0,0,0,0,0,0,0,0,0,5,17,0,0,0,0,0,3,0,0,0,0,0,0,0,0,0,0,0,0,0,47,0,0,0,0,0,0,0,0,0,0,0,0,0,0,0,0,0,32,-1,-1,-1,-1,-1,-1,-1,-1,-1,-1,-1,-1,-1,-1,-1,-1,-1,-1,-1,-1,0,1.597476,0,33494,1590,601,1,2,1,75,0,1,0,0,0,1
3,2,0,2,0,1,1,0,0,0,0,0,0,0,0,0,0,2,55,1,0,0,0,0,0,0,0,0,0,0,0,0,0,0,0,0,5,11,0,0,1,1,0,2,0,0,0,0,0,0,0,0,0,0,0,0,0,21,1,0,0,0,0,0,0,0,0,0,0,0,0,0,0,0,0,11,1,1,0,0,0,1,1,0,0,0,0,0,0,0,0,0,0,23,1,1,1,0.504555,-1,20013,2399,157,1,2,1,13794,0,0,0,0,0,1
2,0,0,0,0,0,0,0,0,0,0,0,0,0,0,0,0,1,11,2,0,0,0,0,0,0,0,0,0,0,0,0,0,0,0,0,2,11,0,0,-1,-1,-1,-1,-1,-1,-1,-1,-1,-1,-1,-1,-1,-1,-1,-1,-1,-1,-1,-1,-1,-1,-1,-1,-1,-1,-1,-1,-1,-1,-1,-1,-1,-1,-1,-1,-1,-1,-1,-1,-1,-1,-1,-1,-1,-1,-1,-1,-1,-1,-1,-1,-1,-1,-1,-1,0,0.454396,0,13335,-1,-1,5,2,1,296,1,1,0,0,0,0
2,0,0,5,0,2,0,1,0,0,0,0,0,0,0,0,1,1,87,1,0,0,0,0,0,0,0,0,0,0,0,0,0,0,0,0,7,27,0,0,1,0,0,5,0,0,0,0,0,0,0,0,0,0,0,0,1,38,1,0,0,0,0,0,0,0,0,0,0,0,0,0,0,0,0,7,0,0,0,0,0,2,0,1,0,0,0,0,0,0,0,0,0,22,0,2,0,0.935756,0,53755,2937,349,1,2,1,2335,0,0,0,0,0,1
1,1,0,2,0,0,0,0,0,0,0,0,0,0,0,0,0,1,23,1,0,0,0,0,0,0,0,0,0,0,0,0,0,0,0,0,3,10,0,0,0,1,0,2,0,0,0,0,0,0,0,0,0,0,0,0,0,13,0,0,0,0,0,0,0,0,0,0,0,0,0,0,0,0,0,0,-1,-1,-1,-1,-1,-1,-1,-1,-1,-1,-1,-1,-1,-1,-1,-1,-1,-1,-1,-1,0,0.8604290000000001,0,17444,5864,2171,1,2,1,234,0,0,0,0,0,1
2,0,0,3,0,0,0,0,0,0,0,0,0,0,0,0,0,1,42,2,0,0,0,0,0,0,0,0,0,0,0,0,0,0,0,0,6,16,0,0,0,0,0,3,0,0,0,0,0,0,0,0,0,0,0,0,0,26,0,0,0,0,0,0,0,0,0,0,0,0,0,0,0,0,0,0,-1,-1,-1,-1,-1,-1,-1,-1,-1,-1,-1,-1,-1,-1,-1,-1,-1,-1,-1,-1,0,0.180897,0,15169,-1,-1,1,4,5,279,1,0,0,0,0,1
2,0,0,3,0,0,0,0,0,0,0,0,0,0,0,0,0,1,39,2,0,0,0,0,0,0,0,0,0,0,0,0,0,0,0,0,6,16,0,0,0,0,0,3,0,0,0,0,0,0,0,0,0,0,0,0,0,23,0,0,0,0,0,0,0,0,0,0,0,0,0,0,0,0,0,0,-1,-1,-1,-1,-1,-1,-1,-1,-1,-1,-1,-1,-1,-1,-1,-1,-1,-1,-1,-1,0,0.215159,0,15169,-1,-1,1,4,5,23,1,0,0,0,0,1
2,1,0,4,0,0,0,0,0,0,0,0,0,0,0,0,0,1,45,1,0,0,0,0,0,0,0,0,0,0,0,0,0,0,0,0,3,12,0,0,1,1,0,4,0,0,0,0,0,0,0,0,0,0,0,0,0,33,1,0,0,0,0,0,0,0,0,0,0,0,0,0,0,0,0,7,-1,-1,-1,-1,-1,-1,-1,-1,-1,-1,-1,-1,-1,-1,-1,-1,-1,-1,-1,-1,0,0.362862,0,26496,738,356,1,2,0,591,0,2,0,0,0,1
2,0,0,0,0,0,0,0,0,0,0,0,0,0,0,0,0,1,14,2,0,0,0,0,0,0,0,0,0,0,0,0,0,0,0,0,2,14,0,0,-1,-1,-1,-1,-1,-1,-1,-1,-1,-1,-1,-1,-1,-1,-1,-1,-1,-1,-1,-1,-1,-1,-1,-1,-1,-1,-1,-1,-1,-1,-1,-1,-1,-1,-1,-1,-1,-1,-1,-1,-1,-1,-1,-1,-1,-1,-1,-1,-1,-1,-1,-1,-1,-1,-1,-1,0,0.342922,0,29873,5871,337,1,2,1,3598,1,0,0,0,0,0
3,0,0,1,0,0,0,0,0,0,0,0,0,0,0,0,0,1,20,3,0,0,0,0,0,0,0,0,0,0,0,0,0,0,0,0,4,19,0,0,0,0,0,1,0,0,0,0,0,0,0,0,0,0,0,0,0,1,0,0,0,0,0,0,0,0,0,0,0,0,0,0,0,0,0,0,-1,-1,-1,-1,-1,-1,-1,-1,-1,-1,-1,-1,-1,-1,-1,-1,-1,-1,-1,-1,0,0.6803,0,9216,4700,2248,1,2,4,21599,1,0,0,0,0,0
3,1,3,2,0,2,1,1,0,0,0,0,0,0,0,0,0,2,140,1,0,0,0,0,0,0,0,0,0,0,0,0,0,0,0,0,8,25,0,0,1,0,0,2,0,0,0,0,0,0,0,0,0,0,0,0,0,19,1,0,0,0,0,0,0,0,0,0,0,0,0,0,0,0,0,10,1,1,3,0,0,2,1,1,0,0,0,0,0,0,0,0,0,96,1,2,1,0.345458,0,17054,2257,298,1,2,0,596,1,0,0,0,0,1
3,0,0,2,0,0,0,0,0,0,0,0,0,0,0,0,0,1,53,2,0,0,0,0,0,0,0,0,0,0,0,0,0,0,0,0,9,27,0,0,1,0,0,2,0,0,0,0,0,0,0,0,0,0,0,0,0,26,1,0,0,0,0,0,0,0,0,0,0,0,0,0,0,0,0,10,-1,-1,-1,-1,-1,-1,-1,-1,-1,-1,-1,-1,-1,-1,-1,-1,-1,-1,-1,-1,0,0.564531,0,20013,336,28,1,4,0,3598,0,0,0,0,0,1
2,0,0,4,0,0,0,0,0,0,0,0,0,0,0,0,0,1,29,2,0,0,0,0,0,0,0,0,0,0,0,0,0,0,0,0,1,10,0,0,0,0,0,4,0,0,0,0,0,0,0,0,0,0,0,0,0,19,0,0,0,0,0,0,0,0,0,0,0,0,0,0,0,0,0,0,-1,-1,-1,-1,-1,-1,-1,-1,-1,-1,-1,-1,-1,-1,-1,-1,-1,-1,-1,-1,0,4.17397,0,29222,-1,-1,1,2,1,3502,0,-1,0,0,0,0
5,1,0,7,0,1,1,0,0,0,0,0,0,0,0,0,0,2,105,2,0,0,0,0,0,0,0,0,0,0,0,0,0,0,0,0,7,21,0,0,1,1,0,7,0,0,0,0,0,0,0,0,0,0,0,0,0,61,1,0,0,0,0,0,0,0,0,0,0,0,0,0,0,0,0,9,2,0,0,0,0,1,1,0,0,0,0,0,0,0,0,0,0,23,1,1,1,0.103874,-1,198610,3918,99,1,6,2,266,0,0,0,0,0,1
1,0,0,5,0,0,0,0,0,0,0,0,0,0,0,0,0,1,78,1,0,0,0,0,0,0,0,0,0,0,0,0,0,0,0,0,8,20,0,0,0,0,0,5,0,0,0,0,0,0,0,0,0,0,0,0,0,58,0,0,0,0,0,0,0,0,0,0,0,0,0,0,0,0,0,0,-1,-1,-1,-1,-1,-1,-1,-1,-1,-1,-1,-1,-1,-1,-1,-1,-1,-1,-1,-1,0,0.507962,-1,203523,3321,330,1,4,7,291,1,0,0,0,0,1
2,11,0,2,0,0,0,0,0,0,0,0,0,0,0,0,0,1,100,2,0,0,0,0,0,0,0,0,0,0,0,0,0,0,0,0,4,13,0,0,0,11,0,2,0,0,0,0,0,0,0,0,0,0,0,0,0,87,0,11,0,0,0,0,0,0,0,0,0,0,0,0,0,0,0,78,-1,-1,-1,-1,-1,-1,-1,-1,-1,-1,-1,-1,-1,-1,-1,-1,-1,-1,-1,-1,0,0.21603200000000009,0,54113,-1,-1,4,4,5,23,1,0,0,0,0,0
3,1,0,4,0,0,0,0,0,0,0,0,0,0,0,0,0,1,50,2,0,0,0,0,0,0,0,0,0,0,0,0,0,0,0,0,4,19,0,0,1,1,0,4,0,0,0,0,0,0,0,0,0,0,0,0,0,31,1,0,0,0,0,0,0,0,0,0,0,0,0,0,0,0,0,9,-1,-1,-1,-1,-1,-1,-1,-1,-1,-1,-1,-1,-1,-1,-1,-1,-1,-1,-1,-1,0,0.883207,0,394695,2551,5,1,2,1,1349,0,1,0,0,0,1
2,1,0,3,0,0,0,0,0,0,0,0,0,0,0,0,0,1,36,1,0,0,0,0,0,0,0,0,0,0,0,0,0,0,0,0,1,9,0,0,1,1,0,3,0,0,0,0,0,0,0,0,0,0,0,0,0,27,1,0,0,0,0,0,0,0,0,0,0,0,0,0,0,0,0,11,-1,-1,-1,-1,-1,-1,-1,-1,-1,-1,-1,-1,-1,-1,-1,-1,-1,-1,-1,-1,0,0.577809,1,20013,1089,371,1,2,5,14392,1,0,0,0,0,1
2,0,0,3,0,0,0,0,0,0,0,0,0,0,0,0,0,1,46,2,0,0,0,0,0,0,0,0,0,0,0,0,0,0,0,0,9,28,0,0,0,0,0,3,0,0,0,0,0,0,0,0,0,0,0,0,0,18,0,0,0,0,0,0,0,0,0,0,0,0,0,0,0,0,0,2,-1,-1,-1,-1,-1,-1,-1,-1,-1,-1,-1,-1,-1,-1,-1,-1,-1,-1,-1,-1,0,0.239247,0,55053,-1,-1,1,2,1,3189,1,0,0,0,0,0
2,0,0,2,0,0,0,0,1,0,0,0,0,0,0,0,0,1,60,1,0,0,0,0,0,0,0,0,0,0,0,0,0,0,0,0,8,24,0,0,1,0,0,2,0,0,0,0,1,0,0,0,0,0,0,0,0,36,1,0,0,0,0,0,0,0,1,0,0,0,0,0,0,0,0,29,-1,-1,-1,-1,-1,-1,-1,-1,-1,-1,-1,-1,-1,-1,-1,-1,-1,-1,-1,-1,0,0.515313,1,30148,4253,2686,1,2,1,163,1,0,0,0,0,1
2,0,0,3,0,0,0,0,0,0,0,0,0,0,0,0,0,1,47,2,0,0,0,0,0,0,0,0,0,0,0,0,0,0,0,0,9,28,0,0,0,0,0,3,0,0,0,0,0,0,0,0,0,0,0,0,0,19,0,0,0,0,0,0,0,0,0,0,0,0,0,0,0,0,0,3,-1,-1,-1,-1,-1,-1,-1,-1,-1,-1,-1,-1,-1,-1,-1,-1,-1,-1,-1,-1,0,0.238063,0,55053,-1,-1,1,2,1,1147,1,0,0,0,0,0
5,1,0,4,0,0,0,0,0,0,0,0,0,0,0,0,0,2,60,2,0,0,0,0,0,0,0,0,0,0,0,0,0,0,0,0,4,13,0,0,3,1,0,4,0,0,0,0,0,0,0,0,0,0,0,0,0,47,1,0,0,0,0,0,0,0,0,0,0,0,0,0,0,0,0,10,-1,-1,-1,-1,-1,-1,-1,-1,-1,-1,-1,-1,-1,-1,-1,-1,-1,-1,-1,-1,0,0.389197,-1,42807,-1,-1,1,2,1,9900,0,0,0,0,0,1
2,0,0,3,0,0,0,0,0,0,0,0,0,0,0,0,0,1,52,2,0,0,0,0,0,0,0,0,0,0,0,0,0,0,0,0,6,16,0,0,0,0,0,3,0,0,0,0,0,0,0,0,0,0,0,0,0,36,0,0,0,0,0,0,0,0,0,0,0,0,0,0,0,0,0,0,-1,-1,-1,-1,-1,-1,-1,-1,-1,-1,-1,-1,-1,-1,-1,-1,-1,-1,-1,-1,0,0.181546,0,15169,-1,-1,1,4,5,19,1,0,0,0,0,1
3,0,0,0,0,0,0,0,0,0,0,0,0,0,0,0,0,1,28,3,0,0,0,0,0,0,0,0,0,0,0,0,0,0,0,0,11,28,0,0,-1,-1,-1,-1,-1,-1,-1,-1,-1,-1,-1,-1,-1,-1,-1,-1,-1,-1,-1,-1,-1,-1,-1,-1,-1,-1,-1,-1,-1,-1,-1,-1,-1,-1,-1,-1,-1,-1,-1,-1,-1,-1,-1,-1,-1,-1,-1,-1,-1,-1,-1,-1,-1,-1,-1,-1,0,0.656291,1,20013,7548,-1,1,2,1,14386,1,0,0,0,0,0
1,0,0,4,0,2,0,0,0,0,0,0,0,0,0,0,0,1,56,1,0,0,0,0,0,0,0,0,0,0,0,0,0,0,0,0,6,15,0,0,0,0,0,4,0,2,0,0,0,0,0,0,0,0,0,0,0,41,0,0,0,0,0,0,0,0,0,0,0,0,0,0,0,0,0,0,-1,-1,-1,-1,-1,-1,-1,-1,-1,-1,-1,-1,-1,-1,-1,-1,-1,-1,-1,-1,0,0.138322,0,199103,-1,-1,1,2,1,12064,1,0,0,0,0,1
3,0,0,4,0,2,0,1,0,0,0,0,0,0,0,0,0,1,79,2,0,0,0,0,0,0,0,0,0,0,0,0,0,0,0,0,5,20,0,0,1,0,0,4,0,0,0,0,0,0,0,0,0,0,0,0,0,32,1,0,0,0,0,0,0,0,0,0,0,0,0,0,0,0,0,9,0,0,0,0,0,2,0,1,0,0,0,0,0,0,0,0,0,27,0,2,0,0.30471,0,13335,7995,38,2,2,5,299,1,1,0,0,0,0
2,0,0,1,0,0,0,0,0,0,0,0,0,0,0,0,0,1,23,2,0,0,0,0,0,0,0,0,0,0,0,0,0,0,0,0,6,20,0,0,0,0,0,1,0,0,0,0,0,0,0,0,0,0,0,0,0,3,0,0,0,0,0,0,0,0,0,0,0,0,0,0,0,0,0,2,-1,-1,-1,-1,-1,-1,-1,-1,-1,-1,-1,-1,-1,-1,-1,-1,-1,-1,-1,-1,0,0.317908,1,47172,1896,294,1,3,2,3356,1,0,0,0,0,0
2,0,0,3,0,0,0,0,0,0,0,0,0,0,0,0,0,1,40,1,0,0,0,0,0,0,0,0,0,0,0,0,0,0,0,0,7,17,0,0,1,0,0,3,0,0,0,0,0,0,0,0,0,0,0,0,0,23,1,0,0,0,0,0,0,0,0,0,0,0,0,0,0,0,0,10,-1,-1,-1,-1,-1,-1,-1,-1,-1,-1,-1,-1,-1,-1,-1,-1,-1,-1,-1,-1,0,5.6284790000000005,-1,17054,-1,-1,1,4,1,290,0,0,0,0,0,1
3,0,0,2,0,0,0,0,0,0,0,0,0,0,0,0,0,1,54,3,0,0,0,0,0,0,0,0,0,0,0,0,0,0,0,0,5,20,0,0,0,0,0,2,0,0,0,0,0,0,0,0,0,0,0,0,0,34,0,0,0,0,0,0,0,0,0,0,0,0,0,0,0,0,0,0,-1,-1,-1,-1,-1,-1,-1,-1,-1,-1,-1,-1,-1,-1,-1,-1,-1,-1,-1,-1,0,0.173402,0,22611,-1,-1,1,2,0,12959,0,0,0,0,0,1
1,0,0,0,0,0,0,0,0,0,0,0,0,0,0,0,0,1,12,1,0,0,0,0,0,0,0,0,0,0,0,0,0,0,0,0,3,12,0,0,-1,-1,-1,-1,-1,-1,-1,-1,-1,-1,-1,-1,-1,-1,-1,-1,-1,-1,-1,-1,-1,-1,-1,-1,-1,-1,-1,-1,-1,-1,-1,-1,-1,-1,-1,-1,-1,-1,-1,-1,-1,-1,-1,-1,-1,-1,-1,-1,-1,-1,-1,-1,-1,-1,-1,-1,0,0.065131,-1,15169,6640,298,1,4,0,287,1,5,0,0,0,0
3,0,0,5,0,3,0,5,0,0,0,0,0,0,0,0,0,1,126,1,0,0,0,0,0,0,0,0,0,0,0,0,0,0,0,0,3,8,0,0,1,0,0,5,0,0,0,0,0,0,0,0,0,0,0,0,0,34,1,0,0,0,0,0,0,0,0,0,0,0,0,0,0,0,0,14,1,0,0,0,0,3,0,5,0,0,0,0,0,0,0,0,0,84,0,3,0,0.33705300000000005,0,53824,1820,5,1,2,2,3550,0,0,0,0,0,1
2,0,0,2,0,0,0,0,0,0,0,0,0,0,0,0,0,1,30,2,0,0,0,0,0,0,0,0,0,0,0,0,0,0,0,0,1,11,0,0,0,0,0,2,0,0,0,0,0,0,0,0,0,0,0,0,0,19,0,0,0,0,0,0,0,0,0,0,0,0,0,0,0,0,0,9,-1,-1,-1,-1,-1,-1,-1,-1,-1,-1,-1,-1,-1,-1,-1,-1,-1,-1,-1,-1,0,0.28089400000000003,-1,36408,8724,405,1,4,1,29,1,0,0,0,0,0
2,0,0,5,0,0,0,0,0,0,0,0,0,0,0,0,0,1,33,1,0,0,0,0,0,0,0,0,0,0,0,0,0,0,0,0,1,6,0,0,1,0,0,5,0,0,0,0,0,0,0,0,0,0,0,0,0,27,0,0,0,0,0,0,0,0,0,0,0,0,0,0,0,0,0,0,-1,-1,-1,-1,-1,-1,-1,-1,-1,-1,-1,-1,-1,-1,-1,-1,-1,-1,-1,-1,0,0.40189,0,-1,-1,-1,1,2,3,14392,1,0,0,0,0,1
2,0,0,0,0,0,0,0,0,0,0,0,0,0,0,0,0,1,19,2,0,0,0,0,0,0,0,0,0,0,0,0,0,0,0,0,7,19,0,0,-1,-1,-1,-1,-1,-1,-1,-1,-1,-1,-1,-1,-1,-1,-1,-1,-1,-1,-1,-1,-1,-1,-1,-1,-1,-1,-1,-1,-1,-1,-1,-1,-1,-1,-1,-1,-1,-1,-1,-1,-1,-1,-1,-1,-1,-1,-1,-1,-1,-1,-1,-1,-1,-1,-1,-1,0,4.061916,0,9919,7243,1497,2,2,1,13760,0,0,0,0,0,0
2,0,0,3,0,0,0,0,0,0,0,0,0,0,0,0,0,1,41,2,0,0,0,0,0,0,0,0,0,0,0,0,0,0,0,0,6,16,0,0,0,0,0,3,0,0,0,0,0,0,0,0,0,0,0,0,0,25,0,0,0,0,0,0,0,0,0,0,0,0,0,0,0,0,0,0,-1,-1,-1,-1,-1,-1,-1,-1,-1,-1,-1,-1,-1,-1,-1,-1,-1,-1,-1,-1,0,0.277246,0,15169,-1,-1,1,4,5,37,1,0,0,0,0,1
2,3,0,0,0,0,0,0,0,0,0,0,0,0,0,0,0,1,28,2,3,0,0,0,0,0,0,0,0,0,0,0,0,0,0,0,8,28,0,0,-1,-1,-1,-1,-1,-1,-1,-1,-1,-1,-1,-1,-1,-1,-1,-1,-1,-1,-1,-1,-1,-1,-1,-1,-1,-1,-1,-1,-1,-1,-1,-1,-1,-1,-1,-1,-1,-1,-1,-1,-1,-1,-1,-1,-1,-1,-1,-1,-1,-1,-1,-1,-1,-1,-1,-1,0,0.30959000000000003,0,15169,-1,-1,1,4,0,219,1,0,0,0,0,0
1,0,0,1,0,0,0,0,0,0,0,0,0,0,0,0,0,1,25,1,0,0,0,0,0,0,0,0,0,0,0,0,0,0,0,0,3,11,0,0,0,0,0,1,0,0,0,0,0,0,0,0,0,0,0,0,0,14,0,0,0,0,0,0,0,0,0,0,0,0,0,0,0,0,0,13,-1,-1,-1,-1,-1,-1,-1,-1,-1,-1,-1,-1,-1,-1,-1,-1,-1,-1,-1,-1,0,0.283822,1,13414,6796,508,2,7,5,788,1,1,0,0,0,1
1,0,0,3,0,0,0,0,0,0,0,0,0,0,0,0,0,1,47,1,0,0,0,0,0,0,0,0,0,0,0,0,0,0,0,0,6,18,0,0,0,0,0,3,0,0,0,0,0,0,0,0,0,0,0,0,0,29,0,0,0,0,0,0,0,0,0,0,0,0,0,0,0,0,0,3,-1,-1,-1,-1,-1,-1,-1,-1,-1,-1,-1,-1,-1,-1,-1,-1,-1,-1,-1,-1,0,0.380777,1,19551,6851,88,2,2,2,4528,0,0,0,0,0,1
1,0,0,0,0,0,0,0,0,0,0,0,0,0,0,0,0,1,15,1,0,0,0,0,0,0,0,0,0,0,0,0,0,0,0,0,5,15,0,0,-1,-1,-1,-1,-1,-1,-1,-1,-1,-1,-1,-1,-1,-1,-1,-1,-1,-1,-1,-1,-1,-1,-1,-1,-1,-1,-1,-1,-1,-1,-1,-1,-1,-1,-1,-1,-1,-1,-1,-1,-1,-1,-1,-1,-1,-1,-1,-1,-1,-1,-1,-1,-1,-1,-1,-1,0,0.219313,1,22612,1653,171,1,2,5,1788,0,3,0,0,0,0
1,0,0,3,0,0,0,0,0,0,0,0,0,0,0,0,0,1,45,1,0,0,0,0,0,0,0,0,0,0,0,0,0,0,0,0,7,20,0,0,0,0,0,3,0,0,0,0,0,0,0,0,0,0,0,0,0,25,0,0,0,0,0,0,0,0,0,0,0,0,0,0,0,0,0,9,-1,-1,-1,-1,-1,-1,-1,-1,-1,-1,-1,-1,-1,-1,-1,-1,-1,-1,-1,-1,0,1.182807,1,16509,5805,38,2,4,5,51,0,0,0,0,0,0
2,1,0,3,0,0,0,0,0,0,0,0,0,0,0,0,0,1,41,1,0,0,0,0,0,0,0,0,0,0,0,0,0,0,0,0,4,12,0,0,1,1,0,3,0,0,0,0,0,0,0,0,0,0,0,0,0,29,1,0,0,0,0,0,0,0,0,0,0,0,0,0,0,0,0,9,-1,-1,-1,-1,-1,-1,-1,-1,-1,-1,-1,-1,-1,-1,-1,-1,-1,-1,-1,-1,0,0.340984,0,201942,-1,-1,1,4,0,292,1,0,0,0,0,1
2,0,0,2,0,1,0,0,0,0,0,0,0,0,0,0,0,1,48,1,0,0,0,0,0,0,0,0,0,0,0,0,0,0,0,0,7,16,0,0,1,0,0,2,0,0,0,0,0,0,0,0,0,0,0,0,0,18,1,0,0,0,0,0,0,0,0,0,0,0,0,0,0,0,0,12,0,0,0,0,0,1,0,0,0,0,0,0,0,0,0,0,0,14,0,1,0,0.359995,1,47708,5642,201,1,5,3,14922,1,0,0,0,0,0
3,0,0,0,0,0,0,0,0,0,0,0,0,0,0,0,0,1,19,3,0,0,0,0,0,0,0,0,0,0,0,0,0,0,0,0,6,19,0,0,-1,-1,-1,-1,-1,-1,-1,-1,-1,-1,-1,-1,-1,-1,-1,-1,-1,-1,-1,-1,-1,-1,-1,-1,-1,-1,-1,-1,-1,-1,-1,-1,-1,-1,-1,-1,-1,-1,-1,-1,-1,-1,-1,-1,-1,-1,-1,-1,-1,-1,-1,-1,-1,-1,-1,-1,0,0.20976,0,20940,-1,255,1,6,2,19,1,1,0,0,0,0
2,1,1,4,0,1,0,0,0,0,0,0,0,0,0,0,0,1,73,2,0,0,0,0,0,0,0,0,0,0,0,0,0,0,0,0,6,16,0,0,0,1,1,4,0,0,0,0,0,0,0,0,0,0,0,0,0,46,0,0,0,0,0,0,0,0,0,0,0,0,0,0,0,0,0,4,0,0,0,0,0,1,0,0,0,0,0,0,0,0,0,0,0,11,0,1,0,0.255564,-1,15169,-1,-1,1,4,5,135,1,0,0,0,0,1
2,0,0,0,0,0,0,0,0,0,0,0,0,0,0,0,0,1,16,2,0,0,0,0,0,0,0,0,0,0,0,0,0,0,0,0,4,16,0,0,-1,-1,-1,-1,-1,-1,-1,-1,-1,-1,-1,-1,-1,-1,-1,-1,-1,-1,-1,-1,-1,-1,-1,-1,-1,-1,-1,-1,-1,-1,-1,-1,-1,-1,-1,-1,-1,-1,-1,-1,-1,-1,-1,-1,-1,-1,-1,-1,-1,-1,-1,-1,-1,-1,-1,-1,0,0.426,0,7393,7994,39,1,2,1,14391,0,0,0,0,0,0
2,0,0,1,0,0,0,0,0,0,0,0,0,0,0,0,0,1,13,2,0,0,0,0,0,0,0,0,0,0,0,0,0,0,0,0,2,12,0,0,0,0,0,1,0,0,0,0,0,0,0,0,0,0,0,0,0,1,0,0,0,0,0,0,0,0,0,0,0,0,0,0,0,0,0,0,-1,-1,-1,-1,-1,-1,-1,-1,-1,-1,-1,-1,-1,-1,-1,-1,-1,-1,-1,-1,0,3.549164,0,-1,1836,354,2,2,3,14398,0,0,0,0,0,0
3,1,0,2,0,0,0,0,0,0,0,0,0,0,0,0,0,1,34,2,0,0,0,0,0,0,0,0,0,0,0,0,0,0,0,0,7,22,0,0,1,1,0,2,0,0,0,0,0,0,0,0,0,0,0,0,0,12,0,0,0,0,0,0,0,0,0,0,0,0,0,0,0,0,0,0,-1,-1,-1,-1,-1,-1,-1,-1,-1,-1,-1,-1,-1,-1,-1,-1,-1,-1,-1,-1,0,0.692658,0,26496,5987,221,1,2,1,290,1,2,0,0,0,0
2,0,0,8,0,0,0,0,0,0,0,0,0,0,0,0,0,1,53,2,0,0,0,0,0,0,0,0,0,0,0,0,0,0,0,0,4,16,0,0,0,0,0,8,0,0,0,0,0,0,0,0,0,0,0,0,0,37,0,0,0,0,0,0,0,0,0,0,0,0,0,0,0,0,0,2,-1,-1,-1,-1,-1,-1,-1,-1,-1,-1,-1,-1,-1,-1,-1,-1,-1,-1,-1,-1,0,0.461611,0,26496,3570,81,1,6,5,576,0,1,0,0,0,1
2,0,0,3,0,0,0,0,0,0,0,0,0,0,0,0,0,1,48,2,0,0,0,0,0,0,0,0,0,0,0,0,0,0,0,0,6,16,0,0,0,0,0,3,0,0,0,0,0,0,0,0,0,0,0,0,0,32,0,0,0,0,0,0,0,0,0,0,0,0,0,0,0,0,0,0,-1,-1,-1,-1,-1,-1,-1,-1,-1,-1,-1,-1,-1,-1,-1,-1,-1,-1,-1,-1,0,0.180448,0,15169,-1,-1,1,4,5,238,1,0,0,0,0,1
2,0,0,2,0,0,0,0,0,0,0,0,0,0,0,0,0,1,28,2,0,0,0,0,0,0,0,0,0,0,0,0,0,0,0,0,5,16,0,0,0,0,0,2,0,0,0,0,0,0,0,0,0,0,0,0,0,12,0,0,0,0,0,0,0,0,0,0,0,0,0,0,0,0,0,0,-1,-1,-1,-1,-1,-1,-1,-1,-1,-1,-1,-1,-1,-1,-1,-1,-1,-1,-1,-1,0,0.214149,0,32934,7858,3465,1,2,1,149,1,0,0,0,0,0
2,0,0,0,0,0,0,0,0,0,0,0,0,0,0,0,0,1,14,2,0,0,0,0,0,0,0,0,0,0,0,0,0,0,0,0,3,14,0,0,-1,-1,-1,-1,-1,-1,-1,-1,-1,-1,-1,-1,-1,-1,-1,-1,-1,-1,-1,-1,-1,-1,-1,-1,-1,-1,-1,-1,-1,-1,-1,-1,-1,-1,-1,-1,-1,-1,-1,-1,-1,-1,-1,-1,-1,-1,-1,-1,-1,-1,-1,-1,-1,-1,-1,-1,0,0.393024,0,42910,4979,133,1,2,5,299,0,0,0,0,0,0
3,0,0,3,0,0,0,0,0,0,0,0,0,0,0,0,0,1,42,2,0,0,0,0,0,0,0,0,0,0,0,0,0,0,0,0,6,20,0,0,1,0,0,3,0,0,0,0,0,0,0,0,0,0,0,0,0,22,1,0,0,0,0,0,0,0,0,0,0,0,0,0,0,0,0,9,-1,-1,-1,-1,-1,-1,-1,-1,-1,-1,-1,-1,-1,-1,-1,-1,-1,-1,-1,-1,0,0.485045,1,20013,3758,624,1,2,1,11889,0,0,0,0,0,1
4,0,0,0,0,0,0,0,0,0,0,0,0,0,0,0,0,1,22,4,0,0,0,0,0,0,0,0,0,0,0,0,0,0,0,0,4,22,0,0,-1,-1,-1,-1,-1,-1,-1,-1,-1,-1,-1,-1,-1,-1,-1,-1,-1,-1,-1,-1,-1,-1,-1,-1,-1,-1,-1,-1,-1,-1,-1,-1,-1,-1,-1,-1,-1,-1,-1,-1,-1,-1,-1,-1,-1,-1,-1,-1,-1,-1,-1,-1,-1,-1,-1,-1,0,0.779989,0,262967,565,-1,1,3,3,358,1,0,0,0,0,0
4,0,0,0,0,0,0,0,0,0,0,0,0,0,0,0,0,1,22,4,0,0,0,0,0,0,0,0,0,0,0,0,0,0,0,0,5,22,0,0,-1,-1,-1,-1,-1,-1,-1,-1,-1,-1,-1,-1,-1,-1,-1,-1,-1,-1,-1,-1,-1,-1,-1,-1,-1,-1,-1,-1,-1,-1,-1,-1,-1,-1,-1,-1,-1,-1,-1,-1,-1,-1,-1,-1,-1,-1,-1,-1,-1,-1,-1,-1,-1,-1,-1,-1,0,0.25979,0,16509,7548,-1,1,2,3,3598,1,1,0,0,0,0
2,6,0,3,0,0,0,0,0,0,0,0,0,0,0,0,0,1,82,2,0,0,0,0,0,0,0,0,0,0,0,0,0,0,0,0,5,16,0,0,0,6,0,3,0,0,0,0,0,0,0,0,0,0,0,0,0,66,0,0,0,0,0,0,0,0,0,0,0,0,0,0,0,0,0,15,-1,-1,-1,-1,-1,-1,-1,-1,-1,-1,-1,-1,-1,-1,-1,-1,-1,-1,-1,-1,0,0.262365,0,32934,7858,3465,1,2,1,45,1,0,0,0,0,0
3,0,0,6,0,0,0,0,0,0,0,0,0,0,0,0,0,1,81,2,0,0,0,0,0,0,0,0,0,0,0,0,0,0,0,0,10,33,0,0,1,0,0,6,0,0,0,0,0,0,0,0,0,0,0,0,0,48,1,0,0,0,0,0,0,0,0,0,0,0,0,0,0,0,0,12,-1,-1,-1,-1,-1,-1,-1,-1,-1,-1,-1,-1,-1,-1,-1,-1,-1,-1,-1,-1,0,0.553359,0,47583,-1,-1,1,1,1,25,1,0,0,0,0,1
3,1,0,4,0,4,1,1,0,0,0,0,0,0,0,0,0,2,152,2,0,0,0,0,0,0,0,0,0,0,0,0,0,0,0,0,6,21,0,0,0,1,0,4,0,1,0,0,0,0,0,0,0,0,0,0,0,57,0,0,0,0,0,0,0,0,0,0,0,0,0,0,0,0,0,0,1,0,0,0,0,3,1,1,0,0,0,0,0,0,0,0,0,74,1,2,1,-1.0,0,-1,3595,787,-1,2,0,-1,0,-1,0,0,0,1
3,0,0,4,0,0,0,0,0,0,0,0,0,0,0,0,0,2,43,1,0,0,0,0,0,0,0,0,0,0,0,0,0,0,0,0,5,11,0,0,2,0,0,4,0,0,0,0,0,0,0,0,0,0,0,0,0,32,1,0,0,0,0,0,0,0,0,0,0,0,0,0,0,0,0,9,-1,-1,-1,-1,-1,-1,-1,-1,-1,-1,-1,-1,-1,-1,-1,-1,-1,-1,-1,-1,0,0.307691,0,3595,870,224,1,2,1,8362,0,0,0,0,0,1
3,0,0,0,0,0,0,0,0,0,0,0,0,0,0,0,0,1,14,3,0,0,0,0,0,0,0,0,0,0,0,0,0,0,0,0,5,14,0,0,-1,-1,-1,-1,-1,-1,-1,-1,-1,-1,-1,-1,-1,-1,-1,-1,-1,-1,-1,-1,-1,-1,-1,-1,-1,-1,-1,-1,-1,-1,-1,-1,-1,-1,-1,-1,-1,-1,-1,-1,-1,-1,-1,-1,-1,-1,-1,-1,-1,-1,-1,-1,-1,-1,-1,-1,0,-1.0,0,-1,-1,-1,-1,4,0,-1,0,-1,0,0,0,0
4,3,1,2,0,1,0,0,0,0,0,0,0,0,0,0,0,2,65,1,0,0,0,0,0,0,0,0,0,0,0,0,0,0,0,0,3,9,0,0,0,0,0,2,0,0,0,0,0,0,0,0,0,0,0,0,0,6,0,0,0,0,0,0,0,0,0,0,0,0,0,0,0,0,0,0,3,3,1,0,0,1,0,0,0,0,0,0,0,0,0,0,0,50,1,1,0,0.13677,0,25394,-1,-1,1,2,2,292,0,0,0,0,0,1
1,2,0,2,0,0,0,0,0,0,0,0,0,0,0,0,0,1,25,1,1,0,0,0,0,0,0,0,0,0,0,0,0,0,0,0,3,12,0,0,0,1,0,2,0,0,0,0,0,0,0,0,0,0,0,0,0,13,0,1,0,0,0,0,0,0,0,0,0,0,0,0,0,0,0,7,-1,-1,-1,-1,-1,-1,-1,-1,-1,-1,-1,-1,-1,-1,-1,-1,-1,-1,-1,-1,0,0.739045,-1,46606,7380,288,1,2,1,14396,1,1,0,0,0,1
2,0,0,0,0,0,0,0,0,0,0,0,0,0,0,0,0,1,25,2,0,0,0,0,0,0,0,0,0,0,0,0,0,0,0,0,7,25,0,0,-1,-1,-1,-1,-1,-1,-1,-1,-1,-1,-1,-1,-1,-1,-1,-1,-1,-1,-1,-1,-1,-1,-1,-1,-1,-1,-1,-1,-1,-1,-1,-1,-1,-1,-1,-1,-1,-1,-1,-1,-1,-1,-1,-1,-1,-1,-1,-1,-1,-1,-1,-1,-1,-1,-1,-1,0,0.384289,0,15169,-1,-1,1,4,0,236,1,0,0,0,0,0
1,0,0,3,0,0,0,0,0,0,0,0,0,0,0,0,0,1,60,1,0,0,0,0,0,0,0,0,0,0,0,0,0,0,0,0,6,17,0,0,0,0,0,3,0,0,0,0,0,0,0,0,0,0,0,0,0,43,0,0,0,0,0,0,0,0,0,0,0,0,0,0,0,0,0,0,-1,-1,-1,-1,-1,-1,-1,-1,-1,-1,-1,-1,-1,-1,-1,-1,-1,-1,-1,-1,0,0.579966,1,46606,2086,104,1,2,1,14394,0,1,0,0,0,1
2,0,0,2,0,0,0,0,0,0,0,0,0,0,0,0,0,2,31,1,0,0,0,0,0,0,0,0,0,0,0,0,0,0,0,0,5,15,0,0,1,0,0,2,0,0,0,0,0,0,0,0,0,0,0,0,0,16,0,0,0,0,0,0,0,0,0,0,0,0,0,0,0,0,0,0,-1,-1,-1,-1,-1,-1,-1,-1,-1,-1,-1,-1,-1,-1,-1,-1,-1,-1,-1,-1,0,0.25385100000000005,1,26496,734,1091,1,2,1,10299,0,0,0,0,0,1
3,10,0,3,0,0,0,0,0,0,0,0,0,0,0,0,0,1,112,2,0,0,0,0,0,0,0,0,0,0,0,0,0,0,0,0,4,19,0,0,1,10,0,3,0,0,0,0,0,0,0,0,0,0,0,0,0,93,1,10,0,0,0,0,0,0,0,0,0,0,0,0,0,0,0,81,-1,-1,-1,-1,-1,-1,-1,-1,-1,-1,-1,-1,-1,-1,-1,-1,-1,-1,-1,-1,0,0.334777,0,20940,8592,1270,3,4,1,348,1,1,0,0,0,0
1,10,0,5,0,0,0,0,0,0,0,0,0,0,0,0,0,1,116,1,0,0,0,0,0,0,0,0,0,0,0,0,0,0,0,0,7,19,0,0,0,10,0,5,0,0,0,0,0,0,0,0,0,0,0,0,0,97,0,0,0,0,0,0,0,0,0,0,0,0,0,0,0,0,0,0,-1,-1,-1,-1,-1,-1,-1,-1,-1,-1,-1,-1,-1,-1,-1,-1,-1,-1,-1,-1,0,0.348617,-1,13335,4645,1563,2,2,2,291,1,1,0,0,0,0
2,0,0,2,0,0,0,0,0,0,0,0,0,0,0,0,0,1,95,1,0,0,0,0,0,0,0,0,0,0,0,0,0,0,0,0,5,14,0,0,1,0,0,2,0,0,0,0,0,0,0,0,0,0,0,0,0,81,1,0,0,0,0,0,0,0,0,0,0,0,0,0,0,0,0,71,-1,-1,-1,-1,-1,-1,-1,-1,-1,-1,-1,-1,-1,-1,-1,-1,-1,-1,-1,-1,0,1.144463,1,46606,3616,766,1,2,2,14390,1,0,0,0,0,1
2,0,0,0,0,0,0,0,0,0,0,0,0,0,0,0,0,1,27,2,0,0,0,0,0,0,0,0,0,0,0,0,0,0,0,0,8,27,0,0,-1,-1,-1,-1,-1,-1,-1,-1,-1,-1,-1,-1,-1,-1,-1,-1,-1,-1,-1,-1,-1,-1,-1,-1,-1,-1,-1,-1,-1,-1,-1,-1,-1,-1,-1,-1,-1,-1,-1,-1,-1,-1,-1,-1,-1,-1,-1,-1,-1,-1,-1,-1,-1,-1,-1,-1,0,1.749728,0,26347,5471,372,1,3,1,14395,0,1,0,0,0,0
2,0,0,2,0,0,0,0,0,0,0,0,0,0,0,0,0,1,25,2,0,0,0,0,0,0,0,0,0,0,0,0,0,0,0,0,1,11,0,0,0,0,0,2,0,0,0,0,0,0,0,0,0,0,0,0,0,14,0,0,0,0,0,0,0,0,0,0,0,0,0,0,0,0,0,8,-1,-1,-1,-1,-1,-1,-1,-1,-1,-1,-1,-1,-1,-1,-1,-1,-1,-1,-1,-1,0,0.308577,-1,36408,8724,405,1,4,1,28,1,0,0,0,0,0
2,0,0,1,0,0,0,0,0,0,0,0,0,0,0,0,0,1,45,2,0,0,0,0,0,0,0,0,0,0,0,0,0,0,0,0,9,25,0,0,0,0,0,1,0,0,0,0,0,0,0,0,0,0,0,0,0,20,0,0,0,0,0,0,0,0,0,0,0,0,0,0,0,0,0,19,-1,-1,-1,-1,-1,-1,-1,-1,-1,-1,-1,-1,-1,-1,-1,-1,-1,-1,-1,-1,0,0.252998,0,16509,-1,-1,2,4,4,43,1,0,0,0,0,1
1,7,0,1,0,0,0,0,0,0,0,0,0,0,0,0,0,1,46,1,0,0,0,0,0,0,0,0,0,0,0,0,0,0,0,0,3,10,0,0,0,7,0,1,0,0,0,0,0,0,0,0,0,0,0,0,0,36,0,7,0,0,0,0,0,0,0,0,0,0,0,0,0,0,0,35,-1,-1,-1,-1,-1,-1,-1,-1,-1,-1,-1,-1,-1,-1,-1,-1,-1,-1,-1,-1,0,0.184155,0,62041,-1,-1,2,4,0,151,1,1,0,0,0,1
1,0,0,2,0,0,0,0,0,0,0,0,0,0,0,0,0,1,28,1,0,0,0,0,0,0,0,0,0,0,0,0,0,0,0,0,5,14,0,0,0,0,0,2,0,0,0,0,0,0,0,0,0,0,0,0,0,14,0,0,0,0,0,0,0,0,0,0,0,0,0,0,0,0,0,7,-1,-1,-1,-1,-1,-1,-1,-1,-1,-1,-1,-1,-1,-1,-1,-1,-1,-1,-1,-1,0,1.68743,-1,46606,377,352,1,2,1,8067,0,1,0,0,0,1
2,1,1,6,0,3,0,2,0,0,0,0,0,0,0,0,0,1,237,1,0,0,0,0,0,0,0,0,0,0,0,0,0,0,0,0,5,19,0,0,1,1,0,6,0,0,0,0,0,0,0,0,0,0,0,0,0,53,1,0,0,0,0,0,0,0,0,0,0,0,0,0,0,0,0,9,0,0,1,0,0,3,0,2,0,0,0,0,0,0,0,0,0,165,0,3,0,1.106431,1,46606,792,302,1,2,1,2603,0,0,0,0,0,1
1,1,0,6,0,0,0,0,0,0,0,0,0,0,0,0,0,1,75,1,0,0,0,0,0,0,0,0,0,0,0,0,0,0,0,0,8,24,0,0,0,1,0,6,0,0,0,0,0,0,0,0,0,0,0,0,0,51,0,0,0,0,0,0,0,0,0,0,0,0,0,0,0,0,0,0,-1,-1,-1,-1,-1,-1,-1,-1,-1,-1,-1,-1,-1,-1,-1,-1,-1,-1,-1,-1,0,0.662419,1,20013,1742,83,1,2,1,631,1,0,0,0,0,1
3,0,0,3,0,0,0,0,0,0,0,0,0,0,0,0,0,1,77,1,0,0,0,0,0,0,0,0,0,0,0,0,0,0,0,0,3,15,0,0,2,0,0,3,0,0,0,0,0,0,0,0,0,0,0,0,0,62,0,0,0,0,0,0,0,0,0,0,0,0,0,0,0,0,0,32,-1,-1,-1,-1,-1,-1,-1,-1,-1,-1,-1,-1,-1,-1,-1,-1,-1,-1,-1,-1,0,0.724931,1,16276,1999,754,1,2,3,7577,1,0,0,1,0,1
2,0,0,0,0,0,0,0,0,0,0,0,0,0,0,0,0,1,14,2,0,0,0,0,0,0,0,0,0,0,0,0,0,0,0,0,3,14,0,0,-1,-1,-1,-1,-1,-1,-1,-1,-1,-1,-1,-1,-1,-1,-1,-1,-1,-1,-1,-1,-1,-1,-1,-1,-1,-1,-1,-1,-1,-1,-1,-1,-1,-1,-1,-1,-1,-1,-1,-1,-1,-1,-1,-1,-1,-1,-1,-1,-1,-1,-1,-1,-1,-1,-1,-1,0,0.7331439999999999,0,29802,5014,98,1,4,1,14392,1,0,0,0,0,0
1,0,0,1,0,0,0,0,0,0,0,0,0,0,0,0,0,1,13,1,0,0,0,0,0,0,0,0,0,0,0,0,0,0,0,0,1,7,0,0,0,0,0,1,0,0,0,0,0,0,0,0,0,0,0,0,0,6,0,0,0,0,0,0,0,0,0,0,0,0,0,0,0,0,0,5,-1,-1,-1,-1,-1,-1,-1,-1,-1,-1,-1,-1,-1,-1,-1,-1,-1,-1,-1,-1,0,0.204401,1,13335,1641,550,2,2,5,220,0,-1,0,0,0,1
2,1,3,5,0,1,0,0,0,0,0,0,0,0,0,0,0,1,112,2,1,0,0,0,0,0,0,0,0,0,0,0,0,0,0,0,6,23,0,0,0,0,3,5,0,0,0,0,0,0,0,0,0,0,0,0,0,81,0,0,1,0,0,0,0,0,0,0,0,0,0,0,0,0,0,46,0,0,0,0,0,1,0,0,0,0,0,0,0,0,0,0,0,8,0,1,0,0.623645,0,8075,-1,-1,1,4,0,160,1,1,0,0,0,1
4,0,0,0,0,0,0,0,0,0,0,0,0,0,0,0,0,1,22,4,0,0,0,0,0,0,0,0,0,0,0,0,0,0,0,0,5,22,0,0,-1,-1,-1,-1,-1,-1,-1,-1,-1,-1,-1,-1,-1,-1,-1,-1,-1,-1,-1,-1,-1,-1,-1,-1,-1,-1,-1,-1,-1,-1,-1,-1,-1,-1,-1,-1,-1,-1,-1,-1,-1,-1,-1,-1,-1,-1,-1,-1,-1,-1,-1,-1,-1,-1,-1,-1,0,2.2105200000000003,-1,16397,7593,-1,1,4,1,14382,1,0,0,0,0,0
8,4,0,9,0,6,0,1,0,0,0,0,0,0,0,3,0,1,400,2,0,0,0,0,0,0,0,0,0,0,0,0,0,0,0,0,4,16,0,0,1,2,0,9,0,0,0,0,0,0,0,0,0,0,0,0,0,98,1,1,0,0,0,0,0,0,0,0,0,0,0,0,0,0,0,13,5,2,0,0,0,6,0,1,0,0,0,0,0,0,0,3,0,286,0,2,0,0.533351,-1,-1,8086,312,1,2,1,273,1,1,0,0,0,1
2,0,0,3,0,0,0,0,0,0,0,0,0,0,0,0,0,1,45,2,0,0,0,0,0,0,0,0,0,0,0,0,0,0,0,0,9,28,0,0,0,0,0,3,0,0,0,0,0,0,0,0,0,0,0,0,0,17,0,0,0,0,0,0,0,0,0,0,0,0,0,0,0,0,0,1,-1,-1,-1,-1,-1,-1,-1,-1,-1,-1,-1,-1,-1,-1,-1,-1,-1,-1,-1,-1,0,0.238066,0,55053,-1,-1,1,2,1,970,1,0,0,0,0,0
1,1,0,3,0,0,0,0,0,0,0,0,0,0,0,0,0,1,38,1,1,0,0,0,0,0,0,0,0,0,0,0,0,0,0,0,6,17,0,0,0,0,0,3,0,0,0,0,0,0,0,0,0,0,0,0,0,21,0,0,0,0,0,0,0,0,0,0,0,0,0,0,0,0,0,0,-1,-1,-1,-1,-1,-1,-1,-1,-1,-1,-1,-1,-1,-1,-1,-1,-1,-1,-1,-1,0,0.341825,0,13335,1988,202,2,2,0,291,1,0,0,0,0,1
2,0,0,0,0,0,0,0,0,0,0,0,0,0,0,0,0,1,12,2,0,0,0,0,0,0,0,0,0,0,0,0,0,0,0,0,2,12,0,0,-1,-1,-1,-1,-1,-1,-1,-1,-1,-1,-1,-1,-1,-1,-1,-1,-1,-1,-1,-1,-1,-1,-1,-1,-1,-1,-1,-1,-1,-1,-1,-1,-1,-1,-1,-1,-1,-1,-1,-1,-1,-1,-1,-1,-1,-1,-1,-1,-1,-1,-1,-1,-1,-1,-1,-1,0,1.735222,0,20738,8217,549,1,2,1,2352,0,1,0,0,0,0
7,1,0,3,0,1,1,0,0,0,0,0,0,0,0,0,0,4,89,2,0,0,0,0,0,0,0,0,0,0,0,0,0,0,0,0,7,22,0,0,3,0,0,3,0,0,0,0,0,0,0,0,0,0,0,0,0,37,1,0,0,0,0,0,0,0,0,0,0,0,0,0,0,0,0,10,2,1,0,0,0,1,1,0,0,0,0,0,0,0,0,0,0,30,1,1,1,0.595569,1,20013,1392,433,1,2,1,9313,1,0,0,0,0,1
2,0,0,1,0,0,0,0,0,0,0,0,0,0,0,0,0,1,10,2,0,0,0,0,0,0,0,0,0,0,0,0,0,0,0,0,1,9,0,0,0,0,0,1,0,0,0,0,0,0,0,0,0,0,0,0,0,1,0,0,0,0,0,0,0,0,0,0,0,0,0,0,0,0,0,0,-1,-1,-1,-1,-1,-1,-1,-1,-1,-1,-1,-1,-1,-1,-1,-1,-1,-1,-1,-1,0,0.45941,0,20848,-1,-1,2,2,3,50,1,0,0,0,0,0
3,0,0,0,0,0,0,0,0,0,0,0,0,0,0,0,0,1,19,3,0,0,0,0,0,0,0,0,0,0,0,0,0,0,0,0,5,19,0,0,-1,-1,-1,-1,-1,-1,-1,-1,-1,-1,-1,-1,-1,-1,-1,-1,-1,-1,-1,-1,-1,-1,-1,-1,-1,-1,-1,-1,-1,-1,-1,-1,-1,-1,-1,-1,-1,-1,-1,-1,-1,-1,-1,-1,-1,-1,-1,-1,-1,-1,-1,-1,-1,-1,-1,-1,0,0.5299699999999999,0,29076,-1,-1,1,3,3,14398,0,0,0,0,0,0
1,2,0,4,0,0,0,0,0,0,0,0,0,0,0,0,0,1,34,1,1,0,0,0,0,0,0,0,0,0,0,0,0,0,0,0,3,12,0,0,0,1,0,4,0,0,0,0,0,0,0,0,0,0,0,0,0,22,0,0,0,0,0,0,0,0,0,0,0,0,0,0,0,0,0,0,-1,-1,-1,-1,-1,-1,-1,-1,-1,-1,-1,-1,-1,-1,-1,-1,-1,-1,-1,-1,0,1.3129959999999998,0,9381,668,61,1,2,1,589,0,0,0,0,0,1
1,2,0,1,0,0,0,0,0,0,0,0,0,0,0,0,0,1,23,1,2,0,0,0,0,0,0,0,0,0,0,0,0,0,0,0,8,22,0,0,0,0,0,1,0,0,0,0,0,0,0,0,0,0,0,0,0,1,0,0,0,0,0,0,0,0,0,0,0,0,0,0,0,0,0,0,-1,-1,-1,-1,-1,-1,-1,-1,-1,-1,-1,-1,-1,-1,-1,-1,-1,-1,-1,-1,0,-1.0,0,31034,12,352,1,8,0,14377,0,-1,0,0,0,1
2,0,0,0,0,0,0,0,0,0,0,0,0,0,0,0,0,1,21,2,0,0,0,0,0,0,0,0,0,0,0,0,0,0,0,0,7,21,0,0,-1,-1,-1,-1,-1,-1,-1,-1,-1,-1,-1,-1,-1,-1,-1,-1,-1,-1,-1,-1,-1,-1,-1,-1,-1,-1,-1,-1,-1,-1,-1,-1,-1,-1,-1,-1,-1,-1,-1,-1,-1,-1,-1,-1,-1,-1,-1,-1,-1,-1,-1,-1,-1,-1,-1,-1,0,3.866304,1,46606,6350,223,1,2,1,14398,0,1,0,0,0,0
2,0,0,4,0,0,0,0,0,0,0,0,0,0,0,0,0,1,36,2,0,0,0,0,0,0,0,0,0,0,0,0,0,0,0,0,1,11,0,0,0,0,0,4,0,0,0,0,0,0,0,0,0,0,0,0,0,25,0,0,0,0,0,0,0,0,0,0,0,0,0,0,0,0,0,0,-1,-1,-1,-1,-1,-1,-1,-1,-1,-1,-1,-1,-1,-1,-1,-1,-1,-1,-1,-1,0,0.097528,-1,36408,8724,405,1,4,1,16,1,1,0,0,0,0
3,0,0,4,0,0,0,0,0,0,0,0,0,0,0,0,0,1,52,2,0,0,0,0,0,0,0,0,0,0,0,0,0,0,0,0,7,21,0,0,1,0,0,4,0,0,0,0,0,0,0,0,0,0,0,0,0,31,1,0,0,0,0,0,0,0,0,0,0,0,0,0,0,0,0,9,-1,-1,-1,-1,-1,-1,-1,-1,-1,-1,-1,-1,-1,-1,-1,-1,-1,-1,-1,-1,0,0.763415,-1,20013,6594,344,1,2,2,5050,1,0,0,0,0,1
3,1,0,3,0,0,0,0,0,0,0,0,0,0,0,0,0,2,43,1,0,0,0,0,0,0,0,0,0,0,0,0,0,0,0,0,4,13,0,0,2,1,0,3,0,0,0,0,0,0,0,0,0,0,0,0,0,30,2,0,0,0,0,0,0,0,0,0,0,0,0,0,0,0,0,17,-1,-1,-1,-1,-1,-1,-1,-1,-1,-1,-1,-1,-1,-1,-1,-1,-1,-1,-1,-1,0,1.249833,0,34619,692,37,1,2,1,9446,1,1,0,0,0,1
1,0,0,1,0,0,0,0,0,0,0,0,0,0,0,0,0,1,13,1,0,0,0,0,0,0,0,0,0,0,0,0,0,0,0,0,5,12,0,0,0,0,0,1,0,0,0,0,0,0,0,0,0,0,0,0,0,1,0,0,0,0,0,0,0,0,0,0,0,0,0,0,0,0,0,0,-1,-1,-1,-1,-1,-1,-1,-1,-1,-1,-1,-1,-1,-1,-1,-1,-1,-1,-1,-1,0,0.739398,-1,48666,-1,-1,1,2,1,14391,1,0,0,0,0,1
3,0,2,5,0,2,0,1,0,0,0,0,0,0,0,0,0,1,77,1,0,0,0,0,0,0,0,0,0,0,0,0,0,0,0,0,3,13,0,0,0,0,1,5,0,0,0,0,0,0,0,0,0,0,0,0,0,37,0,0,0,0,0,0,0,0,0,0,0,0,0,0,0,0,0,0,2,0,1,0,0,2,0,1,0,0,0,0,0,0,0,0,0,27,0,2,0,0.221504,1,46606,3850,167,1,2,2,12069,0,-1,0,0,0,1
3,0,0,0,0,0,0,0,0,0,0,0,0,0,0,0,0,1,16,3,0,0,0,0,0,0,0,0,0,0,0,0,0,0,0,0,5,16,0,0,-1,-1,-1,-1,-1,-1,-1,-1,-1,-1,-1,-1,-1,-1,-1,-1,-1,-1,-1,-1,-1,-1,-1,-1,-1,-1,-1,-1,-1,-1,-1,-1,-1,-1,-1,-1,-1,-1,-1,-1,-1,-1,-1,-1,-1,-1,-1,-1,-1,-1,-1,-1,-1,-1,-1,-1,0,0.20981,0,15169,-1,-1,1,2,2,11066,0,0,0,0,0,0
1,0,0,1,0,0,0,0,0,0,0,0,0,0,0,0,0,1,13,1,0,0,0,0,0,0,0,0,0,0,0,0,0,0,0,0,1,6,0,0,0,0,0,1,0,0,0,0,0,0,0,0,0,0,0,0,0,7,0,0,0,0,0,0,0,0,0,0,0,0,0,0,0,0,0,6,-1,-1,-1,-1,-1,-1,-1,-1,-1,-1,-1,-1,-1,-1,-1,-1,-1,-1,-1,-1,0,0.06917000000000001,-1,13335,519,210,2,2,1,258,1,1,0,0,0,1
1,1,0,3,0,0,0,0,0,0,0,0,0,0,0,0,0,1,37,1,0,0,0,0,0,0,0,0,0,0,0,0,0,0,0,0,5,18,0,0,0,1,0,3,0,0,0,0,0,0,0,0,0,0,0,0,0,19,0,0,0,0,0,0,0,0,0,0,0,0,0,0,0,0,0,0,-1,-1,-1,-1,-1,-1,-1,-1,-1,-1,-1,-1,-1,-1,-1,-1,-1,-1,-1,-1,0,0.545275,0,13335,4701,411,2,2,1,297,1,0,0,0,0,1
2,0,0,2,0,0,0,0,0,0,0,0,0,0,0,0,0,1,18,2,0,0,0,0,0,0,0,0,0,0,0,0,0,0,0,0,4,14,0,0,0,0,0,2,0,0,0,0,0,0,0,0,0,0,0,0,0,4,0,0,0,0,0,0,0,0,0,0,0,0,0,0,0,0,0,0,-1,-1,-1,-1,-1,-1,-1,-1,-1,-1,-1,-1,-1,-1,-1,-1,-1,-1,-1,-1,0,0.476109,0,-1,1899,291,2,4,2,46,1,1,0,0,0,0
2,2,0,1,0,0,0,0,0,0,0,0,0,0,0,0,0,1,35,2,2,0,0,0,0,0,0,0,0,0,0,0,0,0,0,0,9,34,0,0,0,0,0,1,0,0,0,0,0,0,0,0,0,0,0,0,0,1,0,0,0,0,0,0,0,0,0,0,0,0,0,0,0,0,0,0,-1,-1,-1,-1,-1,-1,-1,-1,-1,-1,-1,-1,-1,-1,-1,-1,-1,-1,-1,-1,0,0.50964,0,14618,-1,-1,3,2,2,52,1,0,0,0,0,1
3,0,0,3,0,0,0,0,0,0,0,0,0,0,0,0,0,1,70,2,0,0,0,0,0,0,0,0,0,0,0,0,0,0,0,0,5,22,0,0,1,0,0,3,0,0,0,0,0,0,0,0,0,0,0,0,0,48,1,0,0,0,0,0,0,0,0,0,0,0,0,0,0,0,0,11,-1,-1,-1,-1,-1,-1,-1,-1,-1,-1,-1,-1,-1,-1,-1,-1,-1,-1,-1,-1,0,0.12975799999999998,-1,16276,-1,-1,1,2,1,4314,1,1,0,0,0,1
2,0,0,0,0,0,0,0,0,0,0,0,0,0,0,0,0,1,16,2,0,0,0,0,0,0,0,0,0,0,0,0,0,0,0,0,4,16,0,0,-1,-1,-1,-1,-1,-1,-1,-1,-1,-1,-1,-1,-1,-1,-1,-1,-1,-1,-1,-1,-1,-1,-1,-1,-1,-1,-1,-1,-1,-1,-1,-1,-1,-1,-1,-1,-1,-1,-1,-1,-1,-1,-1,-1,-1,-1,-1,-1,-1,-1,-1,-1,-1,-1,-1,-1,0,0.196052,0,51468,5022,90,1,2,3,1798,1,0,0,0,0,0
1,0,0,3,0,0,0,0,0,0,0,0,0,0,0,0,0,1,26,1,0,0,0,0,0,0,0,0,0,0,0,0,0,0,0,0,4,12,0,0,0,0,0,3,0,0,0,0,0,0,0,0,0,0,0,0,0,14,0,0,0,0,0,0,0,0,0,0,0,0,0,0,0,0,0,0,-1,-1,-1,-1,-1,-1,-1,-1,-1,-1,-1,-1,-1,-1,-1,-1,-1,-1,-1,-1,0,0.152442,0,3595,1445,15,1,2,1,14352,0,1,0,0,0,1
1,0,0,1,0,0,0,0,0,0,0,0,0,0,0,0,0,1,20,1,0,0,0,0,0,0,0,0,0,0,0,0,0,0,0,0,8,19,0,0,0,0,0,1,0,0,0,0,0,0,0,0,0,0,0,0,0,1,0,0,0,0,0,0,0,0,0,0,0,0,0,0,0,0,0,0,-1,-1,-1,-1,-1,-1,-1,-1,-1,-1,-1,-1,-1,-1,-1,-1,-1,-1,-1,-1,0,0.290866,1,14618,1581,244,1,2,5,526,0,0,0,0,0,0
1,1,0,2,0,0,0,0,0,0,0,0,0,0,0,0,0,1,26,1,1,0,0,0,0,0,0,0,0,0,0,0,0,0,0,0,5,18,0,0,0,0,0,2,0,0,0,0,0,0,0,0,0,0,0,0,0,8,0,0,0,0,0,0,0,0,0,0,0,0,0,0,0,0,0,0,-1,-1,-1,-1,-1,-1,-1,-1,-1,-1,-1,-1,-1,-1,-1,-1,-1,-1,-1,-1,0,0.420617,1,-1,1126,-1,1,2,1,14391,0,0,0,0,0,1
2,0,1,5,0,0,0,0,0,0,0,0,0,0,0,0,0,1,42,1,0,0,0,0,0,0,0,0,0,0,0,0,0,0,0,0,5,14,0,0,1,0,1,5,0,0,0,0,0,0,0,0,0,0,0,0,0,28,0,0,0,0,0,0,0,0,0,0,0,0,0,0,0,0,0,0,-1,-1,-1,-1,-1,-1,-1,-1,-1,-1,-1,-1,-1,-1,-1,-1,-1,-1,-1,-1,0,0.746694,1,20013,2045,510,1,2,1,5473,0,0,0,0,0,1
2,0,0,0,0,0,0,0,0,0,0,0,0,0,0,0,0,1,20,2,0,0,0,0,0,0,0,0,0,0,0,0,0,0,0,0,4,20,0,0,-1,-1,-1,-1,-1,-1,-1,-1,-1,-1,-1,-1,-1,-1,-1,-1,-1,-1,-1,-1,-1,-1,-1,-1,-1,-1,-1,-1,-1,-1,-1,-1,-1,-1,-1,-1,-1,-1,-1,-1,-1,-1,-1,-1,-1,-1,-1,-1,-1,-1,-1,-1,-1,-1,-1,-1,0,1.637188,0,13335,3261,25,2,2,1,298,1,2,0,0,0,0
2,0,0,3,0,0,0,0,0,0,0,0,0,0,0,0,0,1,52,2,0,0,0,0,0,0,0,0,0,0,0,0,0,0,0,0,13,38,0,0,0,0,0,3,0,0,0,0,0,0,0,0,0,0,0,0,0,14,0,0,0,0,0,0,0,0,0,0,0,0,0,0,0,0,0,0,-1,-1,-1,-1,-1,-1,-1,-1,-1,-1,-1,-1,-1,-1,-1,-1,-1,-1,-1,-1,0,0.27282,0,14828,3117,169,1,5,4,20450,0,0,0,0,0,1
3,1,0,3,0,0,0,0,0,0,0,0,0,0,0,0,0,1,32,3,0,0,0,0,0,0,0,0,0,0,0,0,0,0,0,0,3,14,0,0,0,1,0,3,0,0,0,0,0,0,0,0,0,0,0,0,0,18,0,1,0,0,0,0,0,0,0,0,0,0,0,0,0,0,0,12,-1,-1,-1,-1,-1,-1,-1,-1,-1,-1,-1,-1,-1,-1,-1,-1,-1,-1,-1,-1,0,0.228898,0,2818,-1,-1,2,4,2,246,1,3,0,0,0,0
1,0,0,1,0,0,0,0,0,0,0,0,0,0,0,0,0,1,18,1,0,0,0,0,0,0,0,0,0,0,0,0,0,0,0,0,1,11,0,0,0,0,0,1,0,0,0,0,0,0,0,0,0,0,0,0,0,7,0,0,0,0,0,0,0,0,0,0,0,0,0,0,0,0,0,6,-1,-1,-1,-1,-1,-1,-1,-1,-1,-1,-1,-1,-1,-1,-1,-1,-1,-1,-1,-1,0,0.530662,0,23650,2600,321,1,2,0,355,0,1,0,0,0,1
1,0,0,2,0,0,0,0,0,0,0,0,0,0,0,0,0,1,36,1,0,0,0,0,0,0,0,0,0,0,0,0,0,0,0,0,8,21,0,0,0,0,0,2,0,0,0,0,0,0,0,0,0,0,0,0,0,15,0,0,0,0,0,0,0,0,0,0,0,0,0,0,0,0,0,8,-1,-1,-1,-1,-1,-1,-1,-1,-1,-1,-1,-1,-1,-1,-1,-1,-1,-1,-1,-1,0,0.587147,1,19551,807,287,2,2,1,6334,0,0,0,0,0,1
2,0,0,4,0,0,0,0,0,0,0,0,0,0,0,0,0,1,37,2,0,0,0,0,0,0,0,0,0,0,0,0,0,0,0,0,2,14,0,0,0,0,0,4,0,0,0,0,0,0,0,0,0,0,0,0,0,23,0,0,0,0,0,0,0,0,0,0,0,0,0,0,0,0,0,0,-1,-1,-1,-1,-1,-1,-1,-1,-1,-1,-1,-1,-1,-1,-1,-1,-1,-1,-1,-1,0,0.265771,0,43428,5430,1509,2,5,5,187,1,0,0,0,0,0
1,0,0,0,0,0,0,0,0,0,0,0,0,0,0,0,0,1,10,1,0,0,0,0,0,0,0,0,0,0,0,0,0,0,0,0,2,10,0,0,-1,-1,-1,-1,-1,-1,-1,-1,-1,-1,-1,-1,-1,-1,-1,-1,-1,-1,-1,-1,-1,-1,-1,-1,-1,-1,-1,-1,-1,-1,-1,-1,-1,-1,-1,-1,-1,-1,-1,-1,-1,-1,-1,-1,-1,-1,-1,-1,-1,-1,-1,-1,-1,-1,-1,-1,0,-1.0,-1,24940,5082,34,1,5,5,3577,0,-1,0,0,0,0
2,0,0,0,0,0,0,0,0,0,0,0,0,0,0,0,0,1,12,2,0,0,0,0,0,0,0,0,0,0,0,0,0,0,0,0,3,12,0,0,-1,-1,-1,-1,-1,-1,-1,-1,-1,-1,-1,-1,-1,-1,-1,-1,-1,-1,-1,-1,-1,-1,-1,-1,-1,-1,-1,-1,-1,-1,-1,-1,-1,-1,-1,-1,-1,-1,-1,-1,-1,-1,-1,-1,-1,-1,-1,-1,-1,-1,-1,-1,-1,-1,-1,-1,0,1.358082,-1,35415,-1,-1,1,2,1,5762,0,0,0,0,0,0
1,0,0,4,0,0,0,0,0,0,0,0,0,0,0,0,0,1,41,1,0,0,0,0,0,0,0,0,0,0,0,0,0,0,0,0,7,21,0,0,0,0,0,4,0,0,0,0,0,0,0,0,0,0,0,0,0,20,0,0,0,0,0,0,0,0,0,0,0,0,0,0,0,0,0,0,-1,-1,-1,-1,-1,-1,-1,-1,-1,-1,-1,-1,-1,-1,-1,-1,-1,-1,-1,-1,0,1.538734,0,46475,3433,218,1,2,1,14304,1,1,0,0,0,1
2,0,0,2,0,0,0,0,0,0,0,0,0,0,0,0,6,1,38,2,0,0,0,0,0,0,0,0,0,0,0,0,0,0,0,0,5,14,0,0,0,0,0,2,0,0,0,0,0,0,0,0,0,0,0,0,6,24,0,0,0,0,0,0,0,0,0,0,0,0,0,0,0,0,6,18,-1,-1,-1,-1,-1,-1,-1,-1,-1,-1,-1,-1,-1,-1,-1,-1,-1,-1,-1,-1,0,1.0609879999999998,0,9293,-1,-1,1,2,1,3589,0,0,0,0,0,0
2,2,0,0,0,0,0,0,0,0,0,0,0,0,0,0,0,1,28,2,2,0,0,0,0,0,0,0,0,0,0,0,0,0,0,0,8,28,0,0,-1,-1,-1,-1,-1,-1,-1,-1,-1,-1,-1,-1,-1,-1,-1,-1,-1,-1,-1,-1,-1,-1,-1,-1,-1,-1,-1,-1,-1,-1,-1,-1,-1,-1,-1,-1,-1,-1,-1,-1,-1,-1,-1,-1,-1,-1,-1,-1,-1,-1,-1,-1,-1,-1,-1,-1,0,2.169146,0,12512,-1,-1,1,2,2,598,1,0,0,0,0,0
2,0,0,2,0,0,0,0,0,0,0,0,0,0,0,0,0,1,54,2,0,0,0,0,0,0,0,0,0,0,0,0,0,0,0,0,5,15,0,0,0,0,0,2,0,0,0,0,0,0,0,0,0,0,0,0,0,34,0,0,0,0,0,0,0,0,0,0,0,0,0,0,0,0,0,21,0,0,0,0,0,0,0,0,0,0,0,0,0,0,0,0,0,5,0,0,0,0.076541,-1,15169,-1,-1,1,4,5,291,1,2,0,0,0,1
3,0,0,2,0,2,0,1,0,0,0,0,0,0,0,0,0,1,62,1,0,0,0,0,0,0,0,0,0,0,0,0,0,0,0,0,5,13,0,0,1,0,0,2,0,0,0,0,0,0,0,0,0,0,0,0,0,17,1,0,0,0,0,0,0,0,0,0,0,0,0,0,0,0,0,9,1,0,0,0,0,2,0,1,0,0,0,0,0,0,0,0,0,32,0,1,0,0.863924,0,54641,1230,230,1,2,1,7989,0,0,0,0,0,1
1,0,0,3,0,0,0,0,0,0,0,0,0,0,0,0,0,1,22,1,0,0,0,0,0,0,0,0,0,0,0,0,0,0,0,0,4,15,0,0,0,0,0,3,0,0,0,0,0,0,0,0,0,0,0,0,0,7,0,0,0,0,0,0,0,0,0,0,0,0,0,0,0,0,0,0,-1,-1,-1,-1,-1,-1,-1,-1,-1,-1,-1,-1,-1,-1,-1,-1,-1,-1,-1,-1,0,0.488391,1,20013,599,130,1,2,1,3785,0,0,0,0,0,1
2,0,0,5,0,0,0,0,0,0,0,0,0,0,0,0,0,1,58,1,0,0,0,0,0,0,0,0,0,0,0,0,0,0,0,0,5,16,0,0,1,0,0,5,0,0,0,0,0,0,0,0,0,0,0,0,0,42,1,0,0,0,0,0,0,0,0,0,0,0,0,0,0,0,0,6,-1,-1,-1,-1,-1,-1,-1,-1,-1,-1,-1,-1,-1,-1,-1,-1,-1,-1,-1,-1,0,0.671272,1,20013,335,29,1,2,3,14392,0,0,0,0,0,1
2,0,0,0,0,0,0,0,0,0,0,0,0,0,0,0,0,1,22,2,0,0,0,0,0,0,0,0,0,0,0,0,0,0,0,0,8,22,0,0,-1,-1,-1,-1,-1,-1,-1,-1,-1,-1,-1,-1,-1,-1,-1,-1,-1,-1,-1,-1,-1,-1,-1,-1,-1,-1,-1,-1,-1,-1,-1,-1,-1,-1,-1,-1,-1,-1,-1,-1,-1,-1,-1,-1,-1,-1,-1,-1,-1,-1,-1,-1,-1,-1,-1,-1,0,0.451275,-1,12876,5635,208,1,4,7,14392,1,0,0,0,0,0
3,0,0,7,0,0,0,0,0,0,0,0,0,0,0,0,0,1,102,2,0,0,0,0,0,0,0,0,0,0,0,0,0,0,0,0,7,22,0,0,1,0,0,7,0,0,0,0,0,0,0,0,0,0,0,0,0,80,1,0,0,0,0,0,0,0,0,0,0,0,0,0,0,0,0,8,-1,-1,-1,-1,-1,-1,-1,-1,-1,-1,-1,-1,-1,-1,-1,-1,-1,-1,-1,-1,0,0.636774,-1,35206,-1,-1,1,2,2,14396,1,2,0,0,0,1
2,0,0,1,0,0,0,0,0,0,0,0,0,0,0,0,0,1,23,2,0,0,0,0,0,0,0,0,0,0,0,0,0,0,0,0,5,22,0,0,0,0,0,1,0,0,0,0,0,0,0,0,0,0,0,0,0,1,0,0,0,0,0,0,0,0,0,0,0,0,0,0,0,0,0,0,-1,-1,-1,-1,-1,-1,-1,-1,-1,-1,-1,-1,-1,-1,-1,-1,-1,-1,-1,-1,0,0.371432,0,15169,-1,-1,1,4,0,292,1,0,0,0,0,0
1,0,0,1,0,0,0,0,0,0,0,0,0,0,0,0,0,1,20,1,0,0,0,0,0,0,0,0,0,0,0,0,0,0,0,0,3,11,0,0,0,0,0,1,0,0,0,0,0,0,0,0,0,0,0,0,0,9,0,0,0,0,0,0,0,0,0,0,0,0,0,0,0,0,0,8,-1,-1,-1,-1,-1,-1,-1,-1,-1,-1,-1,-1,-1,-1,-1,-1,-1,-1,-1,-1,0,0.433331,1,13335,6059,2706,2,4,5,270,1,1,0,0,1,1
1,0,0,8,0,0,0,0,0,0,0,0,0,0,0,0,0,1,116,1,0,0,0,0,0,0,0,0,0,0,0,0,0,0,0,0,6,16,0,0,0,0,0,8,0,0,0,0,0,0,0,0,0,0,0,0,0,100,0,0,0,0,0,0,0,0,0,0,0,0,0,0,0,0,0,0,-1,-1,-1,-1,-1,-1,-1,-1,-1,-1,-1,-1,-1,-1,-1,-1,-1,-1,-1,-1,0,0.614206,0,394695,507,222,1,2,3,566,1,0,0,0,0,1
2,0,0,0,0,0,0,0,0,0,0,0,0,0,0,0,0,1,10,2,0,0,0,0,0,0,0,0,0,0,0,0,0,0,0,0,2,10,0,0,-1,-1,-1,-1,-1,-1,-1,-1,-1,-1,-1,-1,-1,-1,-1,-1,-1,-1,-1,-1,-1,-1,-1,-1,-1,-1,-1,-1,-1,-1,-1,-1,-1,-1,-1,-1,-1,-1,-1,-1,-1,-1,-1,-1,-1,-1,-1,-1,-1,-1,-1,-1,-1,-1,-1,-1,0,0.264633,0,12695,6965,359,1,2,2,297,1,1,0,0,0,0
2,0,0,0,0,0,0,0,0,0,0,0,0,0,0,0,0,1,14,2,0,0,0,0,0,0,0,0,0,0,0,0,0,0,0,0,3,14,0,0,-1,-1,-1,-1,-1,-1,-1,-1,-1,-1,-1,-1,-1,-1,-1,-1,-1,-1,-1,-1,-1,-1,-1,-1,-1,-1,-1,-1,-1,-1,-1,-1,-1,-1,-1,-1,-1,-1,-1,-1,-1,-1,-1,-1,-1,-1,-1,-1,-1,-1,-1,-1,-1,-1,-1,-1,0,0.324859,0,8560,4929,183,1,4,2,3598,0,0,0,0,0,0
2,1,0,8,0,0,0,0,0,0,0,0,0,0,0,0,0,1,77,1,0,0,0,0,0,0,0,0,0,0,0,0,0,0,0,0,6,18,0,0,1,1,0,8,0,0,0,0,0,0,0,0,0,0,0,0,0,59,1,0,0,0,0,0,0,0,0,0,0,0,0,0,0,0,0,9,-1,-1,-1,-1,-1,-1,-1,-1,-1,-1,-1,-1,-1,-1,-1,-1,-1,-1,-1,-1,0,7.8756210000000015,1,16276,1669,156,1,2,3,3584,0,0,0,0,0,1
3,0,0,4,0,0,0,0,0,0,0,0,0,0,0,0,0,1,57,2,0,0,0,0,0,0,0,0,0,0,0,0,0,0,0,0,5,23,0,0,1,0,0,4,0,0,0,0,0,0,0,0,0,0,0,0,0,34,1,0,0,0,0,0,0,0,0,0,0,0,0,0,0,0,0,9,-1,-1,-1,-1,-1,-1,-1,-1,-1,-1,-1,-1,-1,-1,-1,-1,-1,-1,-1,-1,0,1.836823,1,14061,723,371,1,3,2,1772,0,0,0,0,0,1
2,0,0,0,0,0,0,0,0,0,0,0,0,0,0,0,0,1,18,2,0,0,0,0,0,0,0,0,0,0,0,0,0,0,0,0,5,18,0,0,-1,-1,-1,-1,-1,-1,-1,-1,-1,-1,-1,-1,-1,-1,-1,-1,-1,-1,-1,-1,-1,-1,-1,-1,-1,-1,-1,-1,-1,-1,-1,-1,-1,-1,-1,-1,-1,-1,-1,-1,-1,-1,-1,-1,-1,-1,-1,-1,-1,-1,-1,-1,-1,-1,-1,-1,0,0.6914600000000001,0,34788,6314,259,1,2,1,7196,0,1,0,0,0,0
3,0,0,4,0,0,0,0,0,0,0,0,0,0,0,0,2,1,59,2,0,0,0,0,0,0,0,0,0,0,0,0,0,0,0,0,4,24,0,0,1,0,0,4,0,0,0,0,0,0,0,0,0,0,0,0,2,35,1,0,0,0,0,0,0,0,0,0,0,0,0,0,0,0,0,10,-1,-1,-1,-1,-1,-1,-1,-1,-1,-1,-1,-1,-1,-1,-1,-1,-1,-1,-1,-1,0,0.792593,0,47583,-1,-1,1,1,1,37,1,0,0,0,0,1
2,0,0,4,0,0,0,0,0,0,0,0,0,0,0,0,0,1,69,1,0,0,0,0,0,0,0,0,0,0,0,0,0,0,0,0,4,14,0,0,1,0,0,4,0,0,0,0,0,0,0,0,0,0,0,0,0,55,1,0,0,0,0,0,0,0,0,0,0,0,0,0,0,0,0,7,-1,-1,-1,-1,-1,-1,-1,-1,-1,-1,-1,-1,-1,-1,-1,-1,-1,-1,-1,-1,0,0.453049,1,20013,2424,132,1,2,1,7116,1,2,0,0,0,1
1,0,0,0,0,0,0,0,0,0,0,0,0,0,0,0,0,1,10,1,0,0,0,0,0,0,0,0,0,0,0,0,0,0,0,0,4,10,0,0,-1,-1,-1,-1,-1,-1,-1,-1,-1,-1,-1,-1,-1,-1,-1,-1,-1,-1,-1,-1,-1,-1,-1,-1,-1,-1,-1,-1,-1,-1,-1,-1,-1,-1,-1,-1,-1,-1,-1,-1,-1,-1,-1,-1,-1,-1,-1,-1,-1,-1,-1,-1,-1,-1,-1,-1,0,0.714936,0,14061,7478,190,1,4,0,545,0,0,0,0,0,0
2,2,3,5,0,1,0,0,0,0,0,0,0,0,0,0,0,1,109,2,1,0,0,0,0,0,0,0,0,0,0,0,0,0,0,0,8,21,0,0,0,1,3,5,0,0,0,0,0,0,0,0,0,0,0,0,0,80,0,1,0,0,0,0,0,0,0,0,0,0,0,0,0,0,0,46,0,0,0,0,0,1,0,0,0,0,0,0,0,0,0,0,0,8,0,1,0,0.241365,0,8075,-1,-1,1,4,0,226,1,1,0,0,0,1
2,0,0,3,0,1,0,0,0,0,0,0,0,0,0,0,0,1,430,1,0,0,0,0,0,0,0,0,0,0,0,0,0,0,0,0,3,12,0,0,1,0,0,3,0,1,0,0,0,0,0,0,0,0,0,0,0,418,1,0,0,0,0,1,0,0,0,0,0,0,0,0,0,0,0,405,-1,-1,-1,-1,-1,-1,-1,-1,-1,-1,-1,-1,-1,-1,-1,-1,-1,-1,-1,-1,0,-1.0,0,4808,346,383,2,2,0,492,0,-1,0,0,0,1
2,1,0,2,0,0,0,0,0,0,0,0,0,0,0,0,0,1,54,1,0,0,0,0,0,0,0,0,0,0,0,0,0,0,0,0,7,22,0,0,1,1,0,2,0,0,0,0,0,0,0,0,0,0,0,0,0,32,0,0,0,0,0,0,0,0,0,0,0,0,0,0,0,0,0,0,-1,-1,-1,-1,-1,-1,-1,-1,-1,-1,-1,-1,-1,-1,-1,-1,-1,-1,-1,-1,0,-1.0,0,-1,4,360,-1,4,0,-1,0,-1,0,0,0,1
2,0,0,1,0,0,0,0,0,0,0,0,0,0,0,0,0,1,15,2,0,0,0,0,0,0,0,0,0,0,0,0,0,0,0,0,2,14,0,0,0,0,0,1,0,0,0,0,0,0,0,0,0,0,0,0,0,1,0,0,0,0,0,0,0,0,0,0,0,0,0,0,0,0,0,0,-1,-1,-1,-1,-1,-1,-1,-1,-1,-1,-1,-1,-1,-1,-1,-1,-1,-1,-1,-1,0,0.147522,0,54113,8150,2780,2,4,5,58,1,0,0,0,0,0
3,0,0,1,0,0,0,0,0,0,0,0,0,0,0,0,0,1,15,3,0,0,0,0,0,0,0,0,0,0,0,0,0,0,0,0,2,14,0,0,0,0,0,1,0,0,0,0,0,0,0,0,0,0,0,0,0,1,0,0,0,0,0,0,0,0,0,0,0,0,0,0,0,0,0,0,-1,-1,-1,-1,-1,-1,-1,-1,-1,-1,-1,-1,-1,-1,-1,-1,-1,-1,-1,-1,0,1.501891,0,37313,-1,-1,1,4,1,6557,1,2,0,0,0,0
13,0,0,4,0,3,1,8,0,0,0,0,0,0,0,0,0,2,231,1,0,0,0,0,0,0,0,0,0,0,0,0,0,0,0,0,9,19,0,0,1,0,0,4,0,0,0,0,0,0,0,0,0,0,0,0,0,31,1,0,0,0,0,0,0,0,0,0,0,0,0,0,0,0,0,9,11,0,0,0,0,3,1,8,0,0,0,0,0,0,0,0,0,181,1,3,1,0.775713,1,46606,2019,171,1,2,1,12052,0,0,0,0,0,1
2,0,0,0,0,0,0,0,0,0,0,0,0,0,0,0,0,1,18,2,0,0,0,0,0,0,0,0,0,0,0,0,0,0,0,0,4,18,0,0,-1,-1,-1,-1,-1,-1,-1,-1,-1,-1,-1,-1,-1,-1,-1,-1,-1,-1,-1,-1,-1,-1,-1,-1,-1,-1,-1,-1,-1,-1,-1,-1,-1,-1,-1,-1,-1,-1,-1,-1,-1,-1,-1,-1,-1,-1,-1,-1,-1,-1,-1,-1,-1,-1,-1,-1,0,0.11299,-1,60781,5661,1643,1,2,5,592,1,0,0,0,0,0
3,0,0,0,0,0,0,0,0,0,0,0,0,0,0,0,0,1,26,3,0,0,0,0,0,0,0,0,0,0,0,0,0,0,0,0,8,26,0,0,-1,-1,-1,-1,-1,-1,-1,-1,-1,-1,-1,-1,-1,-1,-1,-1,-1,-1,-1,-1,-1,-1,-1,-1,-1,-1,-1,-1,-1,-1,-1,-1,-1,-1,-1,-1,-1,-1,-1,-1,-1,-1,-1,-1,-1,-1,-1,-1,-1,-1,-1,-1,-1,-1,-1,-1,0,1.710978,1,27823,-1,-1,1,2,1,14399,0,0,0,0,0,0
2,3,0,4,0,1,1,0,0,0,0,0,0,0,0,0,0,2,101,1,3,0,0,0,0,0,0,0,0,0,0,0,0,0,0,0,16,52,0,0,0,0,0,4,0,0,0,0,0,0,0,0,0,0,0,0,0,22,0,0,0,0,0,0,0,0,0,0,0,0,0,0,0,0,0,0,1,0,0,0,0,1,1,0,0,0,0,0,0,0,0,0,0,27,1,1,1,0.586721,1,3595,1945,245,1,2,1,9473,0,0,0,0,0,1
2,1,1,2,0,0,0,0,0,0,0,0,0,0,0,0,0,1,52,2,0,0,0,0,0,0,0,0,0,0,0,0,0,0,0,0,3,16,0,0,0,1,1,2,0,0,0,0,0,0,0,0,0,0,0,0,0,36,0,1,1,0,0,0,0,0,0,0,0,0,0,0,0,0,0,26,-1,-1,-1,-1,-1,-1,-1,-1,-1,-1,-1,-1,-1,-1,-1,-1,-1,-1,-1,-1,0,0.212389,0,12876,801,293,1,2,1,598,0,0,0,0,0,1
2,0,0,3,0,0,0,0,0,0,0,0,0,0,0,0,0,1,42,2,0,0,0,0,0,0,0,0,0,0,0,0,0,0,0,0,6,16,0,0,0,0,0,3,0,0,0,0,0,0,0,0,0,0,0,0,0,26,0,0,0,0,0,0,0,0,0,0,0,0,0,0,0,0,0,0,-1,-1,-1,-1,-1,-1,-1,-1,-1,-1,-1,-1,-1,-1,-1,-1,-1,-1,-1,-1,0,0.185836,0,15169,-1,-1,1,4,5,231,1,0,0,0,0,1
3,0,0,3,0,0,0,0,0,0,0,0,0,0,0,0,0,1,40,2,0,0,0,0,0,0,0,0,0,0,0,0,0,0,0,0,5,12,0,0,1,0,0,3,0,0,0,0,0,0,0,0,0,0,0,0,0,28,1,0,0,0,0,0,0,0,0,0,0,0,0,0,0,0,0,21,-1,-1,-1,-1,-1,-1,-1,-1,-1,-1,-1,-1,-1,-1,-1,-1,-1,-1,-1,-1,0,0.24811100000000005,1,20013,-1,-1,1,2,1,4865,1,1,0,0,0,1
1,0,0,7,0,0,0,0,0,0,0,0,0,0,0,0,0,1,55,1,0,0,0,0,0,0,0,0,0,0,0,0,0,0,0,0,3,18,0,0,0,0,0,7,0,0,0,0,0,0,0,0,0,0,0,0,0,37,0,0,0,0,0,0,0,0,0,0,0,0,0,0,0,0,0,0,-1,-1,-1,-1,-1,-1,-1,-1,-1,-1,-1,-1,-1,-1,-1,-1,-1,-1,-1,-1,0,0.350132,-1,22611,4185,197,1,2,1,874,0,0,0,0,0,1
2,0,0,1,0,0,0,0,0,0,0,0,0,0,0,0,0,1,32,2,0,0,0,0,0,0,0,0,0,0,0,0,0,0,0,0,11,31,0,0,0,0,0,1,0,0,0,0,0,0,0,0,0,0,0,0,0,1,0,0,0,0,0,0,0,0,0,0,0,0,0,0,0,0,0,0,-1,-1,-1,-1,-1,-1,-1,-1,-1,-1,-1,-1,-1,-1,-1,-1,-1,-1,-1,-1,0,0.349261,0,15169,-1,-1,1,4,0,298,1,0,0,0,0,0
4,0,0,1,0,1,0,0,0,0,0,0,0,0,0,0,0,1,27,3,0,0,0,0,0,0,0,0,0,0,0,0,0,0,0,0,3,14,0,0,1,0,0,1,0,0,0,0,0,0,0,0,0,0,0,0,0,7,1,0,0,0,0,0,0,0,0,0,0,0,0,0,0,0,0,6,0,0,0,0,0,1,0,0,0,0,0,0,0,0,0,0,0,6,0,1,0,1.070258,0,4782,-1,-1,-1,3,5,-1,1,1,0,0,0,0
2,1,1,7,0,0,0,0,0,0,0,0,0,0,0,0,0,1,84,2,0,0,0,0,0,0,0,0,0,0,0,0,0,0,0,0,5,17,0,0,0,1,1,7,0,0,0,0,0,0,0,0,0,0,0,0,0,67,0,0,0,0,0,0,0,0,0,0,0,0,0,0,0,0,0,0,-1,-1,-1,-1,-1,-1,-1,-1,-1,-1,-1,-1,-1,-1,-1,-1,-1,-1,-1,-1,0,-1.0,-1,16276,6422,882,1,2,3,3598,0,-1,0,0,0,1
2,0,0,1,0,0,0,0,0,0,0,0,0,0,0,0,0,1,26,2,0,0,0,0,0,0,0,0,0,0,0,0,0,0,0,0,8,25,0,0,0,0,0,1,0,0,0,0,0,0,0,0,0,0,0,0,0,1,0,0,0,0,0,0,0,0,0,0,0,0,0,0,0,0,0,0,-1,-1,-1,-1,-1,-1,-1,-1,-1,-1,-1,-1,-1,-1,-1,-1,-1,-1,-1,-1,0,8.953,0,17184,-1,-1,1,2,1,42,0,0,0,0,0,1
1,1,0,2,0,0,0,0,0,0,0,0,0,0,0,0,0,1,24,1,1,0,0,0,0,0,0,0,0,0,0,0,0,0,0,0,5,16,0,0,0,0,0,2,0,0,0,0,0,0,0,0,0,0,0,0,0,8,0,0,0,0,0,0,0,0,0,0,0,0,0,0,0,0,0,0,-1,-1,-1,-1,-1,-1,-1,-1,-1,-1,-1,-1,-1,-1,-1,-1,-1,-1,-1,-1,0,-1.0,0,-1,-1,-1,-1,4,0,-1,0,-1,0,0,0,1
2,1,0,3,0,0,0,0,0,0,0,0,0,0,0,0,0,1,48,1,0,0,0,0,0,0,0,0,0,0,0,0,0,0,0,0,6,19,0,0,1,1,0,3,0,0,0,0,0,0,0,0,0,0,0,0,0,29,1,0,0,0,0,0,0,0,0,0,0,0,0,0,0,0,0,13,-1,-1,-1,-1,-1,-1,-1,-1,-1,-1,-1,-1,-1,-1,-1,-1,-1,-1,-1,-1,0,1.580951,1,20013,2873,413,1,2,1,14252,0,0,0,0,0,1
2,1,0,3,0,0,0,0,0,0,0,0,0,0,0,0,0,1,64,2,1,0,0,0,0,0,0,0,0,0,0,0,0,0,0,0,6,23,0,0,0,0,0,3,0,0,0,0,0,0,0,0,0,0,0,0,0,41,0,0,0,0,0,0,0,0,0,0,0,0,0,0,0,0,0,0,-1,-1,-1,-1,-1,-1,-1,-1,-1,-1,-1,-1,-1,-1,-1,-1,-1,-1,-1,-1,0,0.549301,0,33494,6656,282,1,2,1,245,0,0,0,0,0,1
2,3,0,2,0,0,0,0,0,0,0,0,0,0,0,0,0,1,46,2,0,0,0,0,0,0,0,0,0,0,0,0,0,0,0,0,6,18,0,0,0,3,0,2,0,0,0,0,0,0,0,0,0,0,0,0,0,28,0,3,0,0,0,0,0,0,0,0,0,0,0,0,0,0,0,22,-1,-1,-1,-1,-1,-1,-1,-1,-1,-1,-1,-1,-1,-1,-1,-1,-1,-1,-1,-1,0,0.2552,1,16509,1235,956,1,3,1,10798,0,0,0,0,0,0
2,0,0,0,0,0,0,0,0,0,0,0,0,0,0,0,0,1,19,2,0,0,0,0,0,0,0,0,0,0,0,0,0,0,0,0,5,19,0,0,-1,-1,-1,-1,-1,-1,-1,-1,-1,-1,-1,-1,-1,-1,-1,-1,-1,-1,-1,-1,-1,-1,-1,-1,-1,-1,-1,-1,-1,-1,-1,-1,-1,-1,-1,-1,-1,-1,-1,-1,-1,-1,-1,-1,-1,-1,-1,-1,-1,-1,-1,-1,-1,-1,-1,-1,0,0.224599,0,16509,-1,-1,1,4,0,292,0,0,0,0,0,1
2,3,1,9,0,0,0,0,0,0,0,0,0,0,0,0,0,1,105,2,1,0,0,0,0,0,0,0,0,0,0,0,0,0,0,0,6,22,0,0,0,2,1,9,0,0,0,0,0,0,0,0,0,0,0,0,0,83,0,0,0,0,0,0,0,0,0,0,0,0,0,0,0,0,0,0,-1,-1,-1,-1,-1,-1,-1,-1,-1,-1,-1,-1,-1,-1,-1,-1,-1,-1,-1,-1,0,0.619079,0,32748,4823,288,1,4,2,3570,1,1,0,0,0,1
4,0,0,8,0,0,0,0,0,0,0,0,0,0,0,0,0,1,73,4,0,0,0,0,0,0,0,0,0,0,0,0,0,0,0,0,6,22,0,0,0,0,0,8,0,0,0,0,0,0,0,0,0,0,0,0,0,51,0,0,0,0,0,0,0,0,0,0,0,0,0,0,0,0,0,8,-1,-1,-1,-1,-1,-1,-1,-1,-1,-1,-1,-1,-1,-1,-1,-1,-1,-1,-1,-1,0,0.21430900000000008,0,47544,1850,1071,1,2,3,2941,0,3,0,0,0,1
2,0,0,0,0,0,0,0,0,0,0,0,0,0,0,0,0,1,21,2,0,0,0,0,0,0,0,0,0,0,0,0,0,0,0,0,6,21,0,0,-1,-1,-1,-1,-1,-1,-1,-1,-1,-1,-1,-1,-1,-1,-1,-1,-1,-1,-1,-1,-1,-1,-1,-1,-1,-1,-1,-1,-1,-1,-1,-1,-1,-1,-1,-1,-1,-1,-1,-1,-1,-1,-1,-1,-1,-1,-1,-1,-1,-1,-1,-1,-1,-1,-1,-1,0,0.538303,0,15169,-1,-1,1,4,0,280,1,0,0,0,0,0
2,0,0,0,0,0,0,0,0,0,0,0,0,0,0,0,0,1,21,2,0,0,0,0,0,0,0,0,0,0,0,0,0,0,0,0,7,21,0,0,-1,-1,-1,-1,-1,-1,-1,-1,-1,-1,-1,-1,-1,-1,-1,-1,-1,-1,-1,-1,-1,-1,-1,-1,-1,-1,-1,-1,-1,-1,-1,-1,-1,-1,-1,-1,-1,-1,-1,-1,-1,-1,-1,-1,-1,-1,-1,-1,-1,-1,-1,-1,-1,-1,-1,-1,0,0.677716,-1,198610,7177,127,1,4,2,596,1,1,0,0,0,0
2,0,0,3,0,0,0,0,0,0,0,0,0,0,0,0,0,1,45,1,0,0,0,0,0,0,0,0,0,0,0,0,0,0,0,0,6,18,0,0,1,0,0,3,0,0,0,0,0,0,0,0,0,0,0,0,0,27,1,0,0,0,0,0,0,0,0,0,0,0,0,0,0,0,0,11,-1,-1,-1,-1,-1,-1,-1,-1,-1,-1,-1,-1,-1,-1,-1,-1,-1,-1,-1,-1,0,0.976724,-1,-1,2675,246,1,2,1,6260,1,2,0,0,0,1
1,0,0,0,0,0,0,0,0,0,0,0,0,0,0,0,0,1,9,1,0,0,0,0,0,0,0,0,0,0,0,0,0,0,0,0,4,9,0,0,-1,-1,-1,-1,-1,-1,-1,-1,-1,-1,-1,-1,-1,-1,-1,-1,-1,-1,-1,-1,-1,-1,-1,-1,-1,-1,-1,-1,-1,-1,-1,-1,-1,-1,-1,-1,-1,-1,-1,-1,-1,-1,-1,-1,-1,-1,-1,-1,-1,-1,-1,-1,-1,-1,-1,-1,0,0.22712,1,13335,7673,360,2,2,7,291,1,3,0,0,0,0
1,0,0,1,0,0,0,0,0,0,0,0,0,0,0,0,0,1,19,1,0,0,0,0,0,0,0,0,0,0,0,0,0,0,0,0,5,13,0,0,0,0,0,1,0,0,0,0,0,0,0,0,0,0,0,0,0,6,0,0,0,0,0,0,0,0,0,0,0,0,0,0,0,0,0,5,-1,-1,-1,-1,-1,-1,-1,-1,-1,-1,-1,-1,-1,-1,-1,-1,-1,-1,-1,-1,0,0.282008,0,13335,275,89,2,2,0,297,1,1,0,0,0,1
2,0,0,1,0,0,0,0,0,0,0,0,0,0,0,0,0,1,13,2,0,0,0,0,0,0,0,0,0,0,0,0,0,0,0,0,3,12,0,0,0,0,0,1,0,0,0,0,0,0,0,0,0,0,0,0,0,1,0,0,0,0,0,0,0,0,0,0,0,0,0,0,0,0,0,0,-1,-1,-1,-1,-1,-1,-1,-1,-1,-1,-1,-1,-1,-1,-1,-1,-1,-1,-1,-1,0,0.250205,0,14618,8109,1750,1,5,1,204,0,1,0,0,0,0
1,0,0,0,0,0,0,0,0,0,0,0,0,0,0,0,0,1,7,1,0,0,0,0,0,0,0,0,0,0,0,0,0,0,0,0,1,7,0,0,-1,-1,-1,-1,-1,-1,-1,-1,-1,-1,-1,-1,-1,-1,-1,-1,-1,-1,-1,-1,-1,-1,-1,-1,-1,-1,-1,-1,-1,-1,-1,-1,-1,-1,-1,-1,-1,-1,-1,-1,-1,-1,-1,-1,-1,-1,-1,-1,-1,-1,-1,-1,-1,-1,-1,-1,0,0.301659,1,29791,8723,406,1,4,1,22,1,0,0,0,0,0
2,0,0,0,0,0,0,0,0,0,0,0,0,0,0,0,0,1,29,2,0,0,0,0,0,0,0,0,0,0,0,0,0,0,0,0,11,29,0,0,-1,-1,-1,-1,-1,-1,-1,-1,-1,-1,-1,-1,-1,-1,-1,-1,-1,-1,-1,-1,-1,-1,-1,-1,-1,-1,-1,-1,-1,-1,-1,-1,-1,-1,-1,-1,-1,-1,-1,-1,-1,-1,-1,-1,-1,-1,-1,-1,-1,-1,-1,-1,-1,-1,-1,-1,0,1.099201,0,24638,-1,-1,1,2,1,591,1,1,0,0,0,0
3,0,0,0,0,0,0,0,0,0,0,0,0,0,0,0,0,1,19,3,0,0,0,0,0,0,0,0,0,0,0,0,0,0,0,0,6,19,0,0,-1,-1,-1,-1,-1,-1,-1,-1,-1,-1,-1,-1,-1,-1,-1,-1,-1,-1,-1,-1,-1,-1,-1,-1,-1,-1,-1,-1,-1,-1,-1,-1,-1,-1,-1,-1,-1,-1,-1,-1,-1,-1,-1,-1,-1,-1,-1,-1,-1,-1,-1,-1,-1,-1,-1,-1,0,0.121691,0,15169,-1,-1,1,2,4,292,1,1,0,0,0,0
3,0,0,2,0,0,0,0,0,0,0,0,0,0,0,0,0,1,30,3,0,0,0,0,0,0,0,0,0,0,0,0,0,0,0,0,7,25,0,0,0,0,0,2,0,0,0,0,0,0,0,0,0,0,0,0,0,5,0,0,0,0,0,0,0,0,0,0,0,0,0,0,0,0,0,0,-1,-1,-1,-1,-1,-1,-1,-1,-1,-1,-1,-1,-1,-1,-1,-1,-1,-1,-1,-1,0,1.165537,0,24446,-1,-1,1,2,1,13384,0,0,0,0,0,1
2,0,0,1,0,0,0,0,0,0,0,0,0,0,0,0,0,1,25,2,0,0,0,0,0,0,0,0,0,0,0,0,0,0,0,0,5,14,0,0,0,0,0,1,0,0,0,0,0,0,0,0,0,0,0,0,0,11,0,0,0,0,0,0,0,0,0,0,0,0,0,0,0,0,0,10,-1,-1,-1,-1,-1,-1,-1,-1,-1,-1,-1,-1,-1,-1,-1,-1,-1,-1,-1,-1,0,0.44438,0,34164,-1,-1,1,2,3,1,1,1,0,0,0,0
2,0,0,0,0,0,0,0,0,0,0,0,0,0,0,0,0,1,31,2,0,0,0,0,0,0,0,0,0,0,0,0,0,0,0,0,9,31,0,0,-1,-1,-1,-1,-1,-1,-1,-1,-1,-1,-1,-1,-1,-1,-1,-1,-1,-1,-1,-1,-1,-1,-1,-1,-1,-1,-1,-1,-1,-1,-1,-1,-1,-1,-1,-1,-1,-1,-1,-1,-1,-1,-1,-1,-1,-1,-1,-1,-1,-1,-1,-1,-1,-1,-1,-1,0,0.8586940000000001,0,15169,-1,-1,1,4,0,111,1,0,0,0,0,0
2,1,0,3,0,0,0,0,0,0,0,0,0,0,0,0,0,1,30,2,1,0,0,0,0,0,0,0,0,0,0,0,0,0,0,0,4,15,0,0,0,0,0,3,0,0,0,0,0,0,0,0,0,0,0,0,0,15,0,0,0,0,0,0,0,0,0,0,0,0,0,0,0,0,0,0,-1,-1,-1,-1,-1,-1,-1,-1,-1,-1,-1,-1,-1,-1,-1,-1,-1,-1,-1,-1,0,1.042145,1,20013,3230,56,1,2,1,419,1,0,0,0,0,1
3,1,2,8,0,2,0,1,0,0,0,0,0,0,0,0,0,1,114,1,0,0,0,0,0,0,0,0,0,0,0,0,0,0,0,0,4,8,0,0,0,1,1,8,0,0,0,0,0,0,0,0,0,0,0,0,0,75,0,0,0,0,0,0,0,0,0,0,0,0,0,0,0,0,0,0,2,0,1,0,0,2,0,1,0,0,0,0,0,0,0,0,0,31,0,2,0,0.942338,0,41126,3228,58,1,2,1,3016,0,0,0,0,0,1
3,0,0,5,0,6,0,5,0,0,0,0,0,0,0,0,0,1,129,1,0,0,0,0,0,0,0,0,0,0,0,0,0,0,0,0,3,8,0,0,1,0,0,5,0,0,0,0,0,0,0,0,0,0,0,0,0,34,1,0,0,0,0,0,0,0,0,0,0,0,0,0,0,0,0,14,1,0,0,0,0,6,0,5,0,0,0,0,0,0,0,0,0,87,0,3,0,0.339896,0,53824,1819,6,1,2,2,1556,0,0,0,0,0,1
2,0,0,1,0,0,0,0,0,0,0,0,0,0,0,0,0,1,15,2,0,0,0,0,0,0,0,0,0,0,0,0,0,0,0,0,3,14,0,0,0,0,0,1,0,0,0,0,0,0,0,0,0,0,0,0,0,1,0,0,0,0,0,0,0,0,0,0,0,0,0,0,0,0,0,0,-1,-1,-1,-1,-1,-1,-1,-1,-1,-1,-1,-1,-1,-1,-1,-1,-1,-1,-1,-1,0,0.082232,0,16509,7469,199,4,4,7,58,1,1,0,0,0,0
5,0,0,4,0,1,0,0,0,0,0,0,0,0,0,0,0,2,71,1,0,0,0,0,0,0,0,0,0,0,0,0,0,0,0,0,6,17,0,0,4,0,0,4,0,0,0,0,0,0,0,0,0,0,0,0,0,45,2,0,0,0,0,0,0,0,0,0,0,0,0,0,0,0,0,13,0,0,0,0,0,1,0,0,0,0,0,0,0,0,0,0,0,9,0,1,0,0.31813400000000003,1,20013,679,50,1,2,1,4855,0,0,0,0,0,1
4,2,0,3,0,0,0,0,0,0,0,0,0,0,0,0,0,3,61,1,0,0,0,0,0,0,0,0,0,0,0,0,0,0,0,0,3,9,0,0,3,2,0,3,0,0,0,0,0,0,0,0,0,0,0,0,0,52,1,0,0,0,0,0,0,0,0,0,0,0,0,0,0,0,0,10,-1,-1,-1,-1,-1,-1,-1,-1,-1,-1,-1,-1,-1,-1,-1,-1,-1,-1,-1,-1,0,8.842058,1,40034,584,145,1,4,1,3583,0,0,0,0,0,1
1,0,0,0,0,0,0,0,0,0,0,0,0,0,0,0,0,1,17,1,0,0,0,0,0,0,0,0,0,0,0,0,0,0,0,0,8,17,0,0,-1,-1,-1,-1,-1,-1,-1,-1,-1,-1,-1,-1,-1,-1,-1,-1,-1,-1,-1,-1,-1,-1,-1,-1,-1,-1,-1,-1,-1,-1,-1,-1,-1,-1,-1,-1,-1,-1,-1,-1,-1,-1,-1,-1,-1,-1,-1,-1,-1,-1,-1,-1,-1,-1,-1,-1,0,0.234179,0,24940,3060,226,1,12,0,1036,0,0,0,0,0,0
2,0,0,3,0,0,0,0,0,0,0,0,0,0,0,0,0,1,59,2,0,0,0,0,0,0,0,0,0,0,0,0,0,0,0,0,3,20,0,0,0,0,0,3,0,0,0,0,0,0,0,0,0,0,0,0,0,39,0,0,0,0,0,0,0,0,0,0,0,0,0,0,0,0,0,32,-1,-1,-1,-1,-1,-1,-1,-1,-1,-1,-1,-1,-1,-1,-1,-1,-1,-1,-1,-1,0,0.213777,1,20013,1420,40,1,2,1,14188,0,1,0,0,0,1
4,0,0,3,0,0,0,0,0,0,0,0,0,0,0,0,0,0,40,3,0,0,0,0,0,0,0,0,0,0,0,0,0,0,0,0,0,14,1,0,1,0,0,3,0,0,0,0,0,0,0,0,0,0,0,0,0,26,1,0,0,0,0,0,0,0,0,0,0,0,0,0,0,0,0,15,-1,-1,-1,-1,-1,-1,-1,-1,-1,-1,-1,-1,-1,-1,-1,-1,-1,-1,-1,-1,0,0.543561,0,-1,-1,-1,1,4,0,0,0,0,0,0,0,1
2,0,0,2,0,0,0,0,0,0,0,0,0,0,0,0,0,1,33,1,0,0,0,0,0,0,0,0,0,0,0,0,0,0,0,0,5,16,0,0,1,0,0,2,0,0,0,0,0,0,0,0,0,0,0,0,0,17,1,0,0,0,0,0,0,0,0,0,0,0,0,0,0,0,0,7,-1,-1,-1,-1,-1,-1,-1,-1,-1,-1,-1,-1,-1,-1,-1,-1,-1,-1,-1,-1,0,0.616718,1,20013,6402,536,1,2,1,14396,1,0,0,0,0,1
1,0,0,3,0,0,0,0,0,0,0,0,0,0,0,0,0,1,82,1,0,0,0,0,0,0,0,0,0,0,0,0,0,0,0,0,7,17,0,0,0,0,0,3,0,0,0,0,0,0,0,0,0,0,0,0,0,65,0,0,0,0,0,0,0,0,0,0,0,0,0,0,0,0,0,44,-1,-1,-1,-1,-1,-1,-1,-1,-1,-1,-1,-1,-1,-1,-1,-1,-1,-1,-1,-1,0,0.608151,-1,9931,1799,26,1,2,1,14376,0,1,0,0,0,1
1,0,0,1,0,0,0,0,0,0,0,0,0,0,0,0,0,1,18,1,0,0,0,0,0,0,0,0,0,0,0,0,0,0,0,0,6,17,0,0,0,0,0,1,0,0,0,0,0,0,0,0,0,0,0,0,0,1,0,0,0,0,0,0,0,0,0,0,0,0,0,0,0,0,0,0,-1,-1,-1,-1,-1,-1,-1,-1,-1,-1,-1,-1,-1,-1,-1,-1,-1,-1,-1,-1,0,4.497555,1,46606,3493,158,1,2,5,14387,1,0,0,0,0,0
1,0,0,5,0,0,0,0,0,0,0,0,0,0,0,0,0,1,38,1,0,0,0,0,0,0,0,0,0,0,0,0,0,0,0,0,7,15,0,0,0,0,0,5,0,0,0,0,0,0,0,0,0,0,0,0,0,23,0,0,0,0,0,0,0,0,0,0,0,0,0,0,0,0,0,0,-1,-1,-1,-1,-1,-1,-1,-1,-1,-1,-1,-1,-1,-1,-1,-1,-1,-1,-1,-1,0,0.09268,-1,197357,2510,46,1,2,1,997,0,0,0,0,0,1
5,0,0,5,0,0,0,0,0,0,0,0,0,0,0,0,0,3,65,1,0,0,0,0,0,0,0,0,0,0,0,0,0,0,0,0,7,16,0,0,4,0,0,5,0,0,0,0,0,0,0,0,0,0,0,0,0,49,1,0,0,0,0,0,0,0,0,0,0,0,0,0,0,0,0,8,-1,-1,-1,-1,-1,-1,-1,-1,-1,-1,-1,-1,-1,-1,-1,-1,-1,-1,-1,-1,0,1.456318,1,20013,182,182,1,2,1,4109,1,0,0,0,0,1
1,3,0,2,0,0,0,0,0,0,0,0,0,0,0,0,0,1,36,1,2,0,0,0,0,0,0,0,0,0,0,0,0,0,0,0,6,20,0,0,0,1,0,2,0,0,0,0,0,0,0,0,0,0,0,0,0,16,0,1,0,0,0,0,0,0,0,0,0,0,0,0,0,0,0,8,-1,-1,-1,-1,-1,-1,-1,-1,-1,-1,-1,-1,-1,-1,-1,-1,-1,-1,-1,-1,0,9.609451,-1,52469,61,303,1,2,1,12800,1,0,0,0,0,1
3,0,0,3,0,0,0,0,0,0,0,0,0,0,0,0,0,1,36,2,0,0,0,0,0,0,0,0,0,0,0,0,0,0,0,0,3,11,0,0,1,0,0,3,0,0,0,0,0,0,0,0,0,0,0,0,0,25,1,0,0,0,0,0,0,0,0,0,0,0,0,0,0,0,0,9,-1,-1,-1,-1,-1,-1,-1,-1,-1,-1,-1,-1,-1,-1,-1,-1,-1,-1,-1,-1,0,0.029744,0,-1,9212,2109,2,4,2,286,0,1,0,0,0,0
2,1,0,0,0,0,0,0,0,0,0,0,0,0,0,0,0,1,33,2,1,0,0,0,0,0,0,0,0,0,0,0,0,0,0,0,9,33,0,0,-1,-1,-1,-1,-1,-1,-1,-1,-1,-1,-1,-1,-1,-1,-1,-1,-1,-1,-1,-1,-1,-1,-1,-1,-1,-1,-1,-1,-1,-1,-1,-1,-1,-1,-1,-1,-1,-1,-1,-1,-1,-1,-1,-1,-1,-1,-1,-1,-1,-1,-1,-1,-1,-1,-1,-1,0,0.444413,0,15169,-1,-1,1,4,0,261,1,0,0,0,0,0
1,0,0,1,0,0,0,0,0,0,0,0,0,0,0,0,0,1,16,1,0,0,0,0,0,0,0,0,0,0,0,0,0,0,0,0,5,15,0,0,0,0,0,1,0,0,0,0,0,0,0,0,0,0,0,0,0,1,0,0,0,0,0,0,0,0,0,0,0,0,0,0,0,0,0,0,-1,-1,-1,-1,-1,-1,-1,-1,-1,-1,-1,-1,-1,-1,-1,-1,-1,-1,-1,-1,0,1.2925879999999998,1,46606,3216,70,1,2,1,14398,1,0,0,0,0,0
2,0,0,1,0,0,0,0,0,0,0,0,0,0,0,0,0,1,32,2,0,0,0,0,0,0,0,0,0,0,0,0,0,0,0,0,12,31,0,0,0,0,0,1,0,0,0,0,0,0,0,0,0,0,0,0,0,1,0,0,0,0,0,0,0,0,0,0,0,0,0,0,0,0,0,0,-1,-1,-1,-1,-1,-1,-1,-1,-1,-1,-1,-1,-1,-1,-1,-1,-1,-1,-1,-1,0,0.265619,0,15169,-1,-1,1,4,0,278,1,0,0,0,0,0
1,0,0,1,0,0,0,0,0,0,0,0,0,0,0,0,0,1,12,1,0,0,0,0,0,0,0,0,0,0,0,0,0,0,0,0,5,11,0,0,0,0,0,1,0,0,0,0,0,0,0,0,0,0,0,0,0,1,0,0,0,0,0,0,0,0,0,0,0,0,0,0,0,0,0,0,-1,-1,-1,-1,-1,-1,-1,-1,-1,-1,-1,-1,-1,-1,-1,-1,-1,-1,-1,-1,0,1.210597,0,13335,1335,125,2,2,0,290,1,0,0,0,0,0
3,0,1,4,0,3,0,2,0,0,0,0,0,0,0,0,0,1,242,2,0,0,0,0,0,0,0,0,0,0,0,0,0,0,0,0,8,22,0,0,1,0,0,4,0,0,0,0,0,0,0,0,0,0,0,0,0,55,1,0,0,0,0,0,0,0,0,0,0,0,0,0,0,0,0,9,0,0,1,0,0,3,0,2,0,0,0,0,0,0,0,0,0,165,0,3,0,0.6270439999999999,0,36352,-1,-1,1,4,1,12641,0,2,0,0,0,1
2,0,0,3,0,0,0,0,0,0,0,0,0,0,0,0,0,1,40,2,0,0,0,0,0,0,0,0,0,0,0,0,0,0,0,0,6,16,0,0,0,0,0,3,0,0,0,0,0,0,0,0,0,0,0,0,0,24,0,0,0,0,0,0,0,0,0,0,0,0,0,0,0,0,0,4,-1,-1,-1,-1,-1,-1,-1,-1,-1,-1,-1,-1,-1,-1,-1,-1,-1,-1,-1,-1,0,0.181524,0,15169,-1,-1,1,4,5,291,1,0,0,0,0,1
2,0,0,0,0,0,0,0,0,0,0,0,0,0,0,0,0,1,15,2,0,0,0,0,0,0,0,0,0,0,0,0,0,0,0,0,3,15,0,0,-1,-1,-1,-1,-1,-1,-1,-1,-1,-1,-1,-1,-1,-1,-1,-1,-1,-1,-1,-1,-1,-1,-1,-1,-1,-1,-1,-1,-1,-1,-1,-1,-1,-1,-1,-1,-1,-1,-1,-1,-1,-1,-1,-1,-1,-1,-1,-1,-1,-1,-1,-1,-1,-1,-1,-1,0,0.263384,0,13335,3684,332,2,2,1,28,1,3,0,0,0,0
7,0,2,6,0,3,0,1,0,0,0,0,0,0,0,0,0,1,213,1,0,0,0,0,0,0,0,0,0,0,0,0,0,0,0,0,7,20,0,0,4,0,1,6,0,1,0,0,0,0,0,0,0,0,0,0,0,166,0,0,0,0,0,0,0,0,0,0,0,0,0,0,0,0,0,0,2,0,1,0,0,2,0,1,0,0,0,0,0,0,0,0,0,27,0,1,0,0.300694,-1,12876,2389,167,1,2,1,3596,1,0,0,0,0,1
2,1,0,1,0,0,0,0,0,0,0,0,0,0,0,0,0,1,33,2,1,0,0,0,0,0,0,0,0,0,0,0,0,0,0,0,8,32,0,0,0,0,0,1,0,0,0,0,0,0,0,0,0,0,0,0,0,1,0,0,0,0,0,0,0,0,0,0,0,0,0,0,0,0,0,0,-1,-1,-1,-1,-1,-1,-1,-1,-1,-1,-1,-1,-1,-1,-1,-1,-1,-1,-1,-1,0,0.355014,0,15169,-1,-1,1,4,0,244,1,0,0,0,0,1
1,0,0,0,0,0,0,0,0,0,0,0,0,0,0,0,0,1,16,1,0,0,0,0,0,0,0,0,0,0,0,0,0,0,0,0,5,16,0,0,-1,-1,-1,-1,-1,-1,-1,-1,-1,-1,-1,-1,-1,-1,-1,-1,-1,-1,-1,-1,-1,-1,-1,-1,-1,-1,-1,-1,-1,-1,-1,-1,-1,-1,-1,-1,-1,-1,-1,-1,-1,-1,-1,-1,-1,-1,-1,-1,-1,-1,-1,-1,-1,-1,-1,-1,0,-1.0,0,9370,4540,207,1,2,1,14381,0,0,0,0,0,0
1,0,0,2,0,0,4,2,2,0,0,0,0,2,0,6,16,1,80,1,0,0,0,0,0,0,0,0,0,0,0,0,0,0,0,0,1,10,0,0,0,0,0,2,0,0,4,2,2,0,0,0,0,2,0,6,16,70,0,0,0,0,0,0,0,0,0,0,0,0,0,0,0,0,0,0,-1,-1,-1,-1,-1,-1,-1,-1,-1,-1,-1,-1,-1,-1,-1,-1,-1,-1,-1,-1,0,1.040184,1,46606,5000,477,1,2,5,14378,1,0,0,0,0,1
2,0,0,3,0,0,0,0,0,0,0,0,0,0,0,0,0,1,61,2,0,0,0,0,0,0,0,0,0,0,0,0,0,0,0,0,3,17,0,0,0,0,0,3,0,0,0,0,0,0,0,0,0,0,0,0,0,44,0,0,0,0,0,0,0,0,0,0,0,0,0,0,0,0,0,32,-1,-1,-1,-1,-1,-1,-1,-1,-1,-1,-1,-1,-1,-1,-1,-1,-1,-1,-1,-1,0,0.554307,1,3595,2975,310,1,2,1,8846,1,0,0,0,0,1
8,4,1,4,1,6,0,6,0,0,0,0,0,0,0,0,12,3,245,2,4,0,0,0,0,0,0,0,0,0,0,0,0,0,0,0,3,50,0,0,0,0,0,1,0,0,0,0,0,0,0,0,0,0,0,0,0,1,0,0,0,0,0,0,0,0,0,0,0,0,0,0,0,0,0,0,-1,-1,-1,-1,-1,-1,-1,-1,-1,-1,-1,-1,-1,-1,-1,-1,-1,-1,-1,-1,0,0.120765,0,14061,-1,-1,1,3,1,1624,1,0,0,0,0,1
3,0,0,3,0,0,0,0,0,0,0,0,0,0,0,0,0,1,41,2,0,0,0,0,0,0,0,0,0,0,0,0,0,0,0,0,3,15,0,0,1,0,0,3,0,0,0,0,0,0,0,0,0,0,0,0,0,26,1,0,0,0,0,0,0,0,0,0,0,0,0,0,0,0,0,11,-1,-1,-1,-1,-1,-1,-1,-1,-1,-1,-1,-1,-1,-1,-1,-1,-1,-1,-1,-1,0,0.15392899999999998,0,8308,937,-1,1,2,1,14392,0,0,0,0,0,1
1,1,0,0,0,0,0,0,0,0,0,0,0,0,0,0,0,1,12,1,1,0,0,0,0,0,0,0,0,0,0,0,0,0,0,0,3,12,0,0,-1,-1,-1,-1,-1,-1,-1,-1,-1,-1,-1,-1,-1,-1,-1,-1,-1,-1,-1,-1,-1,-1,-1,-1,-1,-1,-1,-1,-1,-1,-1,-1,-1,-1,-1,-1,-1,-1,-1,-1,-1,-1,-1,-1,-1,-1,-1,-1,-1,-1,-1,-1,-1,-1,-1,-1,0,-1.0,0,-1,-1,-1,-1,4,0,-1,0,-1,0,0,0,0
1,0,0,1,0,0,0,0,0,0,0,0,0,0,0,0,0,1,18,1,0,0,0,0,0,0,0,0,0,0,0,0,0,0,0,0,7,17,0,0,0,0,0,1,0,0,0,0,0,0,0,0,0,0,0,0,0,1,0,0,0,0,0,0,0,0,0,0,0,0,0,0,0,0,0,0,-1,-1,-1,-1,-1,-1,-1,-1,-1,-1,-1,-1,-1,-1,-1,-1,-1,-1,-1,-1,0,6.748703999999999,-1,-1,2548,8,1,2,1,14383,0,1,0,0,0,0
3,0,0,4,0,0,0,0,0,0,0,0,0,0,0,0,0,1,60,2,0,0,0,0,0,0,0,0,0,0,0,0,0,0,0,0,13,33,0,0,1,0,0,4,0,0,0,0,0,0,0,0,0,0,0,0,0,27,1,0,0,0,0,0,0,0,0,0,0,0,0,0,0,0,0,12,-1,-1,-1,-1,-1,-1,-1,-1,-1,-1,-1,-1,-1,-1,-1,-1,-1,-1,-1,-1,0,0.988703,1,20013,1648,177,1,2,1,5303,1,0,0,0,0,1
2,0,0,3,0,0,0,0,0,0,0,0,0,0,0,0,0,1,37,2,0,0,0,0,0,0,0,0,0,0,0,0,0,0,0,0,5,17,0,0,0,0,0,3,0,0,0,0,0,0,0,0,0,0,0,0,0,20,0,0,0,0,0,0,0,0,0,0,0,0,0,0,0,0,0,0,-1,-1,-1,-1,-1,-1,-1,-1,-1,-1,-1,-1,-1,-1,-1,-1,-1,-1,-1,-1,0,0.506373,0,8075,2984,668,1,2,1,3592,0,1,0,0,0,1
1,3,0,2,0,0,0,0,0,0,0,0,0,0,0,0,0,1,36,1,2,0,0,0,0,0,0,0,0,0,0,0,0,0,0,0,2,11,0,0,0,1,0,2,0,0,0,0,0,0,0,0,0,0,0,0,0,25,0,0,0,0,0,0,0,0,0,0,0,0,0,0,0,0,0,6,-1,-1,-1,-1,-1,-1,-1,-1,-1,-1,-1,-1,-1,-1,-1,-1,-1,-1,-1,-1,0,0.360661,1,26496,1687,503,1,2,1,10774,0,1,0,0,0,1
3,0,0,5,0,1,0,0,0,0,0,0,0,0,0,0,1,1,101,1,0,0,0,0,0,0,0,0,0,0,0,0,0,0,0,0,7,27,0,0,1,0,0,5,0,0,0,0,0,0,0,0,0,0,0,0,1,41,1,0,0,0,0,0,0,0,0,0,0,0,0,0,0,0,0,7,1,0,0,0,0,1,0,0,0,0,0,0,0,0,0,0,0,33,0,1,0,0.423323,0,53755,2937,349,1,2,1,7183,0,0,0,0,0,1
3,0,3,1,0,3,0,2,0,0,0,0,0,0,0,0,0,1,65,2,0,0,0,0,0,0,0,0,0,0,0,0,0,0,0,0,2,12,0,0,1,0,0,1,0,0,0,0,0,0,0,0,0,0,0,0,0,11,1,0,0,0,0,0,0,0,0,0,0,0,0,0,0,0,0,10,0,0,3,0,0,3,0,2,0,0,0,0,0,0,0,0,0,42,0,3,0,0.360041,0,26496,5831,377,1,2,0,575,0,2,0,0,0,0
1,1,0,3,0,0,0,0,0,0,0,0,0,0,0,0,0,1,58,1,0,0,0,0,0,0,0,0,0,0,0,0,0,0,0,0,6,17,0,0,0,1,0,3,0,0,0,0,0,0,0,0,0,0,0,0,0,41,0,0,0,0,0,0,0,0,0,0,0,0,0,0,0,0,0,0,-1,-1,-1,-1,-1,-1,-1,-1,-1,-1,-1,-1,-1,-1,-1,-1,-1,-1,-1,-1,0,2.1068580000000003,-1,18229,658,71,1,2,1,14277,0,0,0,0,0,1
4,1,2,8,0,0,0,0,0,0,1,0,0,0,0,0,0,1,71,2,0,0,0,0,0,0,0,0,0,0,0,0,0,0,0,0,1,17,0,0,2,1,2,8,0,0,0,0,0,0,1,0,0,0,0,0,0,49,0,0,0,0,0,0,0,0,0,0,0,0,0,0,0,0,0,0,0,0,0,0,0,0,0,0,0,0,0,0,0,0,0,0,0,5,0,0,0,0.505455,-1,19905,-1,-1,1,2,0,299,0,0,0,0,0,1
2,0,0,4,0,0,0,0,0,0,0,0,0,0,0,0,0,1,39,2,0,0,0,0,0,0,0,0,0,0,0,0,0,0,0,0,6,17,0,0,0,0,0,4,0,0,0,0,0,0,0,0,0,0,0,0,0,22,0,0,0,0,0,0,0,0,0,0,0,0,0,0,0,0,0,0,-1,-1,-1,-1,-1,-1,-1,-1,-1,-1,-1,-1,-1,-1,-1,-1,-1,-1,-1,-1,0,0.711133,1,46606,2875,46,1,2,1,4211,0,0,0,0,0,1
1,0,0,2,0,0,0,0,0,0,0,0,0,0,0,0,0,1,21,1,0,0,0,0,0,0,0,0,0,0,0,0,0,0,0,0,6,13,0,0,0,0,0,2,0,0,0,0,0,0,0,0,0,0,0,0,0,8,0,0,0,0,0,0,0,0,0,0,0,0,0,0,0,0,0,0,-1,-1,-1,-1,-1,-1,-1,-1,-1,-1,-1,-1,-1,-1,-1,-1,-1,-1,-1,-1,0,0.390389,-1,25535,2780,141,1,3,3,3592,0,0,0,0,0,1
2,5,0,5,0,1,0,0,0,0,0,0,0,0,0,0,0,1,76,2,0,0,0,0,0,0,0,0,0,0,0,0,0,0,0,0,6,20,0,0,0,5,0,5,0,0,0,0,0,0,0,0,0,0,0,0,0,42,0,0,0,0,0,0,0,0,0,0,0,0,0,0,0,0,0,0,0,0,0,0,0,1,0,0,0,0,0,0,0,0,0,0,0,14,0,1,0,0.477127,0,2635,-1,-1,2,4,1,281,1,0,0,0,0,1
1,0,0,3,0,0,0,0,0,0,0,0,0,0,0,0,0,1,56,1,0,0,0,0,0,0,0,0,0,0,0,0,0,0,0,0,8,17,0,0,0,0,0,3,0,0,0,0,0,0,0,0,0,0,0,0,0,39,0,0,0,0,0,0,0,0,0,0,0,0,0,0,0,0,0,0,-1,-1,-1,-1,-1,-1,-1,-1,-1,-1,-1,-1,-1,-1,-1,-1,-1,-1,-1,-1,0,0.203519,-1,57152,449,280,1,3,1,14391,0,0,0,0,0,1
4,0,0,5,0,0,0,0,0,0,0,0,0,0,0,0,0,2,48,2,0,0,0,0,0,0,0,0,0,0,0,0,0,0,0,0,1,15,0,0,0,0,0,2,0,0,0,0,0,0,0,0,0,0,0,0,0,8,0,0,0,0,0,0,0,0,0,0,0,0,0,0,0,0,0,0,2,0,0,3,0,0,0,0,0,0,0,0,0,0,0,0,0,25,1,0,0,0.759456,0,23650,2600,321,1,2,0,579,0,0,0,0,0,1
2,0,0,2,0,0,0,0,0,0,0,0,0,0,0,0,0,1,27,2,0,0,0,0,0,0,0,0,0,0,0,0,0,0,0,0,7,16,0,0,0,0,0,2,0,0,0,0,0,0,0,0,0,0,0,0,0,11,0,0,0,0,0,0,0,0,0,0,0,0,0,0,0,0,0,5,-1,-1,-1,-1,-1,-1,-1,-1,-1,-1,-1,-1,-1,-1,-1,-1,-1,-1,-1,-1,0,0.031243,0,43821,-1,-1,1,3,2,514,1,1,0,0,0,0
3,0,0,5,0,0,0,0,0,0,0,0,0,0,0,0,0,1,59,2,0,0,0,0,0,0,0,0,0,0,0,0,0,0,0,0,7,24,0,0,1,0,0,5,0,0,0,0,0,0,0,0,0,0,0,0,0,35,1,0,0,0,0,0,0,0,0,0,0,0,0,0,0,0,0,10,-1,-1,-1,-1,-1,-1,-1,-1,-1,-1,-1,-1,-1,-1,-1,-1,-1,-1,-1,-1,0,1.664799,0,13335,1327,133,2,2,1,298,0,0,0,0,0,1
1,1,0,1,0,0,0,0,0,0,0,0,0,0,0,0,0,1,14,1,1,0,0,0,0,0,0,0,0,0,0,0,0,0,0,0,2,13,0,0,0,0,0,1,0,0,0,0,0,0,0,0,0,0,0,0,0,1,0,0,0,0,0,0,0,0,0,0,0,0,0,0,0,0,0,0,-1,-1,-1,-1,-1,-1,-1,-1,-1,-1,-1,-1,-1,-1,-1,-1,-1,-1,-1,-1,0,1.224032,0,31624,-1,-1,1,4,1,292,0,0,0,0,0,1
1,0,0,1,0,0,0,0,0,0,0,0,0,0,0,0,0,1,19,1,0,0,0,0,0,0,0,0,0,0,0,0,0,0,0,0,8,18,0,0,0,0,0,1,0,0,0,0,0,0,0,0,0,0,0,0,0,1,0,0,0,0,0,0,0,0,0,0,0,0,0,0,0,0,0,0,-1,-1,-1,-1,-1,-1,-1,-1,-1,-1,-1,-1,-1,-1,-1,-1,-1,-1,-1,-1,0,0.382368,0,24446,12,352,1,2,1,13012,1,1,0,0,0,1
3,1,0,3,0,0,0,0,0,0,0,0,0,0,0,0,0,1,45,1,1,0,0,0,0,0,0,0,0,0,0,0,0,0,0,0,5,17,0,0,2,0,0,3,0,0,0,0,0,0,0,0,0,0,0,0,0,28,1,0,0,0,0,0,0,0,0,0,0,0,0,0,0,0,0,14,-1,-1,-1,-1,-1,-1,-1,-1,-1,-1,-1,-1,-1,-1,-1,-1,-1,-1,-1,-1,0,0.879129,-1,23352,2696,225,1,2,5,14391,0,0,0,0,0,1
1,0,0,0,0,0,0,0,0,0,0,0,0,0,0,0,0,1,11,1,0,0,0,0,0,0,0,0,0,0,0,0,0,0,0,0,3,11,0,0,-1,-1,-1,-1,-1,-1,-1,-1,-1,-1,-1,-1,-1,-1,-1,-1,-1,-1,-1,-1,-1,-1,-1,-1,-1,-1,-1,-1,-1,-1,-1,-1,-1,-1,-1,-1,-1,-1,-1,-1,-1,-1,-1,-1,-1,-1,-1,-1,-1,-1,-1,-1,-1,-1,-1,-1,0,0.169797,0,20940,393,336,6,4,0,219,0,0,0,0,0,0
5,0,0,3,0,1,1,0,0,0,0,0,0,0,0,0,0,3,72,2,0,0,0,0,0,0,0,0,0,0,0,0,0,0,0,0,5,17,0,0,2,0,0,3,0,0,0,0,0,0,0,0,0,0,0,0,0,31,1,0,0,0,0,0,0,0,0,0,0,0,0,0,0,0,0,9,1,0,0,0,0,1,1,0,0,0,0,0,0,0,0,0,0,24,1,1,1,1.2279209999999998,-1,197343,810,284,1,2,1,3608,0,0,0,0,0,1
2,0,0,0,0,0,0,0,0,0,0,0,0,0,0,0,0,1,20,2,0,0,0,0,0,0,0,0,0,0,0,0,0,0,0,0,4,20,0,0,-1,-1,-1,-1,-1,-1,-1,-1,-1,-1,-1,-1,-1,-1,-1,-1,-1,-1,-1,-1,-1,-1,-1,-1,-1,-1,-1,-1,-1,-1,-1,-1,-1,-1,-1,-1,-1,-1,-1,-1,-1,-1,-1,-1,-1,-1,-1,-1,-1,-1,-1,-1,-1,-1,-1,-1,0,0.504243,0,29208,5285,192,1,2,1,21597,0,0,0,0,0,0
3,0,0,2,0,0,0,0,0,0,0,0,0,0,0,0,0,1,22,3,0,0,0,0,0,0,0,0,0,0,0,0,0,0,0,0,3,17,0,0,0,0,0,2,0,0,0,0,0,0,0,0,0,0,0,0,0,5,0,0,0,0,0,0,0,0,0,0,0,0,0,0,0,0,0,0,-1,-1,-1,-1,-1,-1,-1,-1,-1,-1,-1,-1,-1,-1,-1,-1,-1,-1,-1,-1,0,1.919468,0,24158,4235,147,1,2,0,296,1,0,0,0,0,0
2,0,0,0,0,0,0,0,0,0,0,0,0,0,0,0,0,1,20,2,0,0,0,0,0,0,0,0,0,0,0,0,0,0,0,0,6,20,0,0,-1,-1,-1,-1,-1,-1,-1,-1,-1,-1,-1,-1,-1,-1,-1,-1,-1,-1,-1,-1,-1,-1,-1,-1,-1,-1,-1,-1,-1,-1,-1,-1,-1,-1,-1,-1,-1,-1,-1,-1,-1,-1,-1,-1,-1,-1,-1,-1,-1,-1,-1,-1,-1,-1,-1,-1,0,-1.0,0,-1,-1,-1,-1,4,0,-1,0,-1,0,0,0,0
3,0,0,0,0,0,0,0,0,0,0,0,0,0,0,0,0,1,16,3,0,0,0,0,0,0,0,0,0,0,0,0,0,0,0,0,5,16,0,0,-1,-1,-1,-1,-1,-1,-1,-1,-1,-1,-1,-1,-1,-1,-1,-1,-1,-1,-1,-1,-1,-1,-1,-1,-1,-1,-1,-1,-1,-1,-1,-1,-1,-1,-1,-1,-1,-1,-1,-1,-1,-1,-1,-1,-1,-1,-1,-1,-1,-1,-1,-1,-1,-1,-1,-1,0,4.224434,0,15169,-1,-1,1,4,5,298,1,0,0,0,0,0
3,0,0,4,0,2,0,1,0,0,0,0,0,0,0,0,0,1,68,2,0,0,0,0,0,0,0,0,0,0,0,0,0,0,0,0,8,21,0,0,1,0,0,4,0,0,0,0,0,0,0,0,0,0,0,0,0,26,1,0,0,0,0,0,0,0,0,0,0,0,0,0,0,0,0,14,0,0,0,0,0,2,0,1,0,0,0,0,0,0,0,0,0,21,0,1,0,0.225906,1,46606,986,109,1,2,1,14377,0,1,0,0,0,1
2,0,0,0,0,0,0,0,0,0,0,0,0,0,0,0,0,1,16,2,0,0,0,0,0,0,0,0,0,0,0,0,0,0,0,0,3,16,0,0,-1,-1,-1,-1,-1,-1,-1,-1,-1,-1,-1,-1,-1,-1,-1,-1,-1,-1,-1,-1,-1,-1,-1,-1,-1,-1,-1,-1,-1,-1,-1,-1,-1,-1,-1,-1,-1,-1,-1,-1,-1,-1,-1,-1,-1,-1,-1,-1,-1,-1,-1,-1,-1,-1,-1,-1,0,2.629416,0,131447,5449,29,1,2,5,592,0,0,0,0,0,0
5,0,0,4,0,1,0,0,0,0,0,0,0,0,0,0,0,2,48,1,0,0,0,0,0,0,0,0,0,0,0,0,0,0,0,0,5,14,0,0,4,0,0,4,0,1,0,0,0,0,0,0,0,0,0,0,0,34,0,0,0,0,0,0,0,0,0,0,0,0,0,0,0,0,0,0,-1,-1,-1,-1,-1,-1,-1,-1,-1,-1,-1,-1,-1,-1,-1,-1,-1,-1,-1,-1,0,1.160501,-1,9891,726,3,1,2,1,4481,0,0,0,0,0,1
2,0,0,1,0,0,0,0,0,0,0,0,0,0,0,0,0,1,27,2,0,0,0,0,0,0,0,0,0,0,0,0,0,0,0,0,7,26,0,0,0,0,0,1,0,0,0,0,0,0,0,0,0,0,0,0,0,1,0,0,0,0,0,0,0,0,0,0,0,0,0,0,0,0,0,0,-1,-1,-1,-1,-1,-1,-1,-1,-1,-1,-1,-1,-1,-1,-1,-1,-1,-1,-1,-1,0,0.174181,0,15169,-1,-1,1,4,0,61,1,0,0,0,0,1
3,0,0,1,0,0,0,0,0,0,0,0,0,0,0,0,0,1,16,3,0,0,0,0,0,0,0,0,0,0,0,0,0,0,0,0,3,15,0,0,0,0,0,1,0,0,0,0,0,0,0,0,0,0,0,0,0,1,0,0,0,0,0,0,0,0,0,0,0,0,0,0,0,0,0,0,-1,-1,-1,-1,-1,-1,-1,-1,-1,-1,-1,-1,-1,-1,-1,-1,-1,-1,-1,-1,0,0.8382629999999999,0,16276,163,201,1,2,1,260,1,0,0,0,0,0
1,0,0,1,0,1,0,1,0,0,0,0,0,0,0,0,0,1,22,1,0,0,0,0,0,0,0,0,0,0,0,0,0,0,0,0,4,9,0,0,0,0,0,1,0,0,0,0,0,0,0,0,0,0,0,0,0,1,0,0,0,0,0,0,0,0,0,0,0,0,0,0,0,0,0,0,0,0,0,0,0,1,0,1,0,0,0,0,0,0,0,0,0,12,0,0,0,0.919042,0,-1,430,299,1,2,0,3591,0,0,0,0,0,1
2,0,0,0,0,0,0,0,0,0,0,0,0,0,0,0,0,1,17,2,0,0,0,0,0,0,0,0,0,0,0,0,0,0,0,0,5,17,0,0,-1,-1,-1,-1,-1,-1,-1,-1,-1,-1,-1,-1,-1,-1,-1,-1,-1,-1,-1,-1,-1,-1,-1,-1,-1,-1,-1,-1,-1,-1,-1,-1,-1,-1,-1,-1,-1,-1,-1,-1,-1,-1,-1,-1,-1,-1,-1,-1,-1,-1,-1,-1,-1,-1,-1,-1,0,0.358034,0,16276,3208,443,1,2,1,7198,0,0,0,0,0,0
2,0,0,2,0,0,0,0,0,0,0,0,0,0,0,0,0,1,26,1,0,0,0,0,0,0,0,0,0,0,0,0,0,0,0,0,3,10,0,0,1,0,0,2,0,0,0,0,0,0,0,0,0,0,0,0,0,16,1,0,0,0,0,0,0,0,0,0,0,0,0,0,0,0,0,9,-1,-1,-1,-1,-1,-1,-1,-1,-1,-1,-1,-1,-1,-1,-1,-1,-1,-1,-1,-1,0,1.12566,0,40244,598,131,1,2,1,14389,1,0,0,0,0,1
7,1,5,5,1,7,0,5,0,0,0,0,0,0,0,0,2,2,227,4,0,0,0,0,0,0,0,0,0,0,0,0,0,0,0,0,6,25,0,0,0,0,0,1,0,0,0,0,0,0,0,0,0,0,0,0,0,1,0,0,0,0,0,0,0,0,0,0,0,0,0,0,0,0,0,0,3,1,5,4,1,7,0,5,0,0,0,0,0,0,0,0,2,201,1,6,0,0.586151,0,7162,8162,1698,1,3,1,43,1,2,0,0,0,1
2,0,1,3,0,3,0,2,0,0,0,0,0,0,0,0,0,1,238,1,0,0,0,0,0,0,0,0,0,0,0,0,0,0,0,0,11,28,0,0,1,0,0,3,0,0,0,0,0,0,0,0,0,0,0,0,0,45,1,0,0,0,0,0,0,0,0,0,0,0,0,0,0,0,0,9,0,0,1,0,0,3,0,2,0,0,0,0,0,0,0,0,0,165,0,3,0,0.894911,0,20013,967,493,1,2,2,404,1,0,0,0,0,1
2,0,0,3,0,0,0,0,0,0,0,0,0,0,0,0,0,1,46,2,0,0,0,0,0,0,0,0,0,0,0,0,0,0,0,0,9,28,0,0,0,0,0,3,0,0,0,0,0,0,0,0,0,0,0,0,0,18,0,0,0,0,0,0,0,0,0,0,0,0,0,0,0,0,0,2,-1,-1,-1,-1,-1,-1,-1,-1,-1,-1,-1,-1,-1,-1,-1,-1,-1,-1,-1,-1,0,0.239771,0,55053,-1,-1,1,2,1,2698,1,0,0,0,0,0
4,0,0,0,0,0,0,0,0,0,0,0,0,0,0,0,0,1,26,4,0,0,0,0,0,0,0,0,0,0,0,0,0,0,0,0,6,26,0,0,-1,-1,-1,-1,-1,-1,-1,-1,-1,-1,-1,-1,-1,-1,-1,-1,-1,-1,-1,-1,-1,-1,-1,-1,-1,-1,-1,-1,-1,-1,-1,-1,-1,-1,-1,-1,-1,-1,-1,-1,-1,-1,-1,-1,-1,-1,-1,-1,-1,-1,-1,-1,-1,-1,-1,-1,0,3.038362,0,8075,8469,-1,1,2,1,21582,0,0,0,0,0,0
1,0,0,2,0,0,0,0,0,0,0,0,0,0,0,0,0,1,25,1,0,0,0,0,0,0,0,0,0,0,0,0,0,0,0,0,6,19,0,0,0,0,0,2,0,0,0,0,0,0,0,0,0,0,0,0,0,6,0,0,0,0,0,0,0,0,0,0,0,0,0,0,0,0,0,0,-1,-1,-1,-1,-1,-1,-1,-1,-1,-1,-1,-1,-1,-1,-1,-1,-1,-1,-1,-1,0,0.902382,0,24961,315,49,1,4,2,21590,0,0,0,0,0,1
3,0,1,5,0,0,0,0,0,0,1,0,0,0,0,0,0,1,62,3,0,0,0,0,0,0,0,0,0,0,0,0,0,0,0,0,10,28,0,0,0,0,1,5,0,0,0,0,0,0,1,0,0,0,0,0,0,34,0,0,0,0,0,0,0,0,0,0,0,0,0,0,0,0,0,0,-1,-1,-1,-1,-1,-1,-1,-1,-1,-1,-1,-1,-1,-1,-1,-1,-1,-1,-1,-1,0,0.684509,-1,9280,-1,-1,1,2,2,3591,1,0,0,0,0,1
2,0,0,1,0,0,0,0,0,0,0,0,0,0,0,0,0,1,16,2,0,0,0,0,0,0,0,0,0,0,0,0,0,0,0,0,5,15,0,0,0,0,0,1,0,0,0,0,0,0,0,0,0,0,0,0,0,1,0,0,0,0,0,0,0,0,0,0,0,0,0,0,0,0,0,0,-1,-1,-1,-1,-1,-1,-1,-1,-1,-1,-1,-1,-1,-1,-1,-1,-1,-1,-1,-1,0,0.261178,0,47583,-1,-1,1,4,1,14391,0,1,0,0,0,1
3,1,0,5,0,0,0,0,0,0,0,0,0,0,0,0,0,1,60,2,0,0,0,0,0,0,0,0,0,0,0,0,0,0,0,0,6,23,0,0,1,1,0,5,0,0,0,0,0,0,0,0,0,0,0,0,0,37,1,0,0,0,0,0,0,0,0,0,0,0,0,0,0,0,0,8,-1,-1,-1,-1,-1,-1,-1,-1,-1,-1,-1,-1,-1,-1,-1,-1,-1,-1,-1,-1,0,1.44826,1,46606,1252,208,1,2,1,599,1,0,0,0,0,1
2,0,0,3,0,0,0,0,0,0,0,0,0,0,0,0,0,1,40,2,0,0,0,0,0,0,0,0,0,0,0,0,0,0,0,0,6,16,0,0,0,0,0,3,0,0,0,0,0,0,0,0,0,0,0,0,0,24,0,0,0,0,0,0,0,0,0,0,0,0,0,0,0,0,0,0,-1,-1,-1,-1,-1,-1,-1,-1,-1,-1,-1,-1,-1,-1,-1,-1,-1,-1,-1,-1,0,0.180304,0,15169,-1,-1,1,4,5,292,1,0,0,0,0,1
2,0,0,0,0,0,0,0,0,0,0,0,0,0,0,0,0,1,23,2,0,0,0,0,0,0,0,0,0,0,0,0,0,0,0,0,8,23,0,0,-1,-1,-1,-1,-1,-1,-1,-1,-1,-1,-1,-1,-1,-1,-1,-1,-1,-1,-1,-1,-1,-1,-1,-1,-1,-1,-1,-1,-1,-1,-1,-1,-1,-1,-1,-1,-1,-1,-1,-1,-1,-1,-1,-1,-1,-1,-1,-1,-1,-1,-1,-1,-1,-1,-1,-1,0,-1.0,0,-1,-1,-1,-1,4,0,-1,0,-1,0,0,0,0
1,1,0,7,0,0,0,0,0,0,0,0,0,0,0,0,0,1,84,1,0,0,0,0,0,0,0,0,0,0,0,0,0,0,0,0,2,15,0,0,0,1,0,7,0,0,0,0,0,0,0,0,0,0,0,0,0,69,0,0,0,0,0,0,0,0,0,0,0,0,0,0,0,0,0,0,-1,-1,-1,-1,-1,-1,-1,-1,-1,-1,-1,-1,-1,-1,-1,-1,-1,-1,-1,-1,0,1.6951459999999998,0,55660,371,358,1,2,1,7299,0,0,0,0,0,1
2,0,0,1,0,0,0,0,0,0,0,0,0,0,0,0,0,1,34,2,0,0,0,0,0,0,0,0,0,0,0,0,0,0,0,0,11,33,0,0,0,0,0,1,0,0,0,0,0,0,0,0,0,0,0,0,0,1,0,0,0,0,0,0,0,0,0,0,0,0,0,0,0,0,0,0,-1,-1,-1,-1,-1,-1,-1,-1,-1,-1,-1,-1,-1,-1,-1,-1,-1,-1,-1,-1,0,0.30453600000000003,0,47583,-1,-1,1,1,1,51,1,0,0,0,0,1
2,0,0,1,0,0,0,0,0,0,0,0,0,0,0,0,0,1,35,2,0,0,0,0,0,0,0,0,0,0,0,0,0,0,0,0,8,28,0,0,0,0,0,1,0,0,0,0,0,0,0,0,0,0,0,0,0,7,0,0,0,0,0,0,0,0,0,0,0,0,0,0,0,0,0,6,-1,-1,-1,-1,-1,-1,-1,-1,-1,-1,-1,-1,-1,-1,-1,-1,-1,-1,-1,-1,0,0.258618,0,16509,-1,-1,2,4,4,52,1,0,0,0,0,1
1,0,0,3,0,0,0,0,0,0,0,0,0,0,0,0,0,1,21,1,0,0,0,0,0,0,0,0,0,0,0,0,0,0,0,0,4,11,0,0,0,0,0,3,0,0,0,0,0,0,0,0,0,0,0,0,0,10,0,0,0,0,0,0,0,0,0,0,0,0,0,0,0,0,0,0,-1,-1,-1,-1,-1,-1,-1,-1,-1,-1,-1,-1,-1,-1,-1,-1,-1,-1,-1,-1,0,-1.0,0,-1,-1,-1,-1,4,0,-1,0,-1,0,0,0,0
3,0,0,0,0,0,0,0,0,0,0,0,0,0,0,0,0,1,15,3,0,0,0,0,0,0,0,0,0,0,0,0,0,0,0,0,4,15,0,0,-1,-1,-1,-1,-1,-1,-1,-1,-1,-1,-1,-1,-1,-1,-1,-1,-1,-1,-1,-1,-1,-1,-1,-1,-1,-1,-1,-1,-1,-1,-1,-1,-1,-1,-1,-1,-1,-1,-1,-1,-1,-1,-1,-1,-1,-1,-1,-1,-1,-1,-1,-1,-1,-1,-1,-1,0,1.293133,0,3786,-1,-1,1,2,2,3585,0,0,0,0,0,0
2,0,0,3,0,0,0,0,0,0,0,0,0,0,0,0,0,1,27,1,0,0,0,0,0,0,0,0,0,0,0,0,0,0,0,0,3,11,0,0,1,0,0,3,0,0,0,0,0,0,0,0,0,0,0,0,0,16,1,0,0,0,0,0,0,0,0,0,0,0,0,0,0,0,0,9,-1,-1,-1,-1,-1,-1,-1,-1,-1,-1,-1,-1,-1,-1,-1,-1,-1,-1,-1,-1,0,1.169423,-1,20013,2689,598,1,2,2,3590,1,0,0,0,0,1
4,1,0,1,0,0,0,0,0,0,0,0,0,0,0,0,0,1,41,3,0,0,0,0,0,0,0,0,0,0,0,0,0,0,0,0,5,22,0,0,1,1,0,1,0,0,0,0,0,0,0,0,0,0,0,0,0,19,1,1,0,0,0,0,0,0,0,0,0,0,0,0,0,0,0,18,-1,-1,-1,-1,-1,-1,-1,-1,-1,-1,-1,-1,-1,-1,-1,-1,-1,-1,-1,-1,0,0.217217,0,174,992,468,1,2,2,597,1,1,0,0,0,1
2,0,0,3,0,0,0,0,0,0,0,0,0,0,0,0,0,1,41,2,0,0,0,0,0,0,0,0,0,0,0,0,0,0,0,0,6,16,0,0,0,0,0,3,0,0,0,0,0,0,0,0,0,0,0,0,0,25,0,0,0,0,0,0,0,0,0,0,0,0,0,0,0,0,0,0,-1,-1,-1,-1,-1,-1,-1,-1,-1,-1,-1,-1,-1,-1,-1,-1,-1,-1,-1,-1,0,0.251024,0,15169,-1,-1,1,4,5,189,1,0,0,0,0,1
2,1,0,0,0,0,0,0,0,0,0,0,0,0,0,0,0,1,19,2,1,0,0,0,0,0,0,0,0,0,0,0,0,0,0,0,5,19,0,0,-1,-1,-1,-1,-1,-1,-1,-1,-1,-1,-1,-1,-1,-1,-1,-1,-1,-1,-1,-1,-1,-1,-1,-1,-1,-1,-1,-1,-1,-1,-1,-1,-1,-1,-1,-1,-1,-1,-1,-1,-1,-1,-1,-1,-1,-1,-1,-1,-1,-1,-1,-1,-1,-1,-1,-1,0,-1.0,0,-1,-1,-1,-1,4,0,-1,0,-1,0,0,0,0
9,1,0,5,0,7,1,6,0,0,0,0,0,0,0,0,2,3,199,2,0,0,0,0,0,0,0,0,0,0,0,0,0,0,0,0,2,13,0,0,5,0,0,5,0,0,0,0,0,0,0,0,0,0,0,0,0,64,3,0,0,0,0,0,0,0,0,0,0,0,0,0,0,0,0,21,2,1,0,0,0,7,1,6,0,0,0,0,0,0,0,0,2,122,1,7,1,10.270097,1,22612,1637,188,1,2,2,1197,0,0,0,0,0,1
3,4,0,1,0,0,0,0,0,0,0,0,0,0,0,0,0,2,55,2,1,0,0,0,0,0,0,0,0,0,0,0,0,0,0,0,5,19,0,0,1,3,0,1,0,0,0,0,0,0,0,0,0,0,0,0,0,36,1,3,0,0,0,0,0,0,0,0,0,0,0,0,0,0,0,35,-1,-1,-1,-1,-1,-1,-1,-1,-1,-1,-1,-1,-1,-1,-1,-1,-1,-1,-1,-1,0,6.631287,-1,32475,1878,312,1,2,1,14387,1,0,0,0,0,1
3,1,0,3,0,0,0,0,0,0,0,0,0,0,0,0,0,1,41,2,0,0,0,0,0,0,0,0,0,0,0,0,0,0,0,0,5,19,0,0,1,1,0,3,0,0,0,0,0,0,0,0,0,0,0,0,0,22,1,0,0,0,0,0,0,0,0,0,0,0,0,0,0,0,0,7,-1,-1,-1,-1,-1,-1,-1,-1,-1,-1,-1,-1,-1,-1,-1,-1,-1,-1,-1,-1,0,6.96195,0,12824,1416,44,1,3,1,3271,0,0,0,0,0,1
2,0,0,0,0,0,0,0,0,0,0,0,0,0,0,0,0,1,21,2,0,0,0,0,0,0,0,0,0,0,0,0,0,0,0,0,5,21,0,0,-1,-1,-1,-1,-1,-1,-1,-1,-1,-1,-1,-1,-1,-1,-1,-1,-1,-1,-1,-1,-1,-1,-1,-1,-1,-1,-1,-1,-1,-1,-1,-1,-1,-1,-1,-1,-1,-1,-1,-1,-1,-1,-1,-1,-1,-1,-1,-1,-1,-1,-1,-1,-1,-1,-1,-1,0,0.799098,0,15169,3193,824,1,4,0,291,1,1,0,0,0,0
3,0,0,0,0,0,0,0,0,0,0,0,0,0,0,0,0,1,14,3,0,0,0,0,0,0,0,0,0,0,0,0,0,0,0,0,3,14,0,0,-1,-1,-1,-1,-1,-1,-1,-1,-1,-1,-1,-1,-1,-1,-1,-1,-1,-1,-1,-1,-1,-1,-1,-1,-1,-1,-1,-1,-1,-1,-1,-1,-1,-1,-1,-1,-1,-1,-1,-1,-1,-1,-1,-1,-1,-1,-1,-1,-1,-1,-1,-1,-1,-1,-1,-1,0,1.661011,1,20013,-1,-1,1,2,1,6642,1,0,0,0,0,0
3,1,0,2,0,0,0,0,0,0,0,0,0,0,0,0,0,1,33,2,0,0,0,0,0,0,0,0,0,0,0,0,0,0,0,0,5,17,0,0,1,1,0,2,0,0,0,0,0,0,0,0,0,0,0,0,0,16,1,1,0,0,0,0,0,0,0,0,0,0,0,0,0,0,0,12,-1,-1,-1,-1,-1,-1,-1,-1,-1,-1,-1,-1,-1,-1,-1,-1,-1,-1,-1,-1,0,0.541158,0,13768,-1,-1,1,12,12,3582,1,0,0,0,0,1
3,0,0,5,0,0,0,0,0,0,0,0,0,0,0,0,0,1,43,2,0,0,0,0,0,0,0,0,0,0,0,0,0,0,0,0,1,11,0,0,1,0,0,5,0,0,0,0,0,0,0,0,0,0,0,0,0,32,1,0,0,0,0,0,0,0,0,0,0,0,0,0,0,0,0,9,-1,-1,-1,-1,-1,-1,-1,-1,-1,-1,-1,-1,-1,-1,-1,-1,-1,-1,-1,-1,0,0.298004,0,16509,8661,470,1,4,1,3599,1,1,0,0,0,0
1,0,0,0,0,0,0,0,0,0,0,0,0,0,0,0,0,1,16,1,0,0,0,0,0,0,0,0,0,0,0,0,0,0,0,0,6,16,0,0,-1,-1,-1,-1,-1,-1,-1,-1,-1,-1,-1,-1,-1,-1,-1,-1,-1,-1,-1,-1,-1,-1,-1,-1,-1,-1,-1,-1,-1,-1,-1,-1,-1,-1,-1,-1,-1,-1,-1,-1,-1,-1,-1,-1,-1,-1,-1,-1,-1,-1,-1,-1,-1,-1,-1,-1,0,-1.0,0,-1,-1,-1,-1,4,0,-1,0,-1,0,0,0,0
3,0,0,1,0,0,0,0,0,0,0,0,0,0,0,0,0,1,25,2,0,0,0,0,0,0,0,0,0,0,0,0,0,0,0,0,5,15,0,0,1,0,0,1,0,0,0,0,0,0,0,0,0,0,0,0,0,10,1,0,0,0,0,0,0,0,0,0,0,0,0,0,0,0,0,9,-1,-1,-1,-1,-1,-1,-1,-1,-1,-1,-1,-1,-1,-1,-1,-1,-1,-1,-1,-1,0,0.514794,0,6407,-1,-1,1,2,3,534,0,1,0,0,0,1
3,0,0,2,0,0,0,0,0,0,0,0,0,0,0,0,0,1,35,2,0,0,0,0,0,0,0,0,0,0,0,0,0,0,0,0,4,19,0,0,1,0,0,2,0,0,0,0,0,0,0,0,0,0,0,0,0,16,1,0,0,0,0,0,0,0,0,0,0,0,0,0,0,0,0,7,-1,-1,-1,-1,-1,-1,-1,-1,-1,-1,-1,-1,-1,-1,-1,-1,-1,-1,-1,-1,0,0.582829,1,23033,-1,-1,1,2,2,3647,1,0,0,0,0,1
3,0,0,2,0,0,0,0,0,0,0,0,0,0,0,0,0,1,30,2,0,0,0,0,0,0,0,0,0,0,0,0,0,0,0,0,4,15,0,0,1,0,0,2,0,0,0,0,0,0,0,0,0,0,0,0,0,15,1,0,0,0,0,0,0,0,0,0,0,0,0,0,0,0,0,9,-1,-1,-1,-1,-1,-1,-1,-1,-1,-1,-1,-1,-1,-1,-1,-1,-1,-1,-1,-1,0,0.245929,0,49467,5295,182,1,2,1,3597,0,0,0,0,0,1
1,0,0,1,0,0,0,0,0,0,0,0,0,0,0,0,0,1,11,1,0,0,0,0,0,0,0,0,0,0,0,0,0,0,0,0,3,10,0,0,0,0,0,1,0,0,0,0,0,0,0,0,0,0,0,0,0,1,0,0,0,0,0,0,0,0,0,0,0,0,0,0,0,0,0,0,-1,-1,-1,-1,-1,-1,-1,-1,-1,-1,-1,-1,-1,-1,-1,-1,-1,-1,-1,-1,0,-1.0,0,24940,4047,1431,1,5,0,21598,0,-1,0,0,0,0
3,0,0,1,0,0,0,0,0,0,0,0,0,0,0,0,0,1,29,2,0,0,0,0,0,0,0,0,0,0,0,0,0,0,0,0,3,13,0,0,1,0,0,1,0,0,0,0,0,0,0,0,0,0,0,0,0,16,1,0,0,0,0,0,0,0,0,0,0,0,0,0,0,0,0,15,-1,-1,-1,-1,-1,-1,-1,-1,-1,-1,-1,-1,-1,-1,-1,-1,-1,-1,-1,-1,0,2.227843,1,46606,6162,46,1,2,1,14371,1,0,0,0,0,0
2,0,0,2,0,0,0,0,0,0,0,0,0,0,0,0,0,1,31,1,0,0,0,0,0,0,0,0,0,0,0,0,0,0,0,0,7,18,0,0,1,0,0,2,0,0,0,0,0,0,0,0,0,0,0,0,0,13,1,0,0,0,0,0,0,0,0,0,0,0,0,0,0,0,0,6,-1,-1,-1,-1,-1,-1,-1,-1,-1,-1,-1,-1,-1,-1,-1,-1,-1,-1,-1,-1,0,9.207309,0,32787,1116,344,1,5,0,349,0,0,0,0,0,1
2,0,0,1,0,0,0,0,0,0,0,0,0,0,0,0,0,1,22,2,0,0,0,0,0,0,0,0,0,0,0,0,0,0,0,0,5,21,0,0,0,0,0,1,0,0,0,0,0,0,0,0,0,0,0,0,0,1,0,0,0,0,0,0,0,0,0,0,0,0,0,0,0,0,0,0,-1,-1,-1,-1,-1,-1,-1,-1,-1,-1,-1,-1,-1,-1,-1,-1,-1,-1,-1,-1,0,0.41435,0,13335,-1,-1,5,2,0,291,1,1,0,0,0,1
2,0,0,0,0,0,0,0,0,0,0,0,0,0,0,0,0,1,22,2,0,0,0,0,0,0,0,0,0,0,0,0,0,0,0,0,6,22,0,0,-1,-1,-1,-1,-1,-1,-1,-1,-1,-1,-1,-1,-1,-1,-1,-1,-1,-1,-1,-1,-1,-1,-1,-1,-1,-1,-1,-1,-1,-1,-1,-1,-1,-1,-1,-1,-1,-1,-1,-1,-1,-1,-1,-1,-1,-1,-1,-1,-1,-1,-1,-1,-1,-1,-1,-1,0,0.329837,0,15169,-1,-1,1,4,0,255,1,0,0,0,0,0
2,0,0,6,0,0,0,0,0,0,0,0,0,0,0,0,0,1,55,1,0,0,0,0,0,0,0,0,0,0,0,0,0,0,0,0,5,12,0,0,1,0,0,6,0,0,0,0,0,0,0,0,0,0,0,0,0,43,1,0,0,0,0,0,0,0,0,0,0,0,0,0,0,0,0,11,-1,-1,-1,-1,-1,-1,-1,-1,-1,-1,-1,-1,-1,-1,-1,-1,-1,-1,-1,-1,0,0.439723,-1,198610,3754,262,1,6,2,591,1,0,0,0,0,1
2,0,0,3,0,0,0,0,0,0,0,0,0,0,0,0,0,1,50,2,0,0,0,0,0,0,0,0,0,0,0,0,0,0,0,0,6,16,0,0,0,0,0,3,0,0,0,0,0,0,0,0,0,0,0,0,0,34,0,0,0,0,0,0,0,0,0,0,0,0,0,0,0,0,0,4,-1,-1,-1,-1,-1,-1,-1,-1,-1,-1,-1,-1,-1,-1,-1,-1,-1,-1,-1,-1,0,0.180664,0,15169,-1,-1,1,4,5,1,1,0,0,0,0,1
1,0,0,5,0,0,0,0,0,0,0,0,0,0,0,0,0,1,28,1,0,0,0,0,0,0,0,0,0,0,0,0,0,0,0,0,1,9,0,0,0,0,0,5,0,0,0,0,0,0,0,0,0,0,0,0,0,19,0,0,0,0,0,0,0,0,0,0,0,0,0,0,0,0,0,0,-1,-1,-1,-1,-1,-1,-1,-1,-1,-1,-1,-1,-1,-1,-1,-1,-1,-1,-1,-1,0,0.692087,-1,46606,6731,938,1,2,1,1408,1,0,0,0,0,1
2,0,0,0,0,0,0,0,0,0,0,0,0,0,0,0,0,1,15,2,0,0,0,0,0,0,0,0,0,0,0,0,0,0,0,0,4,15,0,0,-1,-1,-1,-1,-1,-1,-1,-1,-1,-1,-1,-1,-1,-1,-1,-1,-1,-1,-1,-1,-1,-1,-1,-1,-1,-1,-1,-1,-1,-1,-1,-1,-1,-1,-1,-1,-1,-1,-1,-1,-1,-1,-1,-1,-1,-1,-1,-1,-1,-1,-1,-1,-1,-1,-1,-1,0,0.514188,0,30148,8439,691,1,4,5,349,1,1,0,0,0,0
2,4,0,0,0,0,0,0,0,0,0,0,0,0,0,0,0,1,39,2,4,0,0,0,0,0,0,0,0,0,0,0,0,0,0,0,12,39,0,0,-1,-1,-1,-1,-1,-1,-1,-1,-1,-1,-1,-1,-1,-1,-1,-1,-1,-1,-1,-1,-1,-1,-1,-1,-1,-1,-1,-1,-1,-1,-1,-1,-1,-1,-1,-1,-1,-1,-1,-1,-1,-1,-1,-1,-1,-1,-1,-1,-1,-1,-1,-1,-1,-1,-1,-1,0,0.341496,0,13335,-1,-1,5,2,0,296,1,1,0,0,0,1
1,1,0,3,0,1,0,0,0,0,0,0,0,0,0,0,0,1,60,1,0,0,0,0,0,0,0,0,0,0,0,0,0,0,0,0,4,11,0,0,0,1,0,3,0,1,0,0,0,0,0,0,0,0,0,0,0,49,0,0,0,0,0,0,0,0,0,0,0,0,0,0,0,0,0,0,-1,-1,-1,-1,-1,-1,-1,-1,-1,-1,-1,-1,-1,-1,-1,-1,-1,-1,-1,-1,0,0.534913,0,32748,6703,235,1,4,3,7,1,1,0,0,0,1
3,0,0,2,0,0,0,0,0,0,0,0,0,0,0,0,0,1,26,3,0,0,0,0,0,0,0,0,0,0,0,0,0,0,0,0,4,21,0,0,0,0,0,2,0,0,0,0,0,0,0,0,0,0,0,0,0,5,0,0,0,0,0,0,0,0,0,0,0,0,0,0,0,0,0,0,-1,-1,-1,-1,-1,-1,-1,-1,-1,-1,-1,-1,-1,-1,-1,-1,-1,-1,-1,-1,0,2.981326,0,24218,-1,-1,1,2,1,283,1,1,0,0,0,1
2,1,0,5,0,0,0,0,0,0,0,0,0,0,0,0,0,1,59,1,0,0,0,0,0,0,0,0,0,0,0,0,0,0,0,0,6,15,0,0,1,1,0,5,0,0,0,0,0,0,0,0,0,0,0,0,0,44,1,0,0,0,0,0,0,0,0,0,0,0,0,0,0,0,0,9,-1,-1,-1,-1,-1,-1,-1,-1,-1,-1,-1,-1,-1,-1,-1,-1,-1,-1,-1,-1,0,0.768454,-1,45839,2317,238,1,2,1,1535,1,0,0,0,0,1
2,0,0,0,0,0,0,0,0,0,0,0,0,0,0,0,0,1,22,2,0,0,0,0,0,0,0,0,0,0,0,0,0,0,0,0,6,22,0,0,-1,-1,-1,-1,-1,-1,-1,-1,-1,-1,-1,-1,-1,-1,-1,-1,-1,-1,-1,-1,-1,-1,-1,-1,-1,-1,-1,-1,-1,-1,-1,-1,-1,-1,-1,-1,-1,-1,-1,-1,-1,-1,-1,-1,-1,-1,-1,-1,-1,-1,-1,-1,-1,-1,-1,-1,0,0.6379279999999999,1,49505,6817,122,1,2,5,1983,1,1,0,0,0,0
2,1,0,0,0,0,0,0,0,0,0,0,0,0,0,0,0,1,16,2,1,0,0,0,0,0,0,0,0,0,0,0,0,0,0,0,3,16,0,0,-1,-1,-1,-1,-1,-1,-1,-1,-1,-1,-1,-1,-1,-1,-1,-1,-1,-1,-1,-1,-1,-1,-1,-1,-1,-1,-1,-1,-1,-1,-1,-1,-1,-1,-1,-1,-1,-1,-1,-1,-1,-1,-1,-1,-1,-1,-1,-1,-1,-1,-1,-1,-1,-1,-1,-1,0,0.557941,-1,40034,5469,9,1,2,0,298,0,0,0,0,0,0
1,1,0,5,0,1,0,0,0,0,0,0,0,0,0,0,0,1,72,1,0,0,0,0,0,0,0,0,0,0,0,0,0,0,0,0,3,14,0,0,0,1,0,5,0,1,0,0,0,0,0,0,0,0,0,0,0,58,0,0,0,0,0,0,0,0,0,0,0,0,0,0,0,0,0,0,-1,-1,-1,-1,-1,-1,-1,-1,-1,-1,-1,-1,-1,-1,-1,-1,-1,-1,-1,-1,0,0.77759,1,24323,4838,640,1,5,1,4698,0,0,0,0,0,1
1,0,0,1,0,0,0,0,0,0,0,0,0,0,0,0,0,1,18,1,0,0,0,0,0,0,0,0,0,0,0,0,0,0,0,0,7,17,0,0,0,0,0,1,0,0,0,0,0,0,0,0,0,0,0,0,0,1,0,0,0,0,0,0,0,0,0,0,0,0,0,0,0,0,0,0,-1,-1,-1,-1,-1,-1,-1,-1,-1,-1,-1,-1,-1,-1,-1,-1,-1,-1,-1,-1,0,8.759326,0,22612,5,359,1,2,1,1196,0,0,0,0,0,1
1,1,1,1,0,1,0,0,0,0,0,0,0,0,0,0,0,1,82,1,0,0,0,0,0,0,0,0,0,0,0,0,0,0,0,0,4,14,0,0,0,0,0,1,0,0,0,0,0,0,0,0,0,0,0,0,0,7,0,0,0,0,0,0,0,0,0,0,0,0,0,0,0,0,0,6,0,1,1,0,0,1,0,0,0,0,0,0,0,0,0,0,0,61,0,1,0,0.172947,0,34259,322,42,1,3,0,549,0,0,0,0,0,1
1,0,0,0,0,0,0,0,0,0,0,0,0,0,0,0,0,1,14,1,0,0,0,0,0,0,0,0,0,0,0,0,0,0,0,0,4,14,0,0,-1,-1,-1,-1,-1,-1,-1,-1,-1,-1,-1,-1,-1,-1,-1,-1,-1,-1,-1,-1,-1,-1,-1,-1,-1,-1,-1,-1,-1,-1,-1,-1,-1,-1,-1,-1,-1,-1,-1,-1,-1,-1,-1,-1,-1,-1,-1,-1,-1,-1,-1,-1,-1,-1,-1,-1,0,0.033363,0,43948,5131,346,1,2,0,112,0,1,0,0,0,0
1,0,0,7,0,0,0,0,0,0,0,0,0,0,0,0,0,1,85,1,0,0,0,0,0,0,0,0,0,0,0,0,0,0,0,0,4,11,0,0,0,0,0,7,0,0,0,0,0,0,0,0,0,0,0,0,0,74,0,0,0,0,0,0,0,0,0,0,0,0,0,0,0,0,0,0,-1,-1,-1,-1,-1,-1,-1,-1,-1,-1,-1,-1,-1,-1,-1,-1,-1,-1,-1,-1,0,0.28990900000000003,0,26496,2200,721,1,2,2,1528,0,0,0,0,0,1
2,0,0,1,0,0,0,0,0,0,0,0,0,0,0,0,0,1,14,2,0,0,0,0,0,0,0,0,0,0,0,0,0,0,0,0,3,13,0,0,0,0,0,1,0,0,0,0,0,0,0,0,0,0,0,0,0,1,0,0,0,0,0,0,0,0,0,0,0,0,0,0,0,0,0,0,-1,-1,-1,-1,-1,-1,-1,-1,-1,-1,-1,-1,-1,-1,-1,-1,-1,-1,-1,-1,0,0.913178,0,19551,7939,94,2,4,1,299,1,0,0,0,0,0
2,0,0,3,0,0,0,0,0,0,0,0,0,0,0,0,0,1,46,2,0,0,0,0,0,0,0,0,0,0,0,0,0,0,0,0,9,28,0,0,0,0,0,3,0,0,0,0,0,0,0,0,0,0,0,0,0,18,0,0,0,0,0,0,0,0,0,0,0,0,0,0,0,0,0,2,-1,-1,-1,-1,-1,-1,-1,-1,-1,-1,-1,-1,-1,-1,-1,-1,-1,-1,-1,-1,0,0.239554,0,55053,-1,-1,1,2,1,2581,1,0,0,0,0,0
5,0,0,2,0,1,0,0,0,0,0,0,0,0,0,0,0,1,61,4,0,0,0,0,0,0,0,0,0,0,0,0,0,0,0,0,10,29,0,0,1,0,0,2,0,0,0,0,0,0,0,0,0,0,0,0,0,20,1,0,0,0,0,0,0,0,0,0,0,0,0,0,0,0,0,10,0,0,0,0,0,1,0,0,0,0,0,0,0,0,0,0,0,12,0,1,0,0.992234,0,-1,-1,-1,1,5,1,51,1,0,0,0,0,1
3,1,0,5,0,0,0,0,0,0,0,0,0,0,0,0,0,1,70,2,0,0,0,0,0,0,0,0,0,0,0,0,0,0,0,0,9,21,0,0,1,1,0,5,0,0,0,0,0,0,0,0,0,0,0,0,0,49,1,0,0,0,0,0,0,0,0,0,0,0,0,0,0,0,0,9,-1,-1,-1,-1,-1,-1,-1,-1,-1,-1,-1,-1,-1,-1,-1,-1,-1,-1,-1,-1,0,2.345537,-1,55660,1798,27,1,4,1,11595,1,0,0,0,0,1
1,1,0,1,0,0,0,0,0,0,0,0,0,0,0,0,0,1,22,1,1,0,0,0,0,0,0,0,0,0,0,0,0,0,0,0,4,17,0,0,0,0,0,1,0,0,0,0,0,0,0,0,0,0,0,0,0,5,0,0,0,0,0,0,0,0,0,0,0,0,0,0,0,0,0,4,-1,-1,-1,-1,-1,-1,-1,-1,-1,-1,-1,-1,-1,-1,-1,-1,-1,-1,-1,-1,0,0.145716,1,36352,-1,-1,1,2,5,1792,0,1,0,0,0,1
2,0,0,2,0,0,0,0,0,0,0,0,0,0,0,0,0,1,33,2,0,0,0,0,0,0,0,0,0,0,0,0,0,0,0,0,6,16,0,0,0,0,0,2,0,0,0,0,0,0,0,0,0,0,0,0,0,17,0,0,0,0,0,0,0,0,0,0,0,0,0,0,0,0,0,11,-1,-1,-1,-1,-1,-1,-1,-1,-1,-1,-1,-1,-1,-1,-1,-1,-1,-1,-1,-1,0,0.203726,0,15169,-1,-1,1,4,5,186,1,1,0,0,0,1
1,0,0,0,0,0,0,0,0,0,0,0,0,0,0,0,0,1,12,1,0,0,0,0,0,0,0,0,0,0,0,0,0,0,0,0,3,12,0,0,-1,-1,-1,-1,-1,-1,-1,-1,-1,-1,-1,-1,-1,-1,-1,-1,-1,-1,-1,-1,-1,-1,-1,-1,-1,-1,-1,-1,-1,-1,-1,-1,-1,-1,-1,-1,-1,-1,-1,-1,-1,-1,-1,-1,-1,-1,-1,-1,-1,-1,-1,-1,-1,-1,-1,-1,0,0.6859149999999999,-1,42503,-1,-1,1,3,4,294,0,1,0,0,0,0
2,0,0,1,0,0,0,0,0,0,0,0,0,0,0,0,0,1,25,2,0,0,0,0,0,0,0,0,0,0,0,0,0,0,0,0,10,24,0,0,0,0,0,1,0,0,0,0,0,0,0,0,0,0,0,0,0,1,0,0,0,0,0,0,0,0,0,0,0,0,0,0,0,0,0,0,-1,-1,-1,-1,-1,-1,-1,-1,-1,-1,-1,-1,-1,-1,-1,-1,-1,-1,-1,-1,0,0.61503,0,16509,4283,99,1,4,0,299,0,2,0,0,0,0
4,0,0,2,0,0,0,0,0,0,0,0,0,0,0,0,0,1,38,3,0,0,0,0,0,0,0,0,0,0,0,0,0,0,0,0,4,22,0,0,1,0,0,2,0,0,0,0,0,0,0,0,0,0,0,0,0,16,1,0,0,0,0,0,0,0,0,0,0,0,0,0,0,0,0,9,-1,-1,-1,-1,-1,-1,-1,-1,-1,-1,-1,-1,-1,-1,-1,-1,-1,-1,-1,-1,0,0.198423,0,48666,-1,-1,1,2,1,14369,0,1,0,0,0,1
2,0,0,3,0,0,0,0,0,0,0,0,0,0,0,0,0,1,50,1,0,0,0,0,0,0,0,0,0,0,0,0,0,0,0,0,8,22,0,0,1,0,0,3,0,0,0,0,0,0,0,0,0,0,0,0,0,28,1,0,0,0,0,0,0,0,0,0,0,0,0,0,0,0,0,6,-1,-1,-1,-1,-1,-1,-1,-1,-1,-1,-1,-1,-1,-1,-1,-1,-1,-1,-1,-1,0,0.560692,-1,46606,3178,108,1,2,1,1942,1,0,0,0,0,1
1,0,0,0,0,0,0,0,0,0,0,0,0,0,0,0,0,1,13,1,0,0,0,0,0,0,0,0,0,0,0,0,0,0,0,0,4,13,0,0,-1,-1,-1,-1,-1,-1,-1,-1,-1,-1,-1,-1,-1,-1,-1,-1,-1,-1,-1,-1,-1,-1,-1,-1,-1,-1,-1,-1,-1,-1,-1,-1,-1,-1,-1,-1,-1,-1,-1,-1,-1,-1,-1,-1,-1,-1,-1,-1,-1,-1,-1,-1,-1,-1,-1,-1,0,-1.0,0,394695,233,131,1,2,0,591,0,-1,0,0,0,0
2,0,0,0,0,0,0,0,0,0,0,0,0,0,0,0,0,1,19,2,0,0,0,0,0,0,0,0,0,0,0,0,0,0,0,0,5,19,0,0,-1,-1,-1,-1,-1,-1,-1,-1,-1,-1,-1,-1,-1,-1,-1,-1,-1,-1,-1,-1,-1,-1,-1,-1,-1,-1,-1,-1,-1,-1,-1,-1,-1,-1,-1,-1,-1,-1,-1,-1,-1,-1,-1,-1,-1,-1,-1,-1,-1,-1,-1,-1,-1,-1,-1,-1,0,0.299792,0,13335,7327,1802,2,2,1,299,1,1,0,0,0,0
2,0,0,0,0,0,0,0,0,0,0,0,0,0,0,0,0,1,15,2,0,0,0,0,0,0,0,0,0,0,0,0,0,0,0,0,4,15,0,0,-1,-1,-1,-1,-1,-1,-1,-1,-1,-1,-1,-1,-1,-1,-1,-1,-1,-1,-1,-1,-1,-1,-1,-1,-1,-1,-1,-1,-1,-1,-1,-1,-1,-1,-1,-1,-1,-1,-1,-1,-1,-1,-1,-1,-1,-1,-1,-1,-1,-1,-1,-1,-1,-1,-1,-1,0,-1.0,0,-1,-1,-1,-1,3,5,-1,0,-1,0,0,0,0
2,0,0,4,0,0,0,0,0,0,0,0,0,0,0,0,0,1,33,2,0,0,0,0,0,0,0,0,0,0,0,0,0,0,0,0,3,13,0,0,0,0,0,4,0,0,0,0,0,0,0,0,0,0,0,0,0,20,0,0,0,0,0,0,0,0,0,0,0,0,0,0,0,0,0,0,-1,-1,-1,-1,-1,-1,-1,-1,-1,-1,-1,-1,-1,-1,-1,-1,-1,-1,-1,-1,0,0.223546,0,26347,-1,-1,1,3,0,14011,0,1,0,0,0,1
2,0,0,2,0,0,0,0,0,0,0,0,0,0,0,0,0,1,42,2,0,0,0,0,0,0,0,0,0,0,0,0,0,0,0,0,11,33,0,0,0,0,0,2,0,0,0,0,0,0,0,0,0,0,0,0,0,9,0,0,0,0,0,0,0,0,0,0,0,0,0,0,0,0,0,0,-1,-1,-1,-1,-1,-1,-1,-1,-1,-1,-1,-1,-1,-1,-1,-1,-1,-1,-1,-1,0,0.588762,-1,23352,-1,-1,1,2,1,14382,0,0,0,0,0,1
1,2,0,7,0,0,0,0,0,0,0,0,0,0,0,0,0,1,58,1,0,0,0,0,0,0,0,0,0,0,0,0,0,0,0,0,5,13,0,0,0,2,0,7,0,0,0,0,0,0,0,0,0,0,0,0,0,45,0,0,0,0,0,0,0,0,0,0,0,0,0,0,0,0,0,0,-1,-1,-1,-1,-1,-1,-1,-1,-1,-1,-1,-1,-1,-1,-1,-1,-1,-1,-1,-1,0,0.264333,0,16010,-1,-1,1,2,1,11189,1,0,0,0,0,1
2,1,0,0,0,0,0,0,0,0,0,0,0,0,0,0,0,1,21,2,1,0,0,0,0,0,0,0,0,0,0,0,0,0,0,0,5,21,0,0,-1,-1,-1,-1,-1,-1,-1,-1,-1,-1,-1,-1,-1,-1,-1,-1,-1,-1,-1,-1,-1,-1,-1,-1,-1,-1,-1,-1,-1,-1,-1,-1,-1,-1,-1,-1,-1,-1,-1,-1,-1,-1,-1,-1,-1,-1,-1,-1,-1,-1,-1,-1,-1,-1,-1,-1,0,-1.0,0,63949,1107,353,1,2,0,1790,0,-1,0,0,0,0
2,0,0,2,0,0,0,0,0,0,0,0,0,0,0,0,0,1,19,2,0,0,0,0,0,0,0,0,0,0,0,0,0,0,0,0,6,16,0,0,0,0,0,2,0,0,0,0,0,0,0,0,0,0,0,0,0,3,0,0,0,0,0,0,0,0,0,0,0,0,0,0,0,0,0,0,-1,-1,-1,-1,-1,-1,-1,-1,-1,-1,-1,-1,-1,-1,-1,-1,-1,-1,-1,-1,0,0.439195,0,-1,-1,-1,1,3,5,44,1,0,0,0,0,1
2,0,0,0,0,0,0,0,0,0,0,0,0,0,0,0,0,1,11,2,0,0,0,0,0,0,0,0,0,0,0,0,0,0,0,0,3,11,0,0,-1,-1,-1,-1,-1,-1,-1,-1,-1,-1,-1,-1,-1,-1,-1,-1,-1,-1,-1,-1,-1,-1,-1,-1,-1,-1,-1,-1,-1,-1,-1,-1,-1,-1,-1,-1,-1,-1,-1,-1,-1,-1,-1,-1,-1,-1,-1,-1,-1,-1,-1,-1,-1,-1,-1,-1,0,0.236949,0,48347,7648,55,1,2,1,3599,0,0,0,0,0,0
3,2,0,2,0,0,0,0,0,0,0,0,0,0,0,0,0,1,35,2,0,0,0,0,0,0,0,0,0,0,0,0,0,0,0,0,4,14,0,0,1,2,0,2,0,0,0,0,0,0,0,0,0,0,0,0,0,21,1,1,0,0,0,0,0,0,0,0,0,0,0,0,0,0,0,12,-1,-1,-1,-1,-1,-1,-1,-1,-1,-1,-1,-1,-1,-1,-1,-1,-1,-1,-1,-1,0,0.155632,0,20446,7458,576,4,5,5,137,1,0,0,0,0,0
2,0,0,1,0,0,0,0,0,0,0,0,0,0,0,0,0,1,29,2,0,0,0,0,0,0,0,0,0,0,0,0,0,0,0,0,10,28,0,0,0,0,0,1,0,0,0,0,0,0,0,0,0,0,0,0,0,1,0,0,0,0,0,0,0,0,0,0,0,0,0,0,0,0,0,0,-1,-1,-1,-1,-1,-1,-1,-1,-1,-1,-1,-1,-1,-1,-1,-1,-1,-1,-1,-1,0,0.515309,0,26496,4129,253,1,2,0,3598,0,0,0,0,0,0
2,0,0,4,0,1,0,0,0,0,0,0,0,0,0,0,0,1,73,2,0,0,0,0,0,0,0,0,0,0,0,0,0,0,0,0,6,16,0,0,0,0,0,4,0,0,0,0,0,0,0,0,0,0,0,0,0,46,0,0,0,0,0,0,0,0,0,0,0,0,0,0,0,0,0,4,0,0,0,0,0,1,0,0,0,0,0,0,0,0,0,0,0,11,0,1,0,0.235364,-1,15169,-1,-1,1,4,5,291,1,0,0,0,0,1
2,0,0,1,0,0,0,0,0,0,0,0,0,0,0,0,0,1,23,2,0,0,0,0,0,0,0,0,0,0,0,0,0,0,0,0,6,22,0,0,0,0,0,1,0,0,0,0,0,0,0,0,0,0,0,0,0,1,0,0,0,0,0,0,0,0,0,0,0,0,0,0,0,0,0,0,-1,-1,-1,-1,-1,-1,-1,-1,-1,-1,-1,-1,-1,-1,-1,-1,-1,-1,-1,-1,0,0.528204,0,13335,340,24,5,2,1,299,1,1,0,0,0,1
4,1,0,3,0,0,0,0,0,0,0,0,0,0,0,0,0,2,47,1,0,0,0,0,0,0,0,0,0,0,0,0,0,0,0,0,4,14,0,0,3,1,0,3,0,0,0,0,0,0,0,0,0,0,0,0,0,33,3,1,0,0,0,0,0,0,0,0,0,0,0,0,0,0,0,21,-1,-1,-1,-1,-1,-1,-1,-1,-1,-1,-1,-1,-1,-1,-1,-1,-1,-1,-1,-1,0,0.027333,-1,13335,4421,326,2,2,1,267,1,0,0,0,0,1
2,0,0,0,0,0,0,0,0,0,0,0,0,0,0,0,0,1,14,2,0,0,0,0,0,0,0,0,0,0,0,0,0,0,0,0,4,14,0,0,-1,-1,-1,-1,-1,-1,-1,-1,-1,-1,-1,-1,-1,-1,-1,-1,-1,-1,-1,-1,-1,-1,-1,-1,-1,-1,-1,-1,-1,-1,-1,-1,-1,-1,-1,-1,-1,-1,-1,-1,-1,-1,-1,-1,-1,-1,-1,-1,-1,-1,-1,-1,-1,-1,-1,-1,0,0.337781,0,13335,6663,275,2,2,1,297,1,2,0,0,0,0
2,0,0,1,0,0,0,0,0,0,0,0,0,0,0,0,0,1,16,2,0,0,0,0,0,0,0,0,0,0,0,0,0,0,0,0,5,15,0,0,0,0,0,1,0,0,0,0,0,0,0,0,0,0,0,0,0,1,0,0,0,0,0,0,0,0,0,0,0,0,0,0,0,0,0,0,-1,-1,-1,-1,-1,-1,-1,-1,-1,-1,-1,-1,-1,-1,-1,-1,-1,-1,-1,-1,0,0.747553,0,15169,1810,15,4,4,0,14399,0,0,0,0,0,0
1,1,0,3,0,0,0,0,0,0,0,0,0,0,0,0,0,1,35,1,1,0,0,0,0,0,0,0,0,0,0,0,0,0,0,0,7,18,0,0,0,0,0,3,0,0,0,0,0,0,0,0,0,0,0,0,0,17,0,0,0,0,0,0,0,0,0,0,0,0,0,0,0,0,0,0,-1,-1,-1,-1,-1,-1,-1,-1,-1,-1,-1,-1,-1,-1,-1,-1,-1,-1,-1,-1,0,4.043511,-1,5588,-1,-1,1,3,1,14383,0,0,0,0,0,1
2,0,0,0,0,0,0,0,0,0,0,0,0,0,0,0,0,1,21,2,0,0,0,0,0,0,0,0,0,0,0,0,0,0,0,0,6,21,0,0,-1,-1,-1,-1,-1,-1,-1,-1,-1,-1,-1,-1,-1,-1,-1,-1,-1,-1,-1,-1,-1,-1,-1,-1,-1,-1,-1,-1,-1,-1,-1,-1,-1,-1,-1,-1,-1,-1,-1,-1,-1,-1,-1,-1,-1,-1,-1,-1,-1,-1,-1,-1,-1,-1,-1,-1,0,5.74496,0,13335,6672,997,2,2,1,118,1,0,0,0,0,0
2,2,0,6,0,0,0,0,0,0,0,0,0,0,0,0,0,1,63,1,0,0,0,0,0,0,0,0,0,0,0,0,0,0,0,0,7,18,0,0,1,2,0,6,0,0,0,0,0,0,0,0,0,0,0,0,0,45,1,0,0,0,0,0,0,0,0,0,0,0,0,0,0,0,0,10,-1,-1,-1,-1,-1,-1,-1,-1,-1,-1,-1,-1,-1,-1,-1,-1,-1,-1,-1,-1,0,0.462441,1,-1,2304,251,1,2,1,10792,0,0,0,0,0,1
2,0,0,0,0,0,0,0,0,0,0,0,0,0,0,0,0,1,13,2,0,0,0,0,0,0,0,0,0,0,0,0,0,0,0,0,2,13,0,0,-1,-1,-1,-1,-1,-1,-1,-1,-1,-1,-1,-1,-1,-1,-1,-1,-1,-1,-1,-1,-1,-1,-1,-1,-1,-1,-1,-1,-1,-1,-1,-1,-1,-1,-1,-1,-1,-1,-1,-1,-1,-1,-1,-1,-1,-1,-1,-1,-1,-1,-1,-1,-1,-1,-1,-1,0,0.988454,0,13335,2694,227,2,2,5,300,1,-1,0,0,0,0
2,0,0,1,0,5,0,4,0,0,0,0,0,0,0,0,0,1,99,2,0,0,0,0,0,0,0,0,0,0,0,0,0,0,0,0,6,23,0,0,0,0,0,1,0,0,0,0,0,0,0,0,0,0,0,0,0,1,0,0,0,0,0,0,0,0,0,0,0,0,0,0,0,0,0,0,0,0,0,0,0,5,0,4,0,0,0,0,0,0,0,0,0,75,0,5,0,0.08306000000000001,0,16509,-1,-1,4,4,0,56,0,0,0,0,0,1
2,0,0,0,0,0,0,0,0,0,0,0,0,0,0,0,0,1,17,2,0,0,0,0,0,0,0,0,0,0,0,0,0,0,0,0,4,17,0,0,-1,-1,-1,-1,-1,-1,-1,-1,-1,-1,-1,-1,-1,-1,-1,-1,-1,-1,-1,-1,-1,-1,-1,-1,-1,-1,-1,-1,-1,-1,-1,-1,-1,-1,-1,-1,-1,-1,-1,-1,-1,-1,-1,-1,-1,-1,-1,-1,-1,-1,-1,-1,-1,-1,-1,-1,0,0.311126,0,16509,-1,-1,1,2,1,597,0,0,0,0,0,1
3,0,0,3,0,0,0,0,0,0,0,0,0,0,0,0,0,2,56,2,0,0,0,0,0,0,0,0,0,0,0,0,0,0,0,0,7,24,0,0,1,0,0,3,0,0,0,0,0,0,0,0,0,0,0,0,0,32,1,0,0,0,0,0,0,0,0,0,0,0,0,0,0,0,0,17,-1,-1,-1,-1,-1,-1,-1,-1,-1,-1,-1,-1,-1,-1,-1,-1,-1,-1,-1,-1,0,0.201646,0,30627,-1,-1,2,5,2,587,0,0,0,0,0,1
3,0,0,3,0,0,0,0,0,0,0,0,0,0,0,0,0,1,70,3,0,0,0,0,0,0,0,0,0,0,0,0,0,0,0,0,4,21,0,0,0,0,0,3,0,0,0,0,0,0,0,0,0,0,0,0,0,49,0,0,0,0,0,0,0,0,0,0,0,0,0,0,0,0,0,32,-1,-1,-1,-1,-1,-1,-1,-1,-1,-1,-1,-1,-1,-1,-1,-1,-1,-1,-1,-1,0,0.310973,0,36351,2632,3211,1,2,6,585,0,0,0,0,0,1
2,0,0,0,0,0,0,0,0,0,0,0,0,0,0,0,0,1,13,2,0,0,0,0,0,0,0,0,0,0,0,0,0,0,0,0,2,13,0,0,-1,-1,-1,-1,-1,-1,-1,-1,-1,-1,-1,-1,-1,-1,-1,-1,-1,-1,-1,-1,-1,-1,-1,-1,-1,-1,-1,-1,-1,-1,-1,-1,-1,-1,-1,-1,-1,-1,-1,-1,-1,-1,-1,-1,-1,-1,-1,-1,-1,-1,-1,-1,-1,-1,-1,-1,0,0.885459,0,16509,8669,1921,3,4,0,38,1,1,0,0,0,0
4,0,0,0,0,0,0,0,0,0,0,0,0,0,0,0,0,1,34,4,0,0,0,0,0,0,0,0,0,0,0,0,0,0,0,0,10,34,0,0,-1,-1,-1,-1,-1,-1,-1,-1,-1,-1,-1,-1,-1,-1,-1,-1,-1,-1,-1,-1,-1,-1,-1,-1,-1,-1,-1,-1,-1,-1,-1,-1,-1,-1,-1,-1,-1,-1,-1,-1,-1,-1,-1,-1,-1,-1,-1,-1,-1,-1,-1,-1,-1,-1,-1,-1,0,1.86407,-1,51167,8006,-1,1,2,1,14384,0,1,0,0,0,0
2,0,0,1,0,0,0,0,0,0,0,0,0,0,0,0,0,1,14,2,0,0,0,0,0,0,0,0,0,0,0,0,0,0,0,0,4,13,0,0,0,0,0,1,0,0,0,0,0,0,0,0,0,0,0,0,0,1,0,0,0,0,0,0,0,0,0,0,0,0,0,0,0,0,0,0,-1,-1,-1,-1,-1,-1,-1,-1,-1,-1,-1,-1,-1,-1,-1,-1,-1,-1,-1,-1,0,0.655645,0,13335,1863,327,2,2,1,298,1,1,0,0,0,0
4,0,0,2,0,0,0,0,0,0,0,0,0,0,0,0,0,1,30,4,0,0,0,0,0,0,0,0,0,0,0,0,0,0,0,0,4,20,0,0,0,0,0,2,0,0,0,0,0,0,0,0,0,0,0,0,0,10,0,0,0,0,0,0,0,0,0,0,0,0,0,0,0,0,0,4,-1,-1,-1,-1,-1,-1,-1,-1,-1,-1,-1,-1,-1,-1,-1,-1,-1,-1,-1,-1,0,1.40276,1,8167,8062,-1,2,2,5,4,0,1,0,0,0,0
2,0,1,4,0,0,0,0,0,0,0,0,0,0,0,0,0,1,51,2,0,0,0,0,0,0,0,0,0,0,0,0,0,0,0,0,7,22,0,0,0,0,1,4,0,0,0,0,0,0,0,0,0,0,0,0,0,29,0,0,0,0,0,0,0,0,0,0,0,0,0,0,0,0,0,0,-1,-1,-1,-1,-1,-1,-1,-1,-1,-1,-1,-1,-1,-1,-1,-1,-1,-1,-1,-1,0,0.540732,0,14618,-1,-1,2,4,1,52,1,3,0,0,0,1
1,0,0,3,0,0,0,0,0,0,0,0,0,0,0,0,0,1,36,1,0,0,0,0,0,0,0,0,0,0,0,0,0,0,0,0,8,19,0,0,0,0,0,3,0,0,0,0,0,0,0,0,0,0,0,0,0,17,0,0,0,0,0,0,0,0,0,0,0,0,0,0,0,0,0,0,-1,-1,-1,-1,-1,-1,-1,-1,-1,-1,-1,-1,-1,-1,-1,-1,-1,-1,-1,-1,0,0.678561,0,20013,2099,91,1,4,0,1610,0,0,0,0,0,1
1,0,0,2,0,0,0,0,0,0,0,0,0,0,0,0,0,1,29,1,0,0,0,0,0,0,0,0,0,0,0,0,0,0,0,0,6,13,0,0,0,0,0,2,0,0,0,0,0,0,0,0,0,0,0,0,0,16,0,0,0,0,0,0,0,0,0,0,0,0,0,0,0,0,0,7,-1,-1,-1,-1,-1,-1,-1,-1,-1,-1,-1,-1,-1,-1,-1,-1,-1,-1,-1,-1,0,0.466703,0,32244,2803,118,1,2,1,14369,0,2,0,0,0,1
2,0,0,3,0,1,0,0,0,0,0,0,0,0,0,0,1,1,54,2,0,0,0,0,0,0,0,0,0,0,0,0,0,0,0,0,7,21,0,0,0,0,0,3,0,0,0,0,0,0,0,0,0,0,0,0,0,14,0,0,0,0,0,0,0,0,0,0,0,0,0,0,0,0,0,0,0,0,0,0,0,1,0,0,0,0,0,0,0,0,0,0,1,19,0,1,0,2.145789,1,27715,3212,74,1,3,4,3586,0,0,0,0,0,1
2,0,0,1,0,0,0,0,0,0,0,0,0,0,0,0,0,1,21,2,0,0,0,0,0,0,0,0,0,0,0,0,0,0,0,0,7,20,0,0,0,0,0,1,0,0,0,0,0,0,0,0,0,0,0,0,0,1,0,0,0,0,0,0,0,0,0,0,0,0,0,0,0,0,0,0,-1,-1,-1,-1,-1,-1,-1,-1,-1,-1,-1,-1,-1,-1,-1,-1,-1,-1,-1,-1,0,0.484847,-1,20013,4270,112,1,2,1,14392,1,0,0,0,0,0
2,0,0,3,0,0,0,0,0,0,0,0,0,0,0,0,0,1,41,1,0,0,0,0,0,0,0,0,0,0,0,0,0,0,0,0,10,21,0,0,1,0,0,3,0,0,0,0,0,0,0,0,0,0,0,0,0,20,1,0,0,0,0,0,0,0,0,0,0,0,0,0,0,0,0,12,-1,-1,-1,-1,-1,-1,-1,-1,-1,-1,-1,-1,-1,-1,-1,-1,-1,-1,-1,-1,0,1.077057,0,52030,6059,204,1,2,1,2168,1,0,0,0,0,1
2,0,1,3,0,3,0,2,0,0,0,0,0,0,0,0,0,1,238,1,0,0,0,0,0,0,0,0,0,0,0,0,0,0,0,0,11,28,0,0,1,0,0,3,0,0,0,0,0,0,0,0,0,0,0,0,0,45,1,0,0,0,0,0,0,0,0,0,0,0,0,0,0,0,0,9,0,0,1,0,0,3,0,2,0,0,0,0,0,0,0,0,0,165,0,3,0,0.967774,0,20013,967,493,1,2,2,560,1,0,0,0,0,1
2,1,0,6,0,0,0,0,0,0,0,0,0,0,0,0,0,1,60,2,1,0,0,0,0,0,0,0,0,0,0,0,0,0,0,0,7,23,0,0,0,0,0,6,0,0,0,0,0,0,0,0,0,0,0,0,0,37,0,0,0,0,0,0,0,0,0,0,0,0,0,0,0,0,0,6,-1,-1,-1,-1,-1,-1,-1,-1,-1,-1,-1,-1,-1,-1,-1,-1,-1,-1,-1,-1,0,0.769223,0,15169,-1,-1,1,4,0,41,1,0,0,0,0,1
3,0,0,4,0,0,0,0,0,0,0,0,0,0,0,0,0,1,45,3,0,0,0,0,0,0,0,0,0,0,0,0,0,0,0,0,7,23,0,0,0,0,0,4,0,0,0,0,0,0,0,0,0,0,0,0,0,22,0,0,0,0,0,0,0,0,0,0,0,0,0,0,0,0,0,0,-1,-1,-1,-1,-1,-1,-1,-1,-1,-1,-1,-1,-1,-1,-1,-1,-1,-1,-1,-1,0,1.90992,0,28026,3303,13,-1,2,1,-1,0,0,0,0,0,1
1,0,0,1,0,0,0,0,0,0,0,0,0,0,0,0,0,1,19,1,0,0,0,0,0,0,0,0,0,0,0,0,0,0,0,0,7,18,0,0,0,0,0,1,0,0,0,0,0,0,0,0,0,0,0,0,0,1,0,0,0,0,0,0,0,0,0,0,0,0,0,0,0,0,0,0,-1,-1,-1,-1,-1,-1,-1,-1,-1,-1,-1,-1,-1,-1,-1,-1,-1,-1,-1,-1,0,0.276641,-1,22612,89,275,1,2,3,1071,1,1,0,0,0,1
5,1,0,4,0,0,0,0,0,0,0,0,0,0,0,0,0,2,57,1,0,0,0,0,0,0,0,0,0,0,0,0,0,0,0,0,4,13,0,0,4,1,0,4,0,0,0,0,0,0,0,0,0,0,0,0,0,44,2,0,0,0,0,0,0,0,0,0,0,0,0,0,0,0,0,13,-1,-1,-1,-1,-1,-1,-1,-1,-1,-1,-1,-1,-1,-1,-1,-1,-1,-1,-1,-1,0,1.210046,0,34619,692,37,1,2,1,14391,1,0,0,0,0,1
2,0,0,3,0,0,0,0,0,0,0,0,0,0,0,0,0,1,52,1,0,0,0,0,0,0,0,0,0,0,0,0,0,0,0,0,10,25,0,0,1,0,0,3,0,0,0,0,0,0,0,0,0,0,0,0,0,27,1,0,0,0,0,0,0,0,0,0,0,0,0,0,0,0,0,9,-1,-1,-1,-1,-1,-1,-1,-1,-1,-1,-1,-1,-1,-1,-1,-1,-1,-1,-1,-1,0,0.867405,1,46606,2828,93,1,2,1,12422,0,0,0,0,0,1
1,6,0,3,0,0,0,0,0,0,0,0,0,0,0,0,0,1,74,1,0,0,0,0,0,0,0,0,0,0,0,0,0,0,0,0,3,8,0,0,0,6,0,3,0,0,0,0,0,0,0,0,0,0,0,0,0,66,0,0,0,0,0,0,0,0,0,0,0,0,0,0,0,0,0,0,-1,-1,-1,-1,-1,-1,-1,-1,-1,-1,-1,-1,-1,-1,-1,-1,-1,-1,-1,-1,0,0.208814,-1,16509,9085,409,4,8,2,5,1,0,0,0,0,0
1,0,0,4,0,0,0,0,0,0,0,0,0,0,0,0,0,1,53,1,0,0,0,0,0,0,0,0,0,0,0,0,0,0,0,0,2,9,0,0,0,0,0,4,0,0,0,0,0,0,0,0,0,0,0,0,0,44,0,0,0,0,0,0,0,0,0,0,0,0,0,0,0,0,0,0,-1,-1,-1,-1,-1,-1,-1,-1,-1,-1,-1,-1,-1,-1,-1,-1,-1,-1,-1,-1,0,0.068139,1,62282,2811,110,1,2,3,2154,1,2,0,0,0,1
2,2,0,2,0,0,0,0,0,0,0,0,0,0,0,0,0,1,42,2,0,0,0,0,0,0,0,0,0,0,0,0,0,0,0,0,6,16,0,0,0,2,0,2,0,0,0,0,0,0,0,0,0,0,0,0,0,26,0,2,0,0,0,0,0,0,0,0,0,0,0,0,0,0,0,20,-1,-1,-1,-1,-1,-1,-1,-1,-1,-1,-1,-1,-1,-1,-1,-1,-1,-1,-1,-1,0,0.271389,0,15169,-1,-1,1,4,5,51,1,1,0,0,0,1
2,1,0,3,0,0,0,0,0,0,0,0,0,0,0,0,0,1,39,1,0,0,0,0,0,0,0,0,0,0,0,0,0,0,0,0,2,11,0,0,1,1,0,3,0,0,0,0,0,0,0,0,0,0,0,0,0,28,1,0,0,0,0,0,0,0,0,0,0,0,0,0,0,0,0,11,-1,-1,-1,-1,-1,-1,-1,-1,-1,-1,-1,-1,-1,-1,-1,-1,-1,-1,-1,-1,0,1.546181,0,26496,2756,896,1,2,2,596,0,0,0,0,0,1
2,0,0,0,0,0,0,0,0,0,0,0,0,0,0,0,0,1,15,2,0,0,0,0,0,0,0,0,0,0,0,0,0,0,0,0,2,15,0,0,-1,-1,-1,-1,-1,-1,-1,-1,-1,-1,-1,-1,-1,-1,-1,-1,-1,-1,-1,-1,-1,-1,-1,-1,-1,-1,-1,-1,-1,-1,-1,-1,-1,-1,-1,-1,-1,-1,-1,-1,-1,-1,-1,-1,-1,-1,-1,-1,-1,-1,-1,-1,-1,-1,-1,-1,0,0.182206,0,13335,5219,2450,2,2,2,299,1,1,0,0,0,0
1,0,0,0,0,0,0,0,0,0,0,0,0,0,0,0,0,1,15,1,0,0,0,0,0,0,0,0,0,0,0,0,0,0,0,0,5,15,0,0,-1,-1,-1,-1,-1,-1,-1,-1,-1,-1,-1,-1,-1,-1,-1,-1,-1,-1,-1,-1,-1,-1,-1,-1,-1,-1,-1,-1,-1,-1,-1,-1,-1,-1,-1,-1,-1,-1,-1,-1,-1,-1,-1,-1,-1,-1,-1,-1,-1,-1,-1,-1,-1,-1,-1,-1,0,12.036796,0,12876,193,171,1,2,0,277,0,0,0,0,0,0
2,0,0,1,0,0,0,0,0,0,0,0,0,0,0,0,0,1,18,2,0,0,0,0,0,0,0,0,0,0,0,0,0,0,0,0,5,17,0,0,0,0,0,1,0,0,0,0,0,0,0,0,0,0,0,0,0,1,0,0,0,0,0,0,0,0,0,0,0,0,0,0,0,0,0,0,-1,-1,-1,-1,-1,-1,-1,-1,-1,-1,-1,-1,-1,-1,-1,-1,-1,-1,-1,-1,0,0.5219550000000001,-1,20860,3881,501,1,3,2,592,0,0,0,0,0,0
4,0,0,0,0,0,0,0,0,0,0,0,0,0,0,0,0,1,23,4,0,0,0,0,0,0,0,0,0,0,0,0,0,0,0,0,6,23,0,0,-1,-1,-1,-1,-1,-1,-1,-1,-1,-1,-1,-1,-1,-1,-1,-1,-1,-1,-1,-1,-1,-1,-1,-1,-1,-1,-1,-1,-1,-1,-1,-1,-1,-1,-1,-1,-1,-1,-1,-1,-1,-1,-1,-1,-1,-1,-1,-1,-1,-1,-1,-1,-1,-1,-1,-1,0,1.269012,-1,-1,8023,-1,1,2,1,3582,1,0,0,0,0,0
2,0,0,5,0,0,0,0,0,0,0,0,0,0,0,0,0,1,61,1,0,0,0,0,0,0,0,0,0,0,0,0,0,0,0,0,9,25,0,0,1,0,0,5,0,0,0,0,0,0,0,0,0,0,0,0,0,36,1,0,0,0,0,0,0,0,0,0,0,0,0,0,0,0,0,10,-1,-1,-1,-1,-1,-1,-1,-1,-1,-1,-1,-1,-1,-1,-1,-1,-1,-1,-1,-1,0,0.266706,1,36444,1284,176,1,2,5,552,0,0,0,0,0,1
3,0,0,4,0,0,0,0,0,0,0,0,0,0,0,0,0,1,46,1,0,0,0,0,0,0,0,0,0,0,0,0,0,0,0,0,4,11,0,0,2,0,0,4,0,0,0,0,0,0,0,0,0,0,0,0,0,35,1,0,0,0,0,0,0,0,0,0,0,0,0,0,0,0,0,10,-1,-1,-1,-1,-1,-1,-1,-1,-1,-1,-1,-1,-1,-1,-1,-1,-1,-1,-1,-1,0,0.6972229999999999,0,51167,2769,152,1,2,1,864,0,0,0,0,0,1
3,0,0,2,0,0,0,0,0,0,0,0,0,0,0,0,0,1,23,3,0,0,0,0,0,0,0,0,0,0,0,0,0,0,0,0,3,17,0,0,0,0,0,2,0,0,0,0,0,0,0,0,0,0,0,0,0,6,0,0,0,0,0,0,0,0,0,0,0,0,0,0,0,0,0,0,-1,-1,-1,-1,-1,-1,-1,-1,-1,-1,-1,-1,-1,-1,-1,-1,-1,-1,-1,-1,0,4.664055,0,13335,6931,1834,2,2,1,298,1,1,0,0,0,1
1,4,0,2,0,1,0,0,1,0,0,0,0,0,0,0,0,1,87,1,0,0,0,0,0,0,0,0,0,0,0,0,0,0,0,0,0,7,0,0,0,0,0,2,0,0,0,0,1,0,0,0,0,0,0,0,0,33,0,0,0,0,0,0,0,0,1,0,0,0,0,0,0,0,0,29,0,4,0,0,0,1,0,0,0,0,0,0,0,0,0,0,0,47,0,1,0,0.175036,0,8068,1828,362,1,2,0,13,1,0,0,0,0,1
1,0,0,1,0,0,0,0,0,0,0,0,0,0,0,0,0,1,17,1,0,0,0,0,0,0,0,0,0,0,0,0,0,0,0,0,7,16,0,0,0,0,0,1,0,0,0,0,0,0,0,0,0,0,0,0,0,1,0,0,0,0,0,0,0,0,0,0,0,0,0,0,0,0,0,0,-1,-1,-1,-1,-1,-1,-1,-1,-1,-1,-1,-1,-1,-1,-1,-1,-1,-1,-1,-1,0,0.765568,0,31863,2871,1146,1,2,1,6851,0,0,0,0,0,0
1,0,0,0,0,0,0,0,0,0,0,0,0,0,0,0,0,1,12,1,0,0,0,0,0,0,0,0,0,0,0,0,0,0,0,0,4,12,0,0,-1,-1,-1,-1,-1,-1,-1,-1,-1,-1,-1,-1,-1,-1,-1,-1,-1,-1,-1,-1,-1,-1,-1,-1,-1,-1,-1,-1,-1,-1,-1,-1,-1,-1,-1,-1,-1,-1,-1,-1,-1,-1,-1,-1,-1,-1,-1,-1,-1,-1,-1,-1,-1,-1,-1,-1,0,-1.0,0,-1,-1,-1,-1,4,0,-1,0,-1,0,0,0,0
2,1,0,3,0,0,0,0,0,0,0,0,0,0,0,0,0,1,49,2,0,0,0,0,0,0,0,0,0,0,0,0,0,0,0,0,7,22,0,0,0,1,0,3,0,0,0,0,0,0,0,0,0,0,0,0,0,27,0,1,0,0,0,0,0,0,0,0,0,0,0,0,0,0,0,12,-1,-1,-1,-1,-1,-1,-1,-1,-1,-1,-1,-1,-1,-1,-1,-1,-1,-1,-1,-1,0,0.084827,0,13335,6125,1179,1,3,5,3587,1,2,0,0,0,0
2,0,0,4,0,0,0,0,0,0,0,0,0,0,0,0,0,2,27,1,0,0,0,0,0,0,0,0,0,0,0,0,0,0,0,0,2,7,0,0,0,0,0,1,0,0,0,0,0,0,0,0,0,0,0,0,0,1,0,0,0,0,0,0,0,0,0,0,0,0,0,0,0,0,0,0,1,0,0,3,0,0,0,0,0,0,0,0,0,0,0,0,0,19,1,0,0,0.220562,-1,2635,-1,-1,2,3,0,11527,1,0,0,0,1,1
3,0,0,1,0,0,0,0,0,0,0,0,0,0,0,0,0,1,23,2,0,0,0,0,0,0,0,0,0,0,0,0,0,0,0,0,5,12,0,0,1,0,0,1,0,0,0,0,0,0,0,0,0,0,0,0,0,11,1,0,0,0,0,0,0,0,0,0,0,0,0,0,0,0,0,10,-1,-1,-1,-1,-1,-1,-1,-1,-1,-1,-1,-1,-1,-1,-1,-1,-1,-1,-1,-1,0,0.231681,0,200000,1877,270,1,3,2,891,1,0,0,0,0,1
3,0,1,1,0,0,0,0,0,0,0,0,0,0,0,0,0,1,45,2,0,0,0,0,0,0,0,0,0,0,0,0,0,0,0,0,7,27,0,0,1,0,1,1,0,0,0,0,0,0,0,0,0,0,0,0,0,18,1,0,1,0,0,0,0,0,0,0,0,0,0,0,0,0,0,17,-1,-1,-1,-1,-1,-1,-1,-1,-1,-1,-1,-1,-1,-1,-1,-1,-1,-1,-1,-1,0,0.57111,0,47583,-1,-1,1,1,1,52,1,0,0,0,0,1
2,0,0,2,0,0,0,0,0,0,0,0,0,0,0,0,0,1,20,2,0,0,0,0,0,0,0,0,0,0,0,0,0,0,0,0,1,12,0,0,0,0,0,2,0,0,0,0,0,0,0,0,0,0,0,0,0,8,0,0,0,0,0,0,0,0,0,0,0,0,0,0,0,0,0,0,-1,-1,-1,-1,-1,-1,-1,-1,-1,-1,-1,-1,-1,-1,-1,-1,-1,-1,-1,-1,0,0.382926,-1,36114,5212,265,1,2,1,882,1,0,0,0,0,0
2,1,1,2,0,0,0,0,0,0,0,0,0,0,0,0,0,1,29,1,1,0,0,0,0,0,0,0,0,0,0,0,0,0,0,0,4,13,0,0,1,0,1,2,0,0,0,0,0,0,0,0,0,0,0,0,0,16,0,0,0,0,0,0,0,0,0,0,0,0,0,0,0,0,0,0,-1,-1,-1,-1,-1,-1,-1,-1,-1,-1,-1,-1,-1,-1,-1,-1,-1,-1,-1,-1,0,3.304778,0,200000,3277,9,1,3,2,872,1,1,0,0,0,1
1,0,0,0,0,0,0,0,0,0,0,0,0,0,0,0,0,1,14,1,0,0,0,0,0,0,0,0,0,0,0,0,0,0,0,0,3,14,0,0,-1,-1,-1,-1,-1,-1,-1,-1,-1,-1,-1,-1,-1,-1,-1,-1,-1,-1,-1,-1,-1,-1,-1,-1,-1,-1,-1,-1,-1,-1,-1,-1,-1,-1,-1,-1,-1,-1,-1,-1,-1,-1,-1,-1,-1,-1,-1,-1,-1,-1,-1,-1,-1,-1,-1,-1,0,0.44152,0,44479,1185,276,1,2,2,111,1,0,0,0,0,0
2,0,0,1,0,0,0,0,0,0,0,0,0,0,0,0,0,1,18,2,0,0,0,0,0,0,0,0,0,0,0,0,0,0,0,0,6,17,0,0,0,0,0,1,0,0,0,0,0,0,0,0,0,0,0,0,0,1,0,0,0,0,0,0,0,0,0,0,0,0,0,0,0,0,0,0,-1,-1,-1,-1,-1,-1,-1,-1,-1,-1,-1,-1,-1,-1,-1,-1,-1,-1,-1,-1,0,4.750212,0,198047,2449,472,1,2,5,21599,0,0,0,0,0,0
2,0,0,2,0,0,0,0,0,0,0,0,0,0,0,0,0,1,25,2,0,0,0,0,0,0,0,0,0,0,0,0,0,0,0,0,5,16,0,0,0,0,0,2,0,0,0,0,0,0,0,0,0,0,0,0,0,9,0,0,0,0,0,0,0,0,0,0,0,0,0,0,0,0,0,0,-1,-1,-1,-1,-1,-1,-1,-1,-1,-1,-1,-1,-1,-1,-1,-1,-1,-1,-1,-1,0,0.2278030000000001,0,32934,7859,3464,1,2,1,18,1,0,0,0,0,0
2,1,0,0,0,0,0,0,0,0,0,0,0,0,0,0,0,1,26,2,1,0,0,0,0,0,0,0,0,0,0,0,0,0,0,0,7,26,0,0,-1,-1,-1,-1,-1,-1,-1,-1,-1,-1,-1,-1,-1,-1,-1,-1,-1,-1,-1,-1,-1,-1,-1,-1,-1,-1,-1,-1,-1,-1,-1,-1,-1,-1,-1,-1,-1,-1,-1,-1,-1,-1,-1,-1,-1,-1,-1,-1,-1,-1,-1,-1,-1,-1,-1,-1,0,0.241102,0,15169,-1,-1,1,4,0,293,1,0,0,0,0,0
2,0,0,0,0,0,0,0,0,0,0,0,0,0,0,0,0,1,15,2,0,0,0,0,0,0,0,0,0,0,0,0,0,0,0,0,3,15,0,0,-1,-1,-1,-1,-1,-1,-1,-1,-1,-1,-1,-1,-1,-1,-1,-1,-1,-1,-1,-1,-1,-1,-1,-1,-1,-1,-1,-1,-1,-1,-1,-1,-1,-1,-1,-1,-1,-1,-1,-1,-1,-1,-1,-1,-1,-1,-1,-1,-1,-1,-1,-1,-1,-1,-1,-1,0,0.113993,0,20473,5036,76,1,2,5,1799,0,0,0,0,0,0
3,0,0,2,0,0,0,0,0,0,0,0,0,0,0,0,0,1,49,2,0,0,0,0,0,0,0,0,0,0,0,0,0,0,0,0,5,19,0,0,1,0,0,2,0,0,0,0,0,0,0,0,0,0,0,0,0,30,1,0,0,0,0,0,0,0,0,0,0,0,0,0,0,0,0,17,-1,-1,-1,-1,-1,-1,-1,-1,-1,-1,-1,-1,-1,-1,-1,-1,-1,-1,-1,-1,0,0.612129,1,20013,1493,332,1,2,1,11058,1,0,0,0,0,1
2,1,0,6,0,1,0,0,0,0,0,0,0,0,0,0,0,2,62,2,1,0,0,0,0,0,0,0,0,0,0,0,0,0,0,0,1,11,0,0,0,0,0,6,0,0,0,0,0,0,0,0,0,0,0,0,0,30,0,0,0,0,0,0,0,0,0,0,0,0,0,0,0,0,0,0,0,0,0,0,0,1,0,0,0,0,0,0,0,0,0,0,0,21,0,1,0,0.278915,-1,6697,1387,73,1,2,1,3591,0,1,0,0,0,1
3,0,0,6,0,0,0,0,0,0,0,0,0,0,0,0,0,1,63,2,0,0,0,0,0,0,0,0,0,0,0,0,0,0,0,0,6,17,0,0,1,0,0,6,0,0,0,0,0,0,0,0,0,0,0,0,0,46,1,0,0,0,0,0,0,0,0,0,0,0,0,0,0,0,0,9,-1,-1,-1,-1,-1,-1,-1,-1,-1,-1,-1,-1,-1,-1,-1,-1,-1,-1,-1,-1,0,0.8485229999999999,1,20013,491,238,1,2,1,14387,1,0,0,0,0,1
2,0,0,1,0,0,0,0,0,0,0,0,0,0,0,0,0,1,35,2,0,0,0,0,0,0,0,0,0,0,0,0,0,0,0,0,12,34,0,0,0,0,0,1,0,0,0,0,0,0,0,0,0,0,0,0,0,1,0,0,0,0,0,0,0,0,0,0,0,0,0,0,0,0,0,0,-1,-1,-1,-1,-1,-1,-1,-1,-1,-1,-1,-1,-1,-1,-1,-1,-1,-1,-1,-1,0,0.8050470000000001,0,15169,-1,-1,1,4,0,218,1,0,0,0,0,0
2,0,0,4,0,0,0,0,0,0,0,0,0,0,0,0,0,2,34,1,0,0,0,0,0,0,0,0,0,0,0,0,0,0,0,0,5,11,0,0,1,0,0,4,0,0,0,0,0,0,0,0,0,0,0,0,0,23,0,0,0,0,0,0,0,0,0,0,0,0,0,0,0,0,0,0,-1,-1,-1,-1,-1,-1,-1,-1,-1,-1,-1,-1,-1,-1,-1,-1,-1,-1,-1,-1,0,0.424013,0,3595,870,224,1,2,1,14283,0,0,0,0,0,1
1,0,0,1,0,0,0,0,0,0,0,0,0,0,0,0,0,1,15,1,0,0,0,0,0,0,0,0,0,0,0,0,0,0,0,0,6,14,0,0,0,0,0,1,0,0,0,0,0,0,0,0,0,0,0,0,0,1,0,0,0,0,0,0,0,0,0,0,0,0,0,0,0,0,0,0,-1,-1,-1,-1,-1,-1,-1,-1,-1,-1,-1,-1,-1,-1,-1,-1,-1,-1,-1,-1,0,0.21471,-1,13335,92,272,2,2,2,291,1,0,0,0,0,1
2,0,0,1,0,0,0,0,0,0,0,0,0,0,0,0,0,1,25,2,0,0,0,0,0,0,0,0,0,0,0,0,0,0,0,0,8,24,0,0,0,0,0,1,0,0,0,0,0,0,0,0,0,0,0,0,0,1,0,0,0,0,0,0,0,0,0,0,0,0,0,0,0,0,0,0,-1,-1,-1,-1,-1,-1,-1,-1,-1,-1,-1,-1,-1,-1,-1,-1,-1,-1,-1,-1,0,0.154258,0,24940,6519,54,1,2,1,788,0,0,0,0,0,0
2,0,2,3,0,0,0,0,0,0,0,0,0,0,0,0,0,1,46,1,0,0,0,0,0,0,0,0,0,0,0,0,0,0,0,0,4,11,0,0,1,0,2,3,0,0,0,0,0,0,0,0,0,0,0,0,0,35,1,0,2,0,0,0,0,0,0,0,0,0,0,0,0,0,0,20,-1,-1,-1,-1,-1,-1,-1,-1,-1,-1,-1,-1,-1,-1,-1,-1,-1,-1,-1,-1,0,0.641865,0,15244,7098,3494,1,2,1,11853,0,0,0,0,0,1
2,0,0,0,0,0,0,0,0,0,0,0,0,0,0,0,0,1,26,2,0,0,0,0,0,0,0,0,0,0,0,0,0,0,0,0,9,26,0,0,-1,-1,-1,-1,-1,-1,-1,-1,-1,-1,-1,-1,-1,-1,-1,-1,-1,-1,-1,-1,-1,-1,-1,-1,-1,-1,-1,-1,-1,-1,-1,-1,-1,-1,-1,-1,-1,-1,-1,-1,-1,-1,-1,-1,-1,-1,-1,-1,-1,-1,-1,-1,-1,-1,-1,-1,0,1.088284,0,15169,-1,-1,1,4,0,15,1,0,0,0,0,0
1,1,0,10,0,0,0,0,0,0,0,0,0,0,0,0,0,1,86,1,0,0,0,0,0,0,0,0,0,0,0,0,0,0,0,0,7,21,0,0,0,1,0,10,0,0,0,0,0,0,0,0,0,0,0,0,0,65,0,0,0,0,0,0,0,0,0,0,0,0,0,0,0,0,0,1,-1,-1,-1,-1,-1,-1,-1,-1,-1,-1,-1,-1,-1,-1,-1,-1,-1,-1,-1,-1,0,0.8708040000000001,-1,32244,3244,42,1,2,1,269,1,1,0,0,0,1
2,1,0,6,0,0,0,0,0,0,0,0,0,0,0,0,0,1,52,2,0,0,0,0,0,0,0,0,0,0,0,0,0,0,0,0,4,17,0,0,0,1,0,6,0,0,0,0,0,0,0,0,0,0,0,0,0,35,0,0,0,0,0,0,0,0,0,0,0,0,0,0,0,0,0,0,-1,-1,-1,-1,-1,-1,-1,-1,-1,-1,-1,-1,-1,-1,-1,-1,-1,-1,-1,-1,0,0.092104,0,19551,5329,149,2,2,1,899,0,0,0,0,0,1
2,0,0,2,0,1,0,0,0,0,0,0,0,0,0,0,0,1,41,1,0,0,0,0,0,0,0,0,0,0,0,0,0,0,0,0,5,13,0,0,1,0,0,2,0,0,0,0,0,0,0,0,0,0,0,0,0,16,1,0,0,0,0,0,0,0,0,0,0,0,0,0,0,0,0,9,0,0,0,0,0,1,0,0,0,0,0,0,0,0,0,0,0,12,0,1,0,0.537327,1,200960,2145,45,1,2,1,3436,1,1,0,0,0,1
4,0,0,0,0,0,0,0,0,0,0,0,0,0,0,0,0,1,18,4,0,0,0,0,0,0,0,0,0,0,0,0,0,0,0,0,2,18,0,0,-1,-1,-1,-1,-1,-1,-1,-1,-1,-1,-1,-1,-1,-1,-1,-1,-1,-1,-1,-1,-1,-1,-1,-1,-1,-1,-1,-1,-1,-1,-1,-1,-1,-1,-1,-1,-1,-1,-1,-1,-1,-1,-1,-1,-1,-1,-1,-1,-1,-1,-1,-1,-1,-1,-1,-1,0,0.27626,-1,27715,8006,-1,1,2,1,585,1,2,0,0,0,0
1,0,0,0,0,0,0,0,0,0,0,0,0,0,0,0,0,1,15,1,0,0,0,0,0,0,0,0,0,0,0,0,0,0,0,0,7,15,0,0,-1,-1,-1,-1,-1,-1,-1,-1,-1,-1,-1,-1,-1,-1,-1,-1,-1,-1,-1,-1,-1,-1,-1,-1,-1,-1,-1,-1,-1,-1,-1,-1,-1,-1,-1,-1,-1,-1,-1,-1,-1,-1,-1,-1,-1,-1,-1,-1,-1,-1,-1,-1,-1,-1,-1,-1,0,0.585124,0,26496,2350,205,1,2,0,3592,0,0,0,0,0,0
3,0,0,1,0,0,0,0,0,0,0,0,0,0,0,0,0,1,24,3,0,0,0,0,0,0,0,0,0,0,0,0,0,0,0,0,4,23,0,0,0,0,0,1,0,0,0,0,0,0,0,0,0,0,0,0,0,1,0,0,0,0,0,0,0,0,0,0,0,0,0,0,0,0,0,0,-1,-1,-1,-1,-1,-1,-1,-1,-1,-1,-1,-1,-1,-1,-1,-1,-1,-1,-1,-1,0,-1.0,0,32475,-1,-1,1,2,1,14328,0,-1,0,0,0,0
3,0,0,4,0,0,0,0,0,0,0,0,0,0,0,0,0,1,51,2,0,0,0,0,0,0,0,0,0,0,0,0,0,0,0,0,7,26,0,0,1,0,0,4,0,0,0,0,0,0,0,0,0,0,0,0,0,25,1,0,0,0,0,0,0,0,0,0,0,0,0,0,0,0,0,6,-1,-1,-1,-1,-1,-1,-1,-1,-1,-1,-1,-1,-1,-1,-1,-1,-1,-1,-1,-1,0,0.411539,1,26496,5020,457,1,2,1,591,0,0,0,0,0,1
2,4,0,0,0,0,0,0,0,0,0,0,0,0,0,0,0,1,42,2,4,0,0,0,0,0,0,0,0,0,0,0,0,0,0,0,13,42,0,0,-1,-1,-1,-1,-1,-1,-1,-1,-1,-1,-1,-1,-1,-1,-1,-1,-1,-1,-1,-1,-1,-1,-1,-1,-1,-1,-1,-1,-1,-1,-1,-1,-1,-1,-1,-1,-1,-1,-1,-1,-1,-1,-1,-1,-1,-1,-1,-1,-1,-1,-1,-1,-1,-1,-1,-1,0,0.282639,0,15169,-1,-1,1,4,0,293,1,1,0,0,0,1
3,0,0,4,0,2,0,0,0,0,0,0,0,0,0,0,0,1,199,1,0,0,0,0,0,0,0,0,0,0,0,0,0,0,0,0,4,14,0,0,2,0,0,4,0,1,0,0,0,0,0,0,0,0,0,0,0,183,1,0,0,0,0,0,0,0,0,0,0,0,0,0,0,0,0,3,0,0,0,0,0,1,0,0,0,0,0,0,0,0,0,0,0,2,0,0,0,1.126854,0,58404,988,472,1,4,1,14307,1,0,0,0,0,1
1,3,0,4,0,0,0,0,0,0,1,0,0,0,0,0,0,1,49,1,0,0,0,0,0,0,0,0,0,0,0,0,0,0,0,0,1,11,0,0,0,3,0,4,0,0,0,0,0,0,1,0,0,0,0,0,0,38,0,0,0,0,0,0,0,0,0,0,0,0,0,0,0,0,0,0,-1,-1,-1,-1,-1,-1,-1,-1,-1,-1,-1,-1,-1,-1,-1,-1,-1,-1,-1,-1,0,0.562736,0,20013,1215,245,1,4,0,3221,0,0,0,0,0,1
2,0,0,0,0,0,0,0,0,0,0,0,0,0,0,0,0,1,13,2,0,0,0,0,0,0,0,0,0,0,0,0,0,0,0,0,4,13,0,0,-1,-1,-1,-1,-1,-1,-1,-1,-1,-1,-1,-1,-1,-1,-1,-1,-1,-1,-1,-1,-1,-1,-1,-1,-1,-1,-1,-1,-1,-1,-1,-1,-1,-1,-1,-1,-1,-1,-1,-1,-1,-1,-1,-1,-1,-1,-1,-1,-1,-1,-1,-1,-1,-1,-1,-1,0,0.657624,0,133618,3683,333,1,2,1,3598,0,1,0,0,0,0
2,0,0,2,0,0,0,0,0,0,0,0,0,0,0,0,0,1,36,1,0,0,0,0,0,0,0,0,0,0,0,0,0,0,0,0,5,12,0,0,1,0,0,2,0,0,0,0,0,0,0,0,0,0,0,0,0,24,1,0,0,0,0,0,0,0,0,0,0,0,0,0,0,0,0,11,-1,-1,-1,-1,-1,-1,-1,-1,-1,-1,-1,-1,-1,-1,-1,-1,-1,-1,-1,-1,0,0.441119,0,7151,2619,668,1,2,1,8059,0,0,0,0,0,1
1,0,0,1,0,0,0,0,0,0,0,0,0,0,0,0,0,1,23,1,0,0,0,0,0,0,0,0,0,0,0,0,0,0,0,0,3,10,0,0,0,0,0,1,0,0,0,0,0,0,0,0,0,0,0,0,0,13,0,0,0,0,0,0,0,0,0,0,0,0,0,0,0,0,0,12,-1,-1,-1,-1,-1,-1,-1,-1,-1,-1,-1,-1,-1,-1,-1,-1,-1,-1,-1,-1,0,0.367623,0,33494,6013,194,1,2,1,281,1,2,0,0,0,1
2,1,0,6,0,0,0,0,0,0,0,0,0,0,0,0,0,1,72,1,1,0,0,0,0,0,0,0,0,0,0,0,0,0,0,0,4,14,0,0,1,0,0,6,0,0,0,0,0,0,0,0,0,0,0,0,0,58,1,0,0,0,0,0,0,0,0,0,0,0,0,0,0,0,0,9,-1,-1,-1,-1,-1,-1,-1,-1,-1,-1,-1,-1,-1,-1,-1,-1,-1,-1,-1,-1,0,0.50918,0,8342,2569,352,1,2,1,9761,0,0,0,0,0,1
1,0,0,3,0,0,0,0,0,0,0,0,0,0,0,0,0,1,37,1,0,0,0,0,0,0,0,0,0,0,0,0,0,0,0,0,6,22,0,0,0,0,0,3,0,0,0,0,0,0,0,0,0,0,0,0,0,15,0,0,0,0,0,0,0,0,0,0,0,0,0,0,0,0,0,0,-1,-1,-1,-1,-1,-1,-1,-1,-1,-1,-1,-1,-1,-1,-1,-1,-1,-1,-1,-1,0,9.327898,1,19551,2063,127,2,2,6,14384,0,0,0,0,0,1
2,0,0,3,0,1,0,0,0,0,0,0,0,0,0,0,0,2,27,1,0,0,0,0,0,0,0,0,0,0,0,0,0,0,0,0,4,10,0,0,1,0,0,3,0,1,0,0,0,0,0,0,0,0,0,0,0,17,0,0,0,0,0,0,0,0,0,0,0,0,0,0,0,0,0,0,-1,-1,-1,-1,-1,-1,-1,-1,-1,-1,-1,-1,-1,-1,-1,-1,-1,-1,-1,-1,0,0.07543899999999999,-1,41828,209,155,1,2,1,1281,0,0,0,0,0,1
4,0,0,1,0,0,0,0,0,0,0,0,0,0,0,0,0,1,53,3,0,0,0,0,0,0,0,0,0,0,0,0,0,0,0,0,13,36,0,0,1,0,0,1,0,0,0,0,0,0,0,0,0,0,0,0,0,17,1,0,0,0,0,0,0,0,0,0,0,0,0,0,0,0,0,16,-1,-1,-1,-1,-1,-1,-1,-1,-1,-1,-1,-1,-1,-1,-1,-1,-1,-1,-1,-1,0,0.424417,0,14061,-1,-1,1,2,0,292,1,0,0,0,0,1
3,0,0,0,0,0,0,0,0,0,0,0,0,0,0,0,0,1,13,3,0,0,0,0,0,0,0,0,0,0,0,0,0,0,0,0,2,13,0,0,-1,-1,-1,-1,-1,-1,-1,-1,-1,-1,-1,-1,-1,-1,-1,-1,-1,-1,-1,-1,-1,-1,-1,-1,-1,-1,-1,-1,-1,-1,-1,-1,-1,-1,-1,-1,-1,-1,-1,-1,-1,-1,-1,-1,-1,-1,-1,-1,-1,-1,-1,-1,-1,-1,-1,-1,0,0.269279,0,2818,-1,2625,4,4,2,114,1,1,0,0,0,0
2,0,0,0,0,0,0,0,0,0,0,0,0,0,0,0,0,1,17,2,0,0,0,0,0,0,0,0,0,0,0,0,0,0,0,0,4,17,0,0,-1,-1,-1,-1,-1,-1,-1,-1,-1,-1,-1,-1,-1,-1,-1,-1,-1,-1,-1,-1,-1,-1,-1,-1,-1,-1,-1,-1,-1,-1,-1,-1,-1,-1,-1,-1,-1,-1,-1,-1,-1,-1,-1,-1,-1,-1,-1,-1,-1,-1,-1,-1,-1,-1,-1,-1,0,0.7444729999999999,0,32244,5314,163,1,2,1,21596,1,1,0,0,0,0
1,3,0,5,0,1,0,0,0,0,0,0,0,0,0,0,0,1,91,1,0,0,0,0,0,0,0,0,0,0,0,0,0,0,0,0,4,11,0,0,0,3,0,5,0,1,0,0,0,0,0,0,0,0,0,0,0,80,0,0,0,0,0,0,0,0,0,0,0,0,0,0,0,0,0,0,-1,-1,-1,-1,-1,-1,-1,-1,-1,-1,-1,-1,-1,-1,-1,-1,-1,-1,-1,-1,0,1.868707,0,32748,6703,235,1,4,3,8,1,1,0,0,0,1
2,0,0,3,0,0,0,0,0,0,0,0,0,0,0,0,0,1,47,2,0,0,0,0,0,0,0,0,0,0,0,0,0,0,0,0,9,28,0,0,0,0,0,3,0,0,0,0,0,0,0,0,0,0,0,0,0,19,0,0,0,0,0,0,0,0,0,0,0,0,0,0,0,0,0,3,-1,-1,-1,-1,-1,-1,-1,-1,-1,-1,-1,-1,-1,-1,-1,-1,-1,-1,-1,-1,0,0.286258,0,55053,-1,-1,1,2,1,3372,1,0,0,0,0,0
4,0,0,0,0,0,0,0,0,0,0,0,0,0,0,0,0,1,28,4,0,0,0,0,0,0,0,0,0,0,0,0,0,0,0,0,7,28,0,0,-1,-1,-1,-1,-1,-1,-1,-1,-1,-1,-1,-1,-1,-1,-1,-1,-1,-1,-1,-1,-1,-1,-1,-1,-1,-1,-1,-1,-1,-1,-1,-1,-1,-1,-1,-1,-1,-1,-1,-1,-1,-1,-1,-1,-1,-1,-1,-1,-1,-1,-1,-1,-1,-1,-1,-1,0,0.998492,0,262967,565,-1,1,3,3,357,1,0,0,0,0,0
1,0,0,1,0,0,0,0,0,0,0,0,0,0,0,0,0,1,26,1,0,0,0,0,0,0,0,0,0,0,0,0,0,0,0,0,3,11,0,0,0,0,0,1,0,0,0,0,0,0,0,0,0,0,0,0,0,15,0,0,0,0,0,0,0,0,0,0,0,0,0,0,0,0,0,14,-1,-1,-1,-1,-1,-1,-1,-1,-1,-1,-1,-1,-1,-1,-1,-1,-1,-1,-1,-1,0,0.241726,1,13414,6831,473,2,12,5,1302,1,0,0,0,0,0
3,1,0,4,0,0,0,0,0,0,0,0,0,0,0,0,0,2,48,1,0,0,0,0,0,0,0,0,0,0,0,0,0,0,0,0,2,10,0,0,2,1,0,4,0,0,0,0,0,0,0,0,0,0,0,0,0,38,0,0,0,0,0,0,0,0,0,0,0,0,0,0,0,0,0,0,-1,-1,-1,-1,-1,-1,-1,-1,-1,-1,-1,-1,-1,-1,-1,-1,-1,-1,-1,-1,0,0.238857,1,46606,2391,165,1,2,1,14316,0,1,0,0,0,1
1,0,0,0,0,0,0,0,0,0,0,0,0,0,0,0,0,1,7,1,0,0,0,0,0,0,0,0,0,0,0,0,0,0,0,0,2,7,0,0,-1,-1,-1,-1,-1,-1,-1,-1,-1,-1,-1,-1,-1,-1,-1,-1,-1,-1,-1,-1,-1,-1,-1,-1,-1,-1,-1,-1,-1,-1,-1,-1,-1,-1,-1,-1,-1,-1,-1,-1,-1,-1,-1,-1,-1,-1,-1,-1,-1,-1,-1,-1,-1,-1,-1,-1,0,0.182844,-1,12824,5007,-1,1,1,1,9175,1,1,0,0,0,0
3,0,0,0,0,0,0,0,0,0,0,0,0,0,0,0,0,1,23,3,0,0,0,0,0,0,0,0,0,0,0,0,0,0,0,0,8,23,0,0,-1,-1,-1,-1,-1,-1,-1,-1,-1,-1,-1,-1,-1,-1,-1,-1,-1,-1,-1,-1,-1,-1,-1,-1,-1,-1,-1,-1,-1,-1,-1,-1,-1,-1,-1,-1,-1,-1,-1,-1,-1,-1,-1,-1,-1,-1,-1,-1,-1,-1,-1,-1,-1,-1,-1,-1,0,0.413287,0,14618,8490,-1,1,4,7,288,0,0,0,0,0,0
4,0,0,7,0,1,0,0,0,0,0,0,0,0,0,0,0,2,97,2,0,0,0,0,0,0,0,0,0,0,0,0,0,0,0,0,6,22,0,0,2,0,0,7,0,0,0,0,0,0,0,0,0,0,0,0,0,66,1,0,0,0,0,0,0,0,0,0,0,0,0,0,0,0,0,9,0,0,0,0,0,1,0,0,0,0,0,0,0,0,0,0,0,9,0,1,0,1.482521,0,20013,326,38,1,2,0,497,1,0,0,0,0,1
2,0,0,0,0,0,0,0,0,0,0,0,0,0,0,0,0,1,18,2,0,0,0,0,0,0,0,0,0,0,0,0,0,0,0,0,4,18,0,0,-1,-1,-1,-1,-1,-1,-1,-1,-1,-1,-1,-1,-1,-1,-1,-1,-1,-1,-1,-1,-1,-1,-1,-1,-1,-1,-1,-1,-1,-1,-1,-1,-1,-1,-1,-1,-1,-1,-1,-1,-1,-1,-1,-1,-1,-1,-1,-1,-1,-1,-1,-1,-1,-1,-1,-1,0,0.396952,0,32097,4494,253,1,5,0,1797,0,0,0,0,0,0
3,0,0,3,0,0,0,0,0,0,0,0,0,0,0,0,0,1,43,2,0,0,0,0,0,0,0,0,0,0,0,0,0,0,0,0,5,20,0,0,1,0,0,3,0,0,0,0,0,0,0,0,0,0,0,0,0,23,1,0,0,0,0,0,0,0,0,0,0,0,0,0,0,0,0,9,-1,-1,-1,-1,-1,-1,-1,-1,-1,-1,-1,-1,-1,-1,-1,-1,-1,-1,-1,-1,0,3.771264,0,45544,4933,179,1,3,2,3598,0,0,0,0,0,1
2,0,0,5,0,0,0,0,0,0,0,0,0,0,0,0,0,1,47,1,0,0,0,0,0,0,0,0,0,0,0,0,0,0,0,0,7,16,0,0,1,0,0,5,0,0,0,0,0,0,0,0,0,0,0,0,0,31,1,0,0,0,0,0,0,0,0,0,0,0,0,0,0,0,0,9,-1,-1,-1,-1,-1,-1,-1,-1,-1,-1,-1,-1,-1,-1,-1,-1,-1,-1,-1,-1,0,0.134239,-1,39758,5141,1827,1,2,1,841,0,0,0,0,0,1
3,0,0,1,0,1,0,0,0,0,0,0,0,0,0,0,0,1,44,2,0,0,0,0,0,0,0,0,0,0,0,0,0,0,0,0,3,16,0,0,1,0,0,1,0,0,0,0,0,0,0,0,0,0,0,0,0,22,1,0,0,0,0,0,0,0,0,0,0,0,0,0,0,0,0,21,0,0,0,0,0,1,0,0,0,0,0,0,0,0,0,0,0,6,0,1,0,-1.0,0,-1,437,292,-1,4,0,-1,0,-1,0,0,0,0
2,1,0,1,0,0,0,0,0,0,0,0,0,0,0,0,0,1,23,2,1,0,0,0,0,0,0,0,0,0,0,0,0,0,0,0,7,22,0,0,0,0,0,1,0,0,0,0,0,0,0,0,0,0,0,0,0,1,0,0,0,0,0,0,0,0,0,0,0,0,0,0,0,0,0,0,-1,-1,-1,-1,-1,-1,-1,-1,-1,-1,-1,-1,-1,-1,-1,-1,-1,-1,-1,-1,0,-1.0,0,-1,-1,-1,-1,4,0,-1,0,-1,0,0,0,0
15,1,0,3,1,6,1,10,0,0,0,0,0,0,0,0,1,2,275,1,0,0,0,0,0,0,0,0,0,0,0,0,0,0,0,0,7,20,0,0,1,0,0,3,0,0,0,0,0,0,0,0,0,0,0,0,1,24,1,0,0,0,0,0,0,0,0,0,0,0,0,0,0,0,0,7,13,1,0,0,1,6,1,10,0,0,0,0,0,0,0,0,0,231,1,4,1,0.27564,1,26347,4514,233,1,3,1,4509,0,0,0,0,0,1
2,0,0,3,0,1,0,0,0,0,0,0,0,0,0,0,0,1,56,2,0,0,0,0,0,0,0,0,0,0,0,0,0,0,0,0,6,16,0,0,0,0,0,3,0,0,0,0,0,0,0,0,0,0,0,0,0,22,0,0,0,0,0,0,0,0,0,0,0,0,0,0,0,0,0,0,0,0,0,0,0,1,0,0,0,0,0,0,0,0,0,0,0,18,0,1,0,0.203117,0,15169,-1,-1,1,4,5,292,1,0,0,0,0,1
2,0,0,0,0,0,0,0,0,0,0,0,0,0,0,0,0,1,17,2,0,0,0,0,0,0,0,0,0,0,0,0,0,0,0,0,4,17,0,0,-1,-1,-1,-1,-1,-1,-1,-1,-1,-1,-1,-1,-1,-1,-1,-1,-1,-1,-1,-1,-1,-1,-1,-1,-1,-1,-1,-1,-1,-1,-1,-1,-1,-1,-1,-1,-1,-1,-1,-1,-1,-1,-1,-1,-1,-1,-1,-1,-1,-1,-1,-1,-1,-1,-1,-1,0,0.681818,0,2818,7019,285,4,4,0,3598,0,2,0,0,0,0
2,0,0,1,0,0,0,0,0,0,0,0,0,0,0,0,0,1,18,2,0,0,0,0,0,0,0,0,0,0,0,0,0,0,0,0,5,17,0,0,0,0,0,1,0,0,0,0,0,0,0,0,0,0,0,0,0,1,0,0,0,0,0,0,0,0,0,0,0,0,0,0,0,0,0,0,-1,-1,-1,-1,-1,-1,-1,-1,-1,-1,-1,-1,-1,-1,-1,-1,-1,-1,-1,-1,0,0.723705,1,30633,-1,-1,1,2,1,110,1,0,0,0,0,0
2,0,0,2,0,0,0,0,0,0,0,0,0,0,0,0,0,1,26,1,0,0,0,0,0,0,0,0,0,0,0,0,0,0,0,0,4,9,0,0,1,0,0,2,0,0,0,0,0,0,0,0,0,0,0,0,0,17,1,0,0,0,0,0,0,0,0,0,0,0,0,0,0,0,0,10,-1,-1,-1,-1,-1,-1,-1,-1,-1,-1,-1,-1,-1,-1,-1,-1,-1,-1,-1,-1,0,0.428803,1,46606,2335,219,1,2,1,14224,0,0,0,0,0,1
3,0,0,8,0,0,0,0,0,0,0,0,0,0,0,0,0,1,89,3,0,0,0,0,0,0,0,0,0,0,0,0,0,0,0,0,12,37,0,0,0,0,0,8,0,0,0,0,0,0,0,0,0,0,0,0,0,52,0,0,0,0,0,0,0,0,0,0,0,0,0,0,0,0,0,0,-1,-1,-1,-1,-1,-1,-1,-1,-1,-1,-1,-1,-1,-1,-1,-1,-1,-1,-1,-1,0,0.287389,0,14166,-1,-1,1,3,1,7159,0,0,0,0,0,1
2,0,0,0,0,0,0,0,0,0,0,0,0,0,0,0,0,1,19,2,0,0,0,0,0,0,0,0,0,0,0,0,0,0,0,0,5,19,0,0,-1,-1,-1,-1,-1,-1,-1,-1,-1,-1,-1,-1,-1,-1,-1,-1,-1,-1,-1,-1,-1,-1,-1,-1,-1,-1,-1,-1,-1,-1,-1,-1,-1,-1,-1,-1,-1,-1,-1,-1,-1,-1,-1,-1,-1,-1,-1,-1,-1,-1,-1,-1,-1,-1,-1,-1,0,0.097577,0,15169,8623,508,1,6,1,5615,1,1,0,0,0,0
2,0,1,3,0,3,0,2,0,0,0,0,0,0,0,0,0,1,207,1,0,0,0,0,0,0,0,0,0,0,0,0,0,0,0,0,5,14,0,0,1,0,0,3,0,0,0,0,0,0,0,0,0,0,0,0,0,28,1,0,0,0,0,0,0,0,0,0,0,0,0,0,0,0,0,9,0,0,1,0,0,3,0,2,0,0,0,0,0,0,0,0,0,165,0,3,0,0.4788810000000001,1,20013,8173,227,1,2,1,14391,1,0,0,0,0,1
1,0,0,0,0,0,0,0,0,0,0,0,0,0,0,0,0,0,12,1,0,0,0,0,0,0,0,0,0,0,0,0,0,0,0,0,2,6,0,0,-1,-1,-1,-1,-1,-1,-1,-1,-1,-1,-1,-1,-1,-1,-1,-1,-1,-1,-1,-1,-1,-1,-1,-1,-1,-1,-1,-1,-1,-1,-1,-1,-1,-1,-1,-1,-1,-1,-1,-1,-1,-1,-1,-1,-1,-1,-1,-1,-1,-1,-1,-1,-1,-1,-1,-1,0,0.116267,0,13335,1675,150,2,2,0,291,0,-1,0,0,0,1
1,0,0,2,0,0,0,0,0,0,0,0,0,0,0,0,0,1,19,1,0,0,0,0,0,0,0,0,0,0,0,0,0,0,0,0,6,16,0,0,0,0,0,2,0,0,0,0,0,0,0,0,0,0,0,0,0,3,0,0,0,0,0,0,0,0,0,0,0,0,0,0,0,0,0,0,-1,-1,-1,-1,-1,-1,-1,-1,-1,-1,-1,-1,-1,-1,-1,-1,-1,-1,-1,-1,0,0.456824,-1,24940,2359,196,1,3,1,14392,1,0,0,0,0,1
2,0,0,3,0,0,0,0,0,0,0,0,0,0,0,0,0,1,42,2,0,0,0,0,0,0,0,0,0,0,0,0,0,0,0,0,4,20,0,0,0,0,0,3,0,0,0,0,0,0,0,0,0,0,0,0,0,22,0,0,0,0,0,0,0,0,0,0,0,0,0,0,0,0,0,8,-1,-1,-1,-1,-1,-1,-1,-1,-1,-1,-1,-1,-1,-1,-1,-1,-1,-1,-1,-1,0,0.216969,0,16509,6842,462,1,2,1,34066,1,0,0,0,0,0
3,0,0,1,0,1,0,0,0,0,0,0,0,0,0,0,0,1,131,3,0,0,0,0,0,0,0,0,0,0,0,0,0,0,0,0,2,15,0,0,0,0,0,1,0,0,0,0,0,0,0,0,0,0,0,0,0,1,0,0,0,0,0,0,0,0,0,0,0,0,0,0,0,0,0,0,0,0,0,0,0,1,0,0,0,0,0,0,0,0,0,0,0,115,0,1,0,0.363304,0,22606,-1,-1,1,4,1,12562,1,0,0,0,0,1
2,0,0,0,0,0,0,0,0,0,0,0,0,0,0,0,0,1,17,2,0,0,0,0,0,0,0,0,0,0,0,0,0,0,0,0,5,17,0,0,-1,-1,-1,-1,-1,-1,-1,-1,-1,-1,-1,-1,-1,-1,-1,-1,-1,-1,-1,-1,-1,-1,-1,-1,-1,-1,-1,-1,-1,-1,-1,-1,-1,-1,-1,-1,-1,-1,-1,-1,-1,-1,-1,-1,-1,-1,-1,-1,-1,-1,-1,-1,-1,-1,-1,-1,0,0.297951,0,14618,4181,201,2,4,0,7,0,1,0,0,0,0
2,0,0,0,0,0,0,0,0,0,0,0,0,0,0,0,0,1,20,2,0,0,0,0,0,0,0,0,0,0,0,0,0,0,0,0,6,20,0,0,-1,-1,-1,-1,-1,-1,-1,-1,-1,-1,-1,-1,-1,-1,-1,-1,-1,-1,-1,-1,-1,-1,-1,-1,-1,-1,-1,-1,-1,-1,-1,-1,-1,-1,-1,-1,-1,-1,-1,-1,-1,-1,-1,-1,-1,-1,-1,-1,-1,-1,-1,-1,-1,-1,-1,-1,0,8.820153,0,13335,6188,20,2,2,1,298,0,-1,0,0,0,0
2,0,0,0,0,0,0,0,0,0,0,0,0,0,0,0,0,1,15,2,0,0,0,0,0,0,0,0,0,0,0,0,0,0,0,0,4,15,0,0,-1,-1,-1,-1,-1,-1,-1,-1,-1,-1,-1,-1,-1,-1,-1,-1,-1,-1,-1,-1,-1,-1,-1,-1,-1,-1,-1,-1,-1,-1,-1,-1,-1,-1,-1,-1,-1,-1,-1,-1,-1,-1,-1,-1,-1,-1,-1,-1,-1,-1,-1,-1,-1,-1,-1,-1,0,0.4311180000000001,-1,50113,5093,384,1,2,1,21592,0,0,0,0,0,0
1,0,0,0,0,0,0,0,0,0,0,0,0,0,0,0,0,1,9,1,0,0,0,0,0,0,0,0,0,0,0,0,0,0,0,0,3,9,0,0,-1,-1,-1,-1,-1,-1,-1,-1,-1,-1,-1,-1,-1,-1,-1,-1,-1,-1,-1,-1,-1,-1,-1,-1,-1,-1,-1,-1,-1,-1,-1,-1,-1,-1,-1,-1,-1,-1,-1,-1,-1,-1,-1,-1,-1,-1,-1,-1,-1,-1,-1,-1,-1,-1,-1,-1,0,0.875936,1,13335,2438,118,2,2,5,296,1,2,0,0,0,0
2,0,0,0,0,0,0,0,0,0,0,0,0,0,0,0,0,1,29,2,0,0,0,0,0,0,0,0,0,0,0,0,0,0,0,0,10,29,0,0,-1,-1,-1,-1,-1,-1,-1,-1,-1,-1,-1,-1,-1,-1,-1,-1,-1,-1,-1,-1,-1,-1,-1,-1,-1,-1,-1,-1,-1,-1,-1,-1,-1,-1,-1,-1,-1,-1,-1,-1,-1,-1,-1,-1,-1,-1,-1,-1,-1,-1,-1,-1,-1,-1,-1,-1,0,0.612885,-1,36351,6421,152,1,2,1,14394,0,-1,0,0,0,0
2,0,0,2,0,0,0,0,0,0,0,0,0,0,0,0,0,1,30,2,0,0,0,0,0,0,0,0,0,0,0,0,0,0,0,0,6,21,0,0,0,0,0,2,0,0,0,0,0,0,0,0,0,0,0,0,0,9,0,0,0,0,0,0,0,0,0,0,0,0,0,0,0,0,0,4,-1,-1,-1,-1,-1,-1,-1,-1,-1,-1,-1,-1,-1,-1,-1,-1,-1,-1,-1,-1,0,0.061826,0,20940,3048,604,5,3,2,273,1,3,0,0,0,0
1,0,0,4,0,0,0,0,0,0,0,0,0,0,0,0,0,1,33,1,0,0,0,0,0,0,0,0,0,0,0,0,0,0,0,0,3,10,0,0,0,0,0,4,0,0,0,0,0,0,0,0,0,0,0,0,0,23,0,0,0,0,0,0,0,0,0,0,0,0,0,0,0,0,0,0,-1,-1,-1,-1,-1,-1,-1,-1,-1,-1,-1,-1,-1,-1,-1,-1,-1,-1,-1,-1,0,1.090448,0,45324,1720,470,1,2,1,455,1,1,0,0,0,1
3,0,0,1,0,0,0,0,0,0,0,0,0,0,0,0,0,1,19,2,0,0,0,0,0,0,0,0,0,0,0,0,0,0,0,0,2,11,0,0,1,0,0,1,0,0,0,0,0,0,0,0,0,0,0,0,0,8,1,0,0,0,0,0,0,0,0,0,0,0,0,0,0,0,0,7,-1,-1,-1,-1,-1,-1,-1,-1,-1,-1,-1,-1,-1,-1,-1,-1,-1,-1,-1,-1,0,0.32682,0,47583,-1,-1,1,4,1,14393,0,0,0,0,0,1
3,0,0,2,0,2,0,0,0,0,0,0,0,0,0,0,0,1,65,3,0,0,0,0,0,0,0,0,0,0,0,0,0,0,0,0,13,40,0,0,0,0,0,2,0,0,0,0,0,0,0,0,0,0,0,0,0,17,0,0,0,0,0,0,0,0,0,0,0,0,0,0,0,0,0,8,0,0,0,0,0,2,0,0,0,0,0,0,0,0,0,0,0,8,0,1,0,0.120762,0,14618,-1,-1,2,4,5,55,1,0,0,0,0,1
2,0,0,1,0,0,0,0,0,0,0,0,0,0,0,0,0,1,20,2,0,0,0,0,0,0,0,0,0,0,0,0,0,0,0,0,6,19,0,0,0,0,0,1,0,0,0,0,0,0,0,0,0,0,0,0,0,1,0,0,0,0,0,0,0,0,0,0,0,0,0,0,0,0,0,0,-1,-1,-1,-1,-1,-1,-1,-1,-1,-1,-1,-1,-1,-1,-1,-1,-1,-1,-1,-1,0,1.096459,0,63949,6294,279,1,5,2,21598,1,1,0,0,0,0
2,0,0,0,0,0,0,0,0,0,0,0,0,0,0,0,0,1,16,2,0,0,0,0,0,0,0,0,0,0,0,0,0,0,0,0,5,16,0,0,-1,-1,-1,-1,-1,-1,-1,-1,-1,-1,-1,-1,-1,-1,-1,-1,-1,-1,-1,-1,-1,-1,-1,-1,-1,-1,-1,-1,-1,-1,-1,-1,-1,-1,-1,-1,-1,-1,-1,-1,-1,-1,-1,-1,-1,-1,-1,-1,-1,-1,-1,-1,-1,-1,-1,-1,0,3.404389,0,3216,-1,-1,1,2,1,587,0,0,0,0,0,1
3,1,0,5,0,0,0,0,0,0,0,0,0,0,0,0,0,1,70,2,0,0,0,0,0,0,0,0,0,0,0,0,0,0,0,0,11,27,0,0,1,1,0,5,0,0,0,0,0,0,0,0,0,0,0,0,0,43,1,0,0,0,0,0,0,0,0,0,0,0,0,0,0,0,0,16,-1,-1,-1,-1,-1,-1,-1,-1,-1,-1,-1,-1,-1,-1,-1,-1,-1,-1,-1,-1,0,0.457211,1,20013,2991,661,1,2,1,9146,1,0,0,0,0,1
1,0,0,0,0,0,0,0,0,0,0,0,0,0,0,0,0,1,16,1,0,0,0,0,0,0,0,0,0,0,0,0,0,0,0,0,5,16,0,0,-1,-1,-1,-1,-1,-1,-1,-1,-1,-1,-1,-1,-1,-1,-1,-1,-1,-1,-1,-1,-1,-1,-1,-1,-1,-1,-1,-1,-1,-1,-1,-1,-1,-1,-1,-1,-1,-1,-1,-1,-1,-1,-1,-1,-1,-1,-1,-1,-1,-1,-1,-1,-1,-1,-1,-1,0,0.22635,1,13335,2547,374,2,2,4,292,1,1,0,0,0,0
2,0,0,0,0,0,0,0,0,0,0,0,0,0,0,0,0,1,14,2,0,0,0,0,0,0,0,0,0,0,0,0,0,0,0,0,2,14,0,0,-1,-1,-1,-1,-1,-1,-1,-1,-1,-1,-1,-1,-1,-1,-1,-1,-1,-1,-1,-1,-1,-1,-1,-1,-1,-1,-1,-1,-1,-1,-1,-1,-1,-1,-1,-1,-1,-1,-1,-1,-1,-1,-1,-1,-1,-1,-1,-1,-1,-1,-1,-1,-1,-1,-1,-1,0,0.122808,0,36351,2196,755,1,2,1,291,0,1,0,0,0,0
3,0,0,3,0,0,0,0,0,0,0,0,0,0,0,0,0,1,35,2,0,0,0,0,0,0,0,0,0,0,0,0,0,0,0,0,5,15,0,0,1,0,0,3,0,0,0,0,0,0,0,0,0,0,0,0,0,20,1,0,0,0,0,0,0,0,0,0,0,0,0,0,0,0,0,10,-1,-1,-1,-1,-1,-1,-1,-1,-1,-1,-1,-1,-1,-1,-1,-1,-1,-1,-1,-1,0,0.3662510000000001,1,701,-1,-1,1,2,5,50,1,3,0,0,0,1
1,0,0,0,0,0,0,0,0,0,0,0,0,0,0,0,0,1,13,1,0,0,0,0,0,0,0,0,0,0,0,0,0,0,0,0,6,13,0,0,-1,-1,-1,-1,-1,-1,-1,-1,-1,-1,-1,-1,-1,-1,-1,-1,-1,-1,-1,-1,-1,-1,-1,-1,-1,-1,-1,-1,-1,-1,-1,-1,-1,-1,-1,-1,-1,-1,-1,-1,-1,-1,-1,-1,-1,-1,-1,-1,-1,-1,-1,-1,-1,-1,-1,-1,0,0.127391,-1,20940,8209,191,1,4,0,17,1,2,0,0,0,0
1,0,0,4,0,0,0,0,0,0,0,0,0,0,0,0,0,1,42,1,0,0,0,0,0,0,0,0,0,0,0,0,0,0,0,0,9,21,0,0,0,0,0,4,0,0,0,0,0,0,0,0,0,0,0,0,0,21,0,0,0,0,0,0,0,0,0,0,0,0,0,0,0,0,0,0,-1,-1,-1,-1,-1,-1,-1,-1,-1,-1,-1,-1,-1,-1,-1,-1,-1,-1,-1,-1,0,1.040429,0,31122,2987,-1,1,3,1,14392,0,0,0,0,0,1
2,0,0,3,0,0,0,0,0,0,0,0,0,0,0,0,0,1,53,1,0,0,0,0,0,0,0,0,0,0,0,0,0,0,0,0,11,24,0,0,1,0,0,3,0,0,0,0,0,0,0,0,0,0,0,0,0,29,1,0,0,0,0,0,0,0,0,0,0,0,0,0,0,0,0,11,-1,-1,-1,-1,-1,-1,-1,-1,-1,-1,-1,-1,-1,-1,-1,-1,-1,-1,-1,-1,0,1.6513520000000002,1,20013,4485,262,1,2,1,9268,0,0,0,0,0,1
2,1,0,3,0,0,0,0,0,0,0,0,0,0,0,0,0,1,36,2,0,0,0,0,0,0,0,0,0,0,0,0,0,0,0,0,3,13,0,0,0,1,0,3,0,0,0,0,0,0,0,0,0,0,0,0,0,23,0,0,0,0,0,0,0,0,0,0,0,0,0,0,0,0,0,0,-1,-1,-1,-1,-1,-1,-1,-1,-1,-1,-1,-1,-1,-1,-1,-1,-1,-1,-1,-1,0,0.182004,0,31034,7084,220,1,4,1,10289,0,1,0,0,0,1
2,0,0,0,0,0,0,0,0,0,0,0,0,0,0,0,0,1,18,2,0,0,0,0,0,0,0,0,0,0,0,0,0,0,0,0,4,18,0,0,-1,-1,-1,-1,-1,-1,-1,-1,-1,-1,-1,-1,-1,-1,-1,-1,-1,-1,-1,-1,-1,-1,-1,-1,-1,-1,-1,-1,-1,-1,-1,-1,-1,-1,-1,-1,-1,-1,-1,-1,-1,-1,-1,-1,-1,-1,-1,-1,-1,-1,-1,-1,-1,-1,-1,-1,0,0.280573,0,15169,6118,3377,1,5,1,1185,1,0,0,0,0,0
2,0,0,2,0,0,0,0,0,0,0,0,0,0,0,0,0,1,37,1,0,0,0,0,0,0,0,0,0,0,0,0,0,0,0,0,6,16,0,0,1,0,0,2,0,0,0,0,0,0,0,0,0,0,0,0,0,21,1,0,0,0,0,0,0,0,0,0,0,0,0,0,0,0,0,9,-1,-1,-1,-1,-1,-1,-1,-1,-1,-1,-1,-1,-1,-1,-1,-1,-1,-1,-1,-1,0,0.457513,-1,-1,2193,362,2,2,2,592,1,0,0,0,0,1
3,4,0,2,0,0,0,0,0,0,0,0,0,0,0,0,0,1,77,2,4,0,0,0,0,0,0,0,0,0,0,0,0,0,0,0,15,56,0,0,1,0,0,2,0,0,0,0,0,0,0,0,0,0,0,0,0,21,1,0,0,0,0,0,0,0,0,0,0,0,0,0,0,0,0,10,-1,-1,-1,-1,-1,-1,-1,-1,-1,-1,-1,-1,-1,-1,-1,-1,-1,-1,-1,-1,0,-1.0,0,31034,-1,-1,1,4,1,2513,0,-1,0,0,0,1
2,0,0,3,0,0,0,0,0,0,0,0,0,0,0,0,0,1,49,2,0,0,0,0,0,0,0,0,0,0,0,0,0,0,0,0,6,16,0,0,0,0,0,3,0,0,0,0,0,0,0,0,0,0,0,0,0,33,0,0,0,0,0,0,0,0,0,0,0,0,0,0,0,0,0,0,-1,-1,-1,-1,-1,-1,-1,-1,-1,-1,-1,-1,-1,-1,-1,-1,-1,-1,-1,-1,0,0.208548,0,15169,-1,-1,1,4,5,154,1,0,0,0,0,1
2,0,1,5,0,3,0,2,0,0,0,0,0,0,0,0,9,1,256,1,0,0,0,0,0,0,0,0,0,0,0,0,0,0,0,0,3,9,0,0,1,0,0,5,0,0,0,0,0,0,0,0,0,0,0,0,9,103,1,0,0,0,0,0,0,0,0,0,0,0,0,0,0,0,0,9,0,0,1,0,0,3,0,2,0,0,0,0,0,0,0,0,0,144,0,3,0,0.220688,1,13335,1721,104,2,2,4,89,1,2,0,0,0,1
3,8,0,3,0,0,0,0,0,0,0,0,0,0,0,0,0,1,82,2,0,0,0,0,0,0,0,0,0,0,0,0,0,0,0,0,4,15,0,0,1,8,0,3,0,0,0,0,0,0,0,0,0,0,0,0,0,67,1,0,0,0,0,0,0,0,0,0,0,0,0,0,0,0,0,12,-1,-1,-1,-1,-1,-1,-1,-1,-1,-1,-1,-1,-1,-1,-1,-1,-1,-1,-1,-1,0,0.152981,0,20940,6757,1642,1,8,1,19,1,1,0,0,0,0
1,0,0,5,0,0,0,0,0,0,0,0,0,0,0,0,0,1,114,1,0,0,0,0,0,0,0,0,0,0,0,0,0,0,0,0,6,23,0,0,0,0,0,5,0,0,0,0,0,0,0,0,0,0,0,0,0,91,0,0,0,0,0,0,0,0,0,0,0,0,0,0,0,0,0,32,-1,-1,-1,-1,-1,-1,-1,-1,-1,-1,-1,-1,-1,-1,-1,-1,-1,-1,-1,-1,0,0.260858,-1,19551,2177,378,2,2,1,14329,0,0,0,0,0,1
3,0,0,0,0,0,0,0,0,0,0,0,0,0,0,0,0,1,21,3,0,0,0,0,0,0,0,0,0,0,0,0,0,0,0,0,5,21,0,0,-1,-1,-1,-1,-1,-1,-1,-1,-1,-1,-1,-1,-1,-1,-1,-1,-1,-1,-1,-1,-1,-1,-1,-1,-1,-1,-1,-1,-1,-1,-1,-1,-1,-1,-1,-1,-1,-1,-1,-1,-1,-1,-1,-1,-1,-1,-1,-1,-1,-1,-1,-1,-1,-1,-1,-1,0,-1.0,0,-1,-1,-1,-1,3,1,-1,0,-1,0,0,0,0
1,0,0,3,0,0,0,0,0,0,0,0,0,0,0,0,0,1,36,1,0,0,0,0,0,0,0,0,0,0,0,0,0,0,0,0,8,21,0,0,0,0,0,3,0,0,0,0,0,0,0,0,0,0,0,0,0,15,0,0,0,0,0,0,0,0,0,0,0,0,0,0,0,0,0,4,-1,-1,-1,-1,-1,-1,-1,-1,-1,-1,-1,-1,-1,-1,-1,-1,-1,-1,-1,-1,0,0.28286999999999995,0,6428,1029,431,1,2,1,12273,0,1,0,0,0,1
1,0,0,3,0,0,0,0,0,0,0,0,0,0,0,0,0,1,55,1,0,0,0,0,0,0,0,0,0,0,0,0,0,0,0,0,4,13,0,0,0,0,0,3,0,0,0,0,0,0,0,0,0,0,0,0,0,42,0,0,0,0,0,0,0,0,0,0,0,0,0,0,0,0,0,0,-1,-1,-1,-1,-1,-1,-1,-1,-1,-1,-1,-1,-1,-1,-1,-1,-1,-1,-1,-1,0,5.317017,0,36024,3298,353,1,2,1,7887,0,1,0,0,0,1
2,0,0,0,0,0,0,0,0,0,0,0,0,0,0,0,0,1,11,2,0,0,0,0,0,0,0,0,0,0,0,0,0,0,0,0,3,11,0,0,-1,-1,-1,-1,-1,-1,-1,-1,-1,-1,-1,-1,-1,-1,-1,-1,-1,-1,-1,-1,-1,-1,-1,-1,-1,-1,-1,-1,-1,-1,-1,-1,-1,-1,-1,-1,-1,-1,-1,-1,-1,-1,-1,-1,-1,-1,-1,-1,-1,-1,-1,-1,-1,-1,-1,-1,0,0.630101,-1,40034,-1,-1,1,2,0,297,0,0,0,0,0,0
2,0,0,0,0,0,0,0,0,0,0,0,0,0,0,0,0,1,15,2,0,0,0,0,0,0,0,0,0,0,0,0,0,0,0,0,3,15,0,0,-1,-1,-1,-1,-1,-1,-1,-1,-1,-1,-1,-1,-1,-1,-1,-1,-1,-1,-1,-1,-1,-1,-1,-1,-1,-1,-1,-1,-1,-1,-1,-1,-1,-1,-1,-1,-1,-1,-1,-1,-1,-1,-1,-1,-1,-1,-1,-1,-1,-1,-1,-1,-1,-1,-1,-1,0,-1.0,0,6855,4823,1020,1,4,3,296,0,-1,0,0,0,0
2,0,0,0,0,0,0,0,0,0,0,0,0,0,0,0,0,1,13,2,0,0,0,0,0,0,0,0,0,0,0,0,0,0,0,0,1,13,0,0,-1,-1,-1,-1,-1,-1,-1,-1,-1,-1,-1,-1,-1,-1,-1,-1,-1,-1,-1,-1,-1,-1,-1,-1,-1,-1,-1,-1,-1,-1,-1,-1,-1,-1,-1,-1,-1,-1,-1,-1,-1,-1,-1,-1,-1,-1,-1,-1,-1,-1,-1,-1,-1,-1,-1,-1,0,-1.0,0,-1,397,332,-1,4,0,-1,0,-1,0,0,0,0
2,1,2,5,0,0,0,0,0,0,0,0,0,0,0,0,0,1,70,1,0,0,0,0,0,0,0,0,0,0,0,0,0,0,0,0,4,12,0,0,1,1,2,5,0,0,0,0,0,0,0,0,0,0,0,0,0,58,1,0,0,0,0,0,0,0,0,0,0,0,0,0,0,0,0,10,-1,-1,-1,-1,-1,-1,-1,-1,-1,-1,-1,-1,-1,-1,-1,-1,-1,-1,-1,-1,0,0.5433819999999999,-1,13576,3519,132,1,4,1,9247,0,0,0,0,0,1
4,0,0,2,0,0,0,0,0,0,0,0,0,0,0,0,0,1,115,4,0,0,0,0,0,0,0,0,0,0,0,0,0,0,0,0,11,34,0,1,0,0,0,2,0,0,0,0,0,0,0,0,0,0,0,0,0,81,0,0,0,0,0,0,0,0,0,0,0,0,0,0,0,0,0,76,-1,-1,-1,-1,-1,-1,-1,-1,-1,-1,-1,-1,-1,-1,-1,-1,-1,-1,-1,-1,0,0.397958,0,26496,-1,-1,1,8,1,819,1,0,0,0,0,1
2,0,0,0,0,0,0,0,0,0,0,0,0,0,0,0,0,1,20,2,0,0,0,0,0,0,0,0,0,0,0,0,0,0,0,0,8,20,0,0,-1,-1,-1,-1,-1,-1,-1,-1,-1,-1,-1,-1,-1,-1,-1,-1,-1,-1,-1,-1,-1,-1,-1,-1,-1,-1,-1,-1,-1,-1,-1,-1,-1,-1,-1,-1,-1,-1,-1,-1,-1,-1,-1,-1,-1,-1,-1,-1,-1,-1,-1,-1,-1,-1,-1,-1,0,0.333276,0,3356,-1,-1,4,2,2,225,0,2,0,0,0,0
3,1,0,0,0,0,0,0,0,0,0,0,0,0,0,0,0,1,26,3,1,0,0,0,0,0,0,0,0,0,0,0,0,0,0,0,5,26,0,0,-1,-1,-1,-1,-1,-1,-1,-1,-1,-1,-1,-1,-1,-1,-1,-1,-1,-1,-1,-1,-1,-1,-1,-1,-1,-1,-1,-1,-1,-1,-1,-1,-1,-1,-1,-1,-1,-1,-1,-1,-1,-1,-1,-1,-1,-1,-1,-1,-1,-1,-1,-1,-1,-1,-1,-1,0,0.267497,0,15169,-1,-1,1,4,0,292,0,0,0,0,0,0
1,1,0,2,0,0,0,0,0,0,0,0,0,0,0,0,0,1,22,1,1,0,0,0,0,0,0,0,0,0,0,0,0,0,0,0,4,17,0,0,0,0,0,2,0,0,0,0,0,0,0,0,0,0,0,0,0,5,0,0,0,0,0,0,0,0,0,0,0,0,0,0,0,0,0,0,-1,-1,-1,-1,-1,-1,-1,-1,-1,-1,-1,-1,-1,-1,-1,-1,-1,-1,-1,-1,0,0.687398,1,46606,50,314,1,2,5,46,1,0,0,0,0,1
2,0,0,2,0,0,0,0,0,0,0,0,0,0,0,0,0,1,24,2,0,0,0,0,0,0,0,0,0,0,0,0,0,0,0,0,3,14,0,0,0,0,0,2,0,0,0,0,0,0,0,0,0,0,0,0,0,10,0,0,0,0,0,0,0,0,0,0,0,0,0,0,0,0,0,0,-1,-1,-1,-1,-1,-1,-1,-1,-1,-1,-1,-1,-1,-1,-1,-1,-1,-1,-1,-1,0,1.395502,0,327979,5662,181,1,3,1,2535,1,0,0,0,0,1
2,2,2,7,0,1,0,0,0,0,0,0,0,0,0,0,0,1,143,1,2,0,0,0,0,0,0,0,0,0,0,0,0,0,0,0,13,32,0,0,1,0,2,7,0,1,0,0,0,0,0,0,0,0,0,0,0,111,1,0,0,0,0,0,0,0,0,0,0,0,0,0,0,0,0,7,-1,-1,-1,-1,-1,-1,-1,-1,-1,-1,-1,-1,-1,-1,-1,-1,-1,-1,-1,-1,0,0.378855,0,20013,256,108,1,4,0,3584,0,0,0,0,0,1
4,0,2,7,0,1,0,0,0,0,0,0,0,0,0,0,0,2,111,2,0,0,0,0,0,0,0,0,0,0,0,0,0,0,0,0,6,22,0,0,2,0,0,7,0,0,0,0,0,0,0,0,0,0,0,0,0,66,1,0,0,0,0,0,0,0,0,0,0,0,0,0,0,0,0,9,0,0,2,0,0,1,0,0,0,0,0,0,0,0,0,0,0,23,0,1,0,1.480199,0,20013,326,38,1,2,0,556,1,0,0,0,0,1
2,0,0,3,0,0,0,0,0,0,0,0,0,0,0,0,0,1,55,1,0,0,0,0,0,0,0,0,0,0,0,0,0,0,0,0,9,23,0,0,1,0,0,3,0,0,0,0,0,0,0,0,0,0,0,0,0,32,1,0,0,0,0,0,0,0,0,0,0,0,0,0,0,0,0,9,-1,-1,-1,-1,-1,-1,-1,-1,-1,-1,-1,-1,-1,-1,-1,-1,-1,-1,-1,-1,0,-1.0,0,-1,3497,154,-1,3,0,-1,0,-1,0,0,0,1
2,2,0,0,0,0,0,0,0,0,0,0,0,0,0,0,0,1,28,2,2,0,0,0,0,0,0,0,0,0,0,0,0,0,0,0,10,28,0,0,-1,-1,-1,-1,-1,-1,-1,-1,-1,-1,-1,-1,-1,-1,-1,-1,-1,-1,-1,-1,-1,-1,-1,-1,-1,-1,-1,-1,-1,-1,-1,-1,-1,-1,-1,-1,-1,-1,-1,-1,-1,-1,-1,-1,-1,-1,-1,-1,-1,-1,-1,-1,-1,-1,-1,-1,0,0.2761,0,8342,-1,-1,1,2,1,3860,0,0,0,0,0,0
3,0,0,3,0,0,0,0,0,0,0,0,0,0,0,0,0,1,33,1,0,0,0,0,0,0,0,0,0,0,0,0,0,0,0,0,4,8,0,0,2,0,0,3,0,0,0,0,0,0,0,0,0,0,0,0,0,25,2,0,0,0,0,0,0,0,0,0,0,0,0,0,0,0,0,10,-1,-1,-1,-1,-1,-1,-1,-1,-1,-1,-1,-1,-1,-1,-1,-1,-1,-1,-1,-1,0,0.736748,1,12637,8179,167,1,4,2,551,1,2,0,0,0,1
3,0,0,0,0,0,0,0,0,0,0,0,0,0,0,0,0,1,14,3,0,0,0,0,0,0,0,0,0,0,0,0,0,0,0,0,3,14,0,0,-1,-1,-1,-1,-1,-1,-1,-1,-1,-1,-1,-1,-1,-1,-1,-1,-1,-1,-1,-1,-1,-1,-1,-1,-1,-1,-1,-1,-1,-1,-1,-1,-1,-1,-1,-1,-1,-1,-1,-1,-1,-1,-1,-1,-1,-1,-1,-1,-1,-1,-1,-1,-1,-1,-1,-1,0,0.091885,0,-1,-1,-1,2,3,4,1513,1,0,0,0,0,0
1,0,0,3,0,0,0,0,0,0,0,0,0,0,0,0,0,1,36,1,0,0,0,0,0,0,0,0,0,0,0,0,0,0,0,0,4,14,0,0,0,0,0,3,0,0,0,0,0,0,0,0,0,0,0,0,0,22,0,0,0,0,0,0,0,0,0,0,0,0,0,0,0,0,0,0,-1,-1,-1,-1,-1,-1,-1,-1,-1,-1,-1,-1,-1,-1,-1,-1,-1,-1,-1,-1,0,4.939018,-1,36351,3405,246,1,3,5,21585,0,-1,0,0,0,1
2,0,0,0,0,0,0,0,0,0,0,0,0,0,0,0,0,1,16,2,0,0,0,0,0,0,0,0,0,0,0,0,0,0,0,0,5,16,0,0,-1,-1,-1,-1,-1,-1,-1,-1,-1,-1,-1,-1,-1,-1,-1,-1,-1,-1,-1,-1,-1,-1,-1,-1,-1,-1,-1,-1,-1,-1,-1,-1,-1,-1,-1,-1,-1,-1,-1,-1,-1,-1,-1,-1,-1,-1,-1,-1,-1,-1,-1,-1,-1,-1,-1,-1,0,0.753487,0,33570,6928,392,1,2,1,358,1,1,0,0,0,0
2,0,0,3,0,0,0,0,0,0,0,0,0,0,0,0,0,1,47,2,0,0,0,0,0,0,0,0,0,0,0,0,0,0,0,0,9,28,0,0,0,0,0,3,0,0,0,0,0,0,0,0,0,0,0,0,0,19,0,0,0,0,0,0,0,0,0,0,0,0,0,0,0,0,0,3,-1,-1,-1,-1,-1,-1,-1,-1,-1,-1,-1,-1,-1,-1,-1,-1,-1,-1,-1,-1,0,0.238075,0,55053,-1,-1,1,2,1,3315,1,0,0,0,0,0
1,0,0,0,0,0,0,0,0,0,0,0,0,0,0,0,0,1,12,1,0,0,0,0,0,0,0,0,0,0,0,0,0,0,0,0,3,12,0,0,-1,-1,-1,-1,-1,-1,-1,-1,-1,-1,-1,-1,-1,-1,-1,-1,-1,-1,-1,-1,-1,-1,-1,-1,-1,-1,-1,-1,-1,-1,-1,-1,-1,-1,-1,-1,-1,-1,-1,-1,-1,-1,-1,-1,-1,-1,-1,-1,-1,-1,-1,-1,-1,-1,-1,-1,0,0.160023,1,6697,3590,79,1,2,1,293,0,0,0,0,0,0
1,0,0,2,0,0,0,0,0,0,0,0,0,0,0,0,0,1,21,1,0,0,0,0,0,0,0,0,0,0,0,0,0,0,0,0,3,15,0,0,0,0,0,2,0,0,0,0,0,0,0,0,0,0,0,0,0,6,0,0,0,0,0,0,0,0,0,0,0,0,0,0,0,0,0,0,-1,-1,-1,-1,-1,-1,-1,-1,-1,-1,-1,-1,-1,-1,-1,-1,-1,-1,-1,-1,0,-1.0,-1,9891,1689,136,1,1,1,3563,0,-1,0,0,0,1
2,0,0,0,0,0,0,0,0,0,0,0,0,0,0,0,0,1,17,2,0,0,0,0,0,0,0,0,0,0,0,0,0,0,0,0,6,17,0,0,-1,-1,-1,-1,-1,-1,-1,-1,-1,-1,-1,-1,-1,-1,-1,-1,-1,-1,-1,-1,-1,-1,-1,-1,-1,-1,-1,-1,-1,-1,-1,-1,-1,-1,-1,-1,-1,-1,-1,-1,-1,-1,-1,-1,-1,-1,-1,-1,-1,-1,-1,-1,-1,-1,-1,-1,0,-1.0,0,-1,-1,-1,-1,4,0,-1,0,-1,0,0,0,0
1,0,0,0,0,0,0,0,0,0,0,0,0,0,0,0,0,1,13,1,0,0,0,0,0,0,0,0,0,0,0,0,0,0,0,0,4,13,0,0,-1,-1,-1,-1,-1,-1,-1,-1,-1,-1,-1,-1,-1,-1,-1,-1,-1,-1,-1,-1,-1,-1,-1,-1,-1,-1,-1,-1,-1,-1,-1,-1,-1,-1,-1,-1,-1,-1,-1,-1,-1,-1,-1,-1,-1,-1,-1,-1,-1,-1,-1,-1,-1,-1,-1,-1,0,0.334644,0,50673,120,244,1,3,0,7199,1,0,0,0,0,1
2,0,0,0,0,0,0,0,0,0,0,0,0,0,0,0,0,1,14,2,0,0,0,0,0,0,0,0,0,0,0,0,0,0,0,0,2,14,0,0,-1,-1,-1,-1,-1,-1,-1,-1,-1,-1,-1,-1,-1,-1,-1,-1,-1,-1,-1,-1,-1,-1,-1,-1,-1,-1,-1,-1,-1,-1,-1,-1,-1,-1,-1,-1,-1,-1,-1,-1,-1,-1,-1,-1,-1,-1,-1,-1,-1,-1,-1,-1,-1,-1,-1,-1,0,0.755681,0,9723,1125,335,1,2,0,279,0,0,0,0,0,0
2,0,0,0,0,0,0,0,0,0,0,0,0,0,0,0,0,1,15,2,0,0,0,0,0,0,0,0,0,0,0,0,0,0,0,0,4,15,0,0,-1,-1,-1,-1,-1,-1,-1,-1,-1,-1,-1,-1,-1,-1,-1,-1,-1,-1,-1,-1,-1,-1,-1,-1,-1,-1,-1,-1,-1,-1,-1,-1,-1,-1,-1,-1,-1,-1,-1,-1,-1,-1,-1,-1,-1,-1,-1,-1,-1,-1,-1,-1,-1,-1,-1,-1,0,0.26855,0,30943,6128,81,1,3,3,1799,0,0,0,0,0,0
3,1,0,5,0,0,0,0,0,0,0,0,0,0,0,0,0,1,75,2,0,0,0,0,0,0,0,0,0,0,0,0,0,0,0,0,11,27,0,0,1,1,0,5,0,0,0,0,0,0,0,0,0,0,0,0,0,48,1,0,0,0,0,0,0,0,0,0,0,0,0,0,0,0,0,16,-1,-1,-1,-1,-1,-1,-1,-1,-1,-1,-1,-1,-1,-1,-1,-1,-1,-1,-1,-1,0,0.923646,1,20013,2991,661,1,2,1,2134,1,0,0,0,0,1
2,1,0,3,0,0,0,0,0,0,0,0,0,0,0,0,0,1,54,1,0,0,0,0,0,0,0,0,0,0,0,0,0,0,0,0,11,28,0,0,1,1,0,3,0,0,0,0,0,0,0,0,0,0,0,0,0,26,1,0,0,0,0,0,0,0,0,0,0,0,0,0,0,0,0,9,-1,-1,-1,-1,-1,-1,-1,-1,-1,-1,-1,-1,-1,-1,-1,-1,-1,-1,-1,-1,0,2.467017,1,26496,3484,167,1,2,1,21598,1,1,0,0,0,1
2,0,0,2,0,0,0,0,0,0,0,0,0,0,0,0,0,1,25,2,0,0,0,0,0,0,0,0,0,0,0,0,0,0,0,0,3,17,0,0,0,0,0,2,0,0,0,0,0,0,0,0,0,0,0,0,0,8,0,0,0,0,0,0,0,0,0,0,0,0,0,0,0,0,0,0,-1,-1,-1,-1,-1,-1,-1,-1,-1,-1,-1,-1,-1,-1,-1,-1,-1,-1,-1,-1,0,0.222117,1,46606,2020,170,1,2,1,14378,1,1,0,0,0,1
2,0,0,1,0,0,0,0,0,0,0,0,0,0,0,0,0,1,12,2,0,0,0,0,0,0,0,0,0,0,0,0,0,0,0,0,3,11,0,0,0,0,0,1,0,0,0,0,0,0,0,0,0,0,0,0,0,1,0,0,0,0,0,0,0,0,0,0,0,0,0,0,0,0,0,0,-1,-1,-1,-1,-1,-1,-1,-1,-1,-1,-1,-1,-1,-1,-1,-1,-1,-1,-1,-1,0,1.2428,-1,38843,5625,584,1,1,1,21584,0,0,0,0,0,0
2,2,0,0,0,0,0,0,0,0,0,0,0,0,0,0,0,1,20,2,2,0,0,0,0,0,0,0,0,0,0,0,0,0,0,0,5,20,0,0,-1,-1,-1,-1,-1,-1,-1,-1,-1,-1,-1,-1,-1,-1,-1,-1,-1,-1,-1,-1,-1,-1,-1,-1,-1,-1,-1,-1,-1,-1,-1,-1,-1,-1,-1,-1,-1,-1,-1,-1,-1,-1,-1,-1,-1,-1,-1,-1,-1,-1,-1,-1,-1,-1,-1,-1,0,0.035629,0,61157,8219,3469,1,2,1,211,0,2,0,0,0,0
2,0,0,0,0,0,0,0,0,0,0,0,0,0,0,0,0,1,21,2,0,0,0,0,0,0,0,0,0,0,0,0,0,0,0,0,6,21,0,0,-1,-1,-1,-1,-1,-1,-1,-1,-1,-1,-1,-1,-1,-1,-1,-1,-1,-1,-1,-1,-1,-1,-1,-1,-1,-1,-1,-1,-1,-1,-1,-1,-1,-1,-1,-1,-1,-1,-1,-1,-1,-1,-1,-1,-1,-1,-1,-1,-1,-1,-1,-1,-1,-1,-1,-1,0,0.400308,0,197595,4656,91,1,2,1,56966,1,0,0,0,0,0
3,0,0,1,0,0,0,0,0,0,0,0,0,0,0,0,0,1,32,2,0,0,0,0,0,0,0,0,0,0,0,0,0,0,0,0,7,21,0,0,1,0,0,1,0,0,0,0,0,0,0,0,0,0,0,0,0,11,1,0,0,0,0,0,0,0,0,0,0,0,0,0,0,0,0,10,-1,-1,-1,-1,-1,-1,-1,-1,-1,-1,-1,-1,-1,-1,-1,-1,-1,-1,-1,-1,0,0.7769699999999999,1,26496,7163,506,1,2,1,3308,0,0,0,0,0,0
1,0,0,1,0,0,0,0,0,0,0,0,0,0,0,0,0,1,14,1,0,0,0,0,0,0,0,0,0,0,0,0,0,0,0,0,5,13,0,0,0,0,0,1,0,0,0,0,0,0,0,0,0,0,0,0,0,1,0,0,0,0,0,0,0,0,0,0,0,0,0,0,0,0,0,0,-1,-1,-1,-1,-1,-1,-1,-1,-1,-1,-1,-1,-1,-1,-1,-1,-1,-1,-1,-1,0,1.364972,1,26496,2278,277,1,2,1,10782,0,-1,0,0,0,0
2,0,0,1,0,0,0,0,0,0,0,0,0,0,0,0,0,1,15,2,0,0,0,0,0,0,0,0,0,0,0,0,0,0,0,0,3,14,0,0,0,0,0,1,0,0,0,0,0,0,0,0,0,0,0,0,0,1,0,0,0,0,0,0,0,0,0,0,0,0,0,0,0,0,0,0,-1,-1,-1,-1,-1,-1,-1,-1,-1,-1,-1,-1,-1,-1,-1,-1,-1,-1,-1,-1,0,0.474981,-1,25141,-1,-1,1,2,1,21591,0,0,0,0,0,0
1,0,0,1,0,0,0,0,0,0,0,0,0,0,0,0,0,1,15,1,0,0,0,0,0,0,0,0,0,0,0,0,0,0,0,0,5,14,0,0,0,0,0,1,0,0,0,0,0,0,0,0,0,0,0,0,0,1,0,0,0,0,0,0,0,0,0,0,0,0,0,0,0,0,0,0,-1,-1,-1,-1,-1,-1,-1,-1,-1,-1,-1,-1,-1,-1,-1,-1,-1,-1,-1,-1,0,-1.0,0,-1,-1,-1,-1,4,0,-1,0,-1,0,0,0,0
2,1,0,0,0,0,0,0,0,0,0,0,0,0,0,0,0,2,28,2,1,0,0,0,0,0,0,0,0,0,0,0,0,0,0,0,7,28,0,0,-1,-1,-1,-1,-1,-1,-1,-1,-1,-1,-1,-1,-1,-1,-1,-1,-1,-1,-1,-1,-1,-1,-1,-1,-1,-1,-1,-1,-1,-1,-1,-1,-1,-1,-1,-1,-1,-1,-1,-1,-1,-1,-1,-1,-1,-1,-1,-1,-1,-1,-1,-1,-1,-1,-1,-1,0,0.207182,0,13335,6899,771,2,2,1,299,1,1,0,0,0,0
2,0,0,0,0,0,0,0,0,0,0,0,0,0,0,0,0,1,15,2,0,0,0,0,0,0,0,0,0,0,0,0,0,0,0,0,3,15,0,0,-1,-1,-1,-1,-1,-1,-1,-1,-1,-1,-1,-1,-1,-1,-1,-1,-1,-1,-1,-1,-1,-1,-1,-1,-1,-1,-1,-1,-1,-1,-1,-1,-1,-1,-1,-1,-1,-1,-1,-1,-1,-1,-1,-1,-1,-1,-1,-1,-1,-1,-1,-1,-1,-1,-1,-1,0,0.649181,0,29789,8998,133,1,6,2,111,1,1,0,0,0,0
2,1,1,4,0,1,0,0,0,0,0,0,0,0,0,0,0,1,73,2,0,0,0,0,0,0,0,0,0,0,0,0,0,0,0,0,6,16,0,0,0,1,1,4,0,0,0,0,0,0,0,0,0,0,0,0,0,46,0,0,0,0,0,0,0,0,0,0,0,0,0,0,0,0,0,4,0,0,0,0,0,1,0,0,0,0,0,0,0,0,0,0,0,11,0,1,0,0.209272,-1,15169,-1,-1,1,4,5,4,1,0,0,0,0,1
1,0,0,5,0,0,0,0,0,0,0,0,0,0,0,0,0,1,46,1,0,0,0,0,0,0,0,0,0,0,0,0,0,0,0,0,5,15,0,0,0,0,0,5,0,0,0,0,0,0,0,0,0,0,0,0,0,31,0,0,0,0,0,0,0,0,0,0,0,0,0,0,0,0,0,0,-1,-1,-1,-1,-1,-1,-1,-1,-1,-1,-1,-1,-1,-1,-1,-1,-1,-1,-1,-1,0,0.5867979999999999,1,-1,2672,249,2,2,1,14387,0,0,0,0,0,1
2,0,0,0,0,0,0,0,0,0,0,0,0,0,0,0,0,1,18,2,0,0,0,0,0,0,0,0,0,0,0,0,0,0,0,0,5,18,0,0,-1,-1,-1,-1,-1,-1,-1,-1,-1,-1,-1,-1,-1,-1,-1,-1,-1,-1,-1,-1,-1,-1,-1,-1,-1,-1,-1,-1,-1,-1,-1,-1,-1,-1,-1,-1,-1,-1,-1,-1,-1,-1,-1,-1,-1,-1,-1,-1,-1,-1,-1,-1,-1,-1,-1,-1,0,0.525367,1,7859,7259,409,1,2,7,3596,0,0,0,0,0,0
2,1,1,4,0,0,0,0,0,0,0,0,0,0,0,0,0,1,59,2,1,0,0,0,0,0,0,0,0,0,0,0,0,0,0,0,7,25,0,0,0,0,1,4,0,0,0,0,0,0,0,0,0,0,0,0,0,34,0,0,0,0,0,0,0,0,0,0,0,0,0,0,0,0,0,0,-1,-1,-1,-1,-1,-1,-1,-1,-1,-1,-1,-1,-1,-1,-1,-1,-1,-1,-1,-1,0,0.152616,0,25394,-1,-1,1,2,2,254,0,1,0,0,0,1
2,0,0,2,0,0,0,0,0,0,0,0,0,0,0,0,0,1,32,2,0,0,0,0,0,0,0,0,0,0,0,0,0,0,0,0,10,28,0,0,0,0,0,2,0,0,0,0,0,0,0,0,0,0,0,0,0,4,0,0,0,0,0,0,0,0,0,0,0,0,0,0,0,0,0,0,-1,-1,-1,-1,-1,-1,-1,-1,-1,-1,-1,-1,-1,-1,-1,-1,-1,-1,-1,-1,0,0.8227969999999999,0,26496,2725,196,1,2,7,582,1,1,0,0,0,1
2,1,0,4,0,0,0,0,0,0,0,0,0,0,0,0,0,2,102,1,1,0,0,0,0,0,0,0,0,0,0,0,0,0,0,0,14,63,0,0,1,0,0,4,0,0,0,0,0,0,0,0,0,0,0,0,0,39,0,0,0,0,0,0,0,0,0,0,0,0,0,0,0,0,0,4,-1,-1,-1,-1,-1,-1,-1,-1,-1,-1,-1,-1,-1,-1,-1,-1,-1,-1,-1,-1,0,-1.0,0,-1,20,344,1,4,0,16802,0,-1,0,0,0,1
2,0,0,1,0,0,0,0,0,0,0,0,0,0,0,0,0,1,20,2,0,0,0,0,0,0,0,0,0,0,0,0,0,0,0,0,5,19,0,0,0,0,0,1,0,0,0,0,0,0,0,0,0,0,0,0,0,1,0,0,0,0,0,0,0,0,0,0,0,0,0,0,0,0,0,0,-1,-1,-1,-1,-1,-1,-1,-1,-1,-1,-1,-1,-1,-1,-1,-1,-1,-1,-1,-1,0,0.6950189999999999,0,46606,2335,220,1,2,1,14391,1,0,0,0,0,0
2,0,0,0,0,0,0,0,0,0,0,0,0,0,0,0,0,1,14,2,0,0,0,0,0,0,0,0,0,0,0,0,0,0,0,0,4,14,0,0,-1,-1,-1,-1,-1,-1,-1,-1,-1,-1,-1,-1,-1,-1,-1,-1,-1,-1,-1,-1,-1,-1,-1,-1,-1,-1,-1,-1,-1,-1,-1,-1,-1,-1,-1,-1,-1,-1,-1,-1,-1,-1,-1,-1,-1,-1,-1,-1,-1,-1,-1,-1,-1,-1,-1,-1,0,0.356227,0,34164,-1,-1,1,2,3,11,1,0,0,0,0,0
3,0,0,1,0,0,0,0,0,0,0,0,0,0,0,0,0,1,18,3,0,0,0,0,0,0,0,0,0,0,0,0,0,0,0,0,3,17,0,0,0,0,0,1,0,0,0,0,0,0,0,0,0,0,0,0,0,1,0,0,0,0,0,0,0,0,0,0,0,0,0,0,0,0,0,0,-1,-1,-1,-1,-1,-1,-1,-1,-1,-1,-1,-1,-1,-1,-1,-1,-1,-1,-1,-1,0,1.737398,0,3462,6881,503,1,6,1,1797,1,1,0,0,0,0
2,0,2,6,0,0,0,0,0,0,0,0,0,0,0,0,0,1,40,2,0,0,0,0,0,0,0,0,0,0,0,0,0,0,0,0,6,15,0,0,0,0,2,6,0,0,0,0,0,0,0,0,0,0,0,0,0,25,0,0,0,0,0,0,0,0,0,0,0,0,0,0,0,0,0,0,-1,-1,-1,-1,-1,-1,-1,-1,-1,-1,-1,-1,-1,-1,-1,-1,-1,-1,-1,-1,0,0.8697219999999999,-1,28907,6391,335,1,12,1,3583,0,0,0,0,0,1
3,0,0,0,0,0,0,0,0,0,0,0,0,0,0,0,0,1,15,3,0,0,0,0,0,0,0,0,0,0,0,0,0,0,0,0,3,15,0,0,-1,-1,-1,-1,-1,-1,-1,-1,-1,-1,-1,-1,-1,-1,-1,-1,-1,-1,-1,-1,-1,-1,-1,-1,-1,-1,-1,-1,-1,-1,-1,-1,-1,-1,-1,-1,-1,-1,-1,-1,-1,-1,-1,-1,-1,-1,-1,-1,-1,-1,-1,-1,-1,-1,-1,-1,0,1.218731,0,45352,-1,-1,1,2,7,597,1,1,0,0,0,0
2,1,0,4,0,1,0,0,0,0,0,0,0,0,0,0,1,1,58,2,0,0,0,0,0,0,0,0,0,0,0,0,0,0,0,0,3,11,0,0,0,1,0,4,0,0,0,0,0,0,0,0,0,0,0,0,0,35,0,0,0,0,0,0,0,0,0,0,0,0,0,0,0,0,0,8,0,0,0,0,0,1,0,0,0,0,0,0,0,0,0,0,1,12,0,1,0,0.693865,0,16509,1738,87,1,3,4,10799,1,0,0,0,0,1
1,0,0,0,0,0,0,0,0,0,0,0,0,0,0,0,0,1,12,1,0,0,0,0,0,0,0,0,0,0,0,0,0,0,0,0,4,12,0,0,-1,-1,-1,-1,-1,-1,-1,-1,-1,-1,-1,-1,-1,-1,-1,-1,-1,-1,-1,-1,-1,-1,-1,-1,-1,-1,-1,-1,-1,-1,-1,-1,-1,-1,-1,-1,-1,-1,-1,-1,-1,-1,-1,-1,-1,-1,-1,-1,-1,-1,-1,-1,-1,-1,-1,-1,0,0.221046,0,27257,4969,143,3,2,1,1064,0,0,0,0,0,0
2,0,0,0,0,0,0,0,0,0,0,0,0,0,0,0,0,1,11,2,0,0,0,0,0,0,0,0,0,0,0,0,0,0,0,0,3,11,0,0,-1,-1,-1,-1,-1,-1,-1,-1,-1,-1,-1,-1,-1,-1,-1,-1,-1,-1,-1,-1,-1,-1,-1,-1,-1,-1,-1,-1,-1,-1,-1,-1,-1,-1,-1,-1,-1,-1,-1,-1,-1,-1,-1,-1,-1,-1,-1,-1,-1,-1,-1,-1,-1,-1,-1,-1,0,-1.0,0,25543,-1,-1,1,2,2,2782,0,-1,0,0,0,0
1,0,0,1,0,0,0,0,0,0,0,0,0,0,0,0,0,1,15,1,0,0,0,0,0,0,0,0,0,0,0,0,0,0,0,0,4,14,0,0,0,0,0,1,0,0,0,0,0,0,0,0,0,0,0,0,0,1,0,0,0,0,0,0,0,0,0,0,0,0,0,0,0,0,0,0,-1,-1,-1,-1,-1,-1,-1,-1,-1,-1,-1,-1,-1,-1,-1,-1,-1,-1,-1,-1,0,0.226516,0,8342,11,353,1,4,0,10792,0,0,0,0,0,1
2,0,0,0,0,0,0,0,0,0,0,0,0,0,0,0,0,1,18,2,0,0,0,0,0,0,0,0,0,0,0,0,0,0,0,0,5,18,0,0,-1,-1,-1,-1,-1,-1,-1,-1,-1,-1,-1,-1,-1,-1,-1,-1,-1,-1,-1,-1,-1,-1,-1,-1,-1,-1,-1,-1,-1,-1,-1,-1,-1,-1,-1,-1,-1,-1,-1,-1,-1,-1,-1,-1,-1,-1,-1,-1,-1,-1,-1,-1,-1,-1,-1,-1,0,1.7498619999999998,1,26496,7021,649,1,2,5,10003,0,1,0,0,0,0
1,0,0,0,0,0,0,0,0,0,0,0,0,0,0,0,0,1,22,1,0,0,0,0,0,0,0,0,0,0,0,0,0,0,0,0,8,22,0,0,-1,-1,-1,-1,-1,-1,-1,-1,-1,-1,-1,-1,-1,-1,-1,-1,-1,-1,-1,-1,-1,-1,-1,-1,-1,-1,-1,-1,-1,-1,-1,-1,-1,-1,-1,-1,-1,-1,-1,-1,-1,-1,-1,-1,-1,-1,-1,-1,-1,-1,-1,-1,-1,-1,-1,-1,0,5.462731,1,16509,3401,250,1,4,4,91,1,0,0,0,0,0
3,0,0,0,0,0,0,0,0,0,0,0,0,0,0,0,0,1,27,3,0,0,0,0,0,0,0,0,0,0,0,0,0,0,0,0,7,27,0,0,-1,-1,-1,-1,-1,-1,-1,-1,-1,-1,-1,-1,-1,-1,-1,-1,-1,-1,-1,-1,-1,-1,-1,-1,-1,-1,-1,-1,-1,-1,-1,-1,-1,-1,-1,-1,-1,-1,-1,-1,-1,-1,-1,-1,-1,-1,-1,-1,-1,-1,-1,-1,-1,-1,-1,-1,0,0.360214,0,2635,-1,-1,2,4,1,297,0,2,0,0,0,0
1,0,0,1,0,0,0,0,0,0,0,0,0,0,0,0,0,1,9,1,0,0,0,0,0,0,0,0,0,0,0,0,0,0,0,0,3,8,0,0,0,0,0,1,0,0,0,0,0,0,0,0,0,0,0,0,0,1,0,0,0,0,0,0,0,0,0,0,0,0,0,0,0,0,0,0,-1,-1,-1,-1,-1,-1,-1,-1,-1,-1,-1,-1,-1,-1,-1,-1,-1,-1,-1,-1,0,0.8400620000000001,1,16509,5560,283,4,4,6,52,1,0,0,0,0,0
2,1,0,2,0,0,0,0,0,0,0,0,0,0,0,0,0,1,30,1,1,0,0,0,0,0,0,0,0,0,0,0,0,0,0,0,6,16,0,0,1,0,0,2,0,0,0,0,0,0,0,0,0,0,0,0,0,14,1,0,0,0,0,0,0,0,0,0,0,0,0,0,0,0,0,7,-1,-1,-1,-1,-1,-1,-1,-1,-1,-1,-1,-1,-1,-1,-1,-1,-1,-1,-1,-1,0,0.851613,-1,9123,1366,94,1,4,1,350,0,0,0,0,0,1
2,1,0,3,0,0,0,0,0,0,0,0,0,0,0,0,0,1,41,1,0,0,0,0,0,0,0,0,0,0,0,0,0,0,0,0,6,15,0,0,1,1,0,3,0,0,0,0,0,0,0,0,0,0,0,0,0,26,1,0,0,0,0,0,0,0,0,0,0,0,0,0,0,0,0,10,-1,-1,-1,-1,-1,-1,-1,-1,-1,-1,-1,-1,-1,-1,-1,-1,-1,-1,-1,-1,0,0.498197,1,-1,3659,357,2,2,1,14390,0,0,0,0,0,1
4,0,0,1,0,0,0,0,0,0,0,0,0,0,0,0,0,1,33,4,0,0,0,0,0,0,0,0,0,0,0,0,0,0,0,0,12,32,0,0,0,0,0,1,0,0,0,0,0,0,0,0,0,0,0,0,0,1,0,0,0,0,0,0,0,0,0,0,0,0,0,0,0,0,0,0,-1,-1,-1,-1,-1,-1,-1,-1,-1,-1,-1,-1,-1,-1,-1,-1,-1,-1,-1,-1,0,0.41244,0,20068,-1,-1,1,2,1,2068,0,0,0,0,0,1
3,0,0,4,0,0,0,0,0,0,0,0,0,0,0,0,0,1,43,2,0,0,0,0,0,0,0,0,0,0,0,0,0,0,0,0,5,18,0,0,1,0,0,4,0,0,0,0,0,0,0,0,0,0,0,0,0,25,1,0,0,0,0,0,0,0,0,0,0,0,0,0,0,0,0,9,-1,-1,-1,-1,-1,-1,-1,-1,-1,-1,-1,-1,-1,-1,-1,-1,-1,-1,-1,-1,0,1.120677,0,45324,2900,386,1,2,1,6695,1,0,0,0,0,1
17,0,0,1,0,0,0,0,0,0,0,0,0,0,0,0,0,1,133,17,0,0,0,0,0,0,0,0,0,0,0,0,0,0,0,0,39,132,0,0,0,0,0,1,0,0,0,0,0,0,0,0,0,0,0,0,0,1,0,0,0,0,0,0,0,0,0,0,0,0,0,0,0,0,0,0,-1,-1,-1,-1,-1,-1,-1,-1,-1,-1,-1,-1,-1,-1,-1,-1,-1,-1,-1,-1,0,-1.0,0,-1,-1,-1,-1,2,1,-1,0,-1,0,0,0,1
2,0,1,6,0,3,0,2,0,0,0,0,0,0,0,0,0,1,209,1,0,0,0,0,0,0,0,0,0,0,0,0,0,0,0,0,6,18,0,0,1,0,0,6,0,0,0,0,0,0,0,0,0,0,0,0,0,34,1,0,0,0,0,0,0,0,0,0,0,0,0,0,0,0,0,9,0,0,1,0,0,3,0,2,0,0,0,0,0,0,0,0,0,157,0,3,0,0.598696,-1,38719,1085,375,1,2,1,14396,0,0,0,0,0,1
3,1,0,1,0,0,0,0,0,0,0,0,0,0,0,0,0,1,24,3,1,0,0,0,0,0,0,0,0,0,0,0,0,0,0,0,4,23,0,0,0,0,0,1,0,0,0,0,0,0,0,0,0,0,0,0,0,1,0,0,0,0,0,0,0,0,0,0,0,0,0,0,0,0,0,0,-1,-1,-1,-1,-1,-1,-1,-1,-1,-1,-1,-1,-1,-1,-1,-1,-1,-1,-1,-1,0,0.8357389999999999,0,28299,-1,-1,1,6,2,3596,0,0,0,0,0,1
2,0,0,0,0,0,0,0,0,0,0,0,0,0,0,0,0,1,11,2,0,0,0,0,0,0,0,0,0,0,0,0,0,0,0,0,2,11,0,0,-1,-1,-1,-1,-1,-1,-1,-1,-1,-1,-1,-1,-1,-1,-1,-1,-1,-1,-1,-1,-1,-1,-1,-1,-1,-1,-1,-1,-1,-1,-1,-1,-1,-1,-1,-1,-1,-1,-1,-1,-1,-1,-1,-1,-1,-1,-1,-1,-1,-1,-1,-1,-1,-1,-1,-1,0,0.171149,0,13335,-1,-1,2,2,1,299,1,1,0,0,0,0
2,0,0,1,0,0,0,0,0,0,0,0,0,0,0,0,0,1,20,2,0,0,0,0,0,0,0,0,0,0,0,0,0,0,0,0,5,19,0,0,0,0,0,1,0,0,0,0,0,0,0,0,0,0,0,0,0,1,0,0,0,0,0,0,0,0,0,0,0,0,0,0,0,0,0,0,-1,-1,-1,-1,-1,-1,-1,-1,-1,-1,-1,-1,-1,-1,-1,-1,-1,-1,-1,-1,0,0.342371,1,26101,-1,-1,3,6,5,263,1,1,0,0,0,0
2,0,0,0,0,0,0,0,0,0,0,0,0,0,0,0,0,1,21,2,0,0,0,0,0,0,0,0,0,0,0,0,0,0,0,0,8,21,0,0,-1,-1,-1,-1,-1,-1,-1,-1,-1,-1,-1,-1,-1,-1,-1,-1,-1,-1,-1,-1,-1,-1,-1,-1,-1,-1,-1,-1,-1,-1,-1,-1,-1,-1,-1,-1,-1,-1,-1,-1,-1,-1,-1,-1,-1,-1,-1,-1,-1,-1,-1,-1,-1,-1,-1,-1,0,0.472162,-1,40034,3710,306,1,2,0,299,0,0,0,0,0,0
2,0,0,0,0,0,0,0,0,0,0,0,0,0,0,0,0,1,20,2,0,0,0,0,0,0,0,0,0,0,0,0,0,0,0,0,7,20,0,0,-1,-1,-1,-1,-1,-1,-1,-1,-1,-1,-1,-1,-1,-1,-1,-1,-1,-1,-1,-1,-1,-1,-1,-1,-1,-1,-1,-1,-1,-1,-1,-1,-1,-1,-1,-1,-1,-1,-1,-1,-1,-1,-1,-1,-1,-1,-1,-1,-1,-1,-1,-1,-1,-1,-1,-1,0,0.178238,0,22576,5541,302,1,2,1,14397,0,1,0,0,0,0
4,0,0,0,0,0,0,0,0,0,0,0,0,0,0,0,0,1,28,4,0,0,0,0,0,0,0,0,0,0,0,0,0,0,0,0,7,28,0,0,-1,-1,-1,-1,-1,-1,-1,-1,-1,-1,-1,-1,-1,-1,-1,-1,-1,-1,-1,-1,-1,-1,-1,-1,-1,-1,-1,-1,-1,-1,-1,-1,-1,-1,-1,-1,-1,-1,-1,-1,-1,-1,-1,-1,-1,-1,-1,-1,-1,-1,-1,-1,-1,-1,-1,-1,0,3.319743,1,20013,8469,-1,1,2,1,14382,1,0,0,0,0,0
1,3,0,6,0,0,0,0,0,0,0,0,0,0,0,0,0,1,52,1,1,0,0,0,0,0,0,0,0,0,0,0,0,0,0,0,3,15,0,0,0,2,0,6,0,0,0,0,0,0,0,0,0,0,0,0,0,37,0,0,0,0,0,0,0,0,0,0,0,0,0,0,0,0,0,1,-1,-1,-1,-1,-1,-1,-1,-1,-1,-1,-1,-1,-1,-1,-1,-1,-1,-1,-1,-1,0,1.766473,1,46606,1628,563,1,2,1,14395,1,1,0,0,0,1
2,0,0,2,0,0,0,0,0,0,0,0,0,0,0,0,0,1,52,2,0,0,0,0,0,0,0,0,0,0,0,0,0,0,0,0,6,18,0,0,0,0,0,2,0,0,0,0,0,0,0,0,0,0,0,0,0,34,0,0,0,0,0,0,0,0,0,0,0,0,0,0,0,0,0,0,-1,-1,-1,-1,-1,-1,-1,-1,-1,-1,-1,-1,-1,-1,-1,-1,-1,-1,-1,-1,0,10.067995,-1,32244,-1,-1,1,2,1,5883,0,0,0,0,0,1
3,0,0,0,0,0,0,0,0,0,0,0,0,0,0,0,0,1,19,3,0,0,0,0,0,0,0,0,0,0,0,0,0,0,0,0,5,19,0,0,-1,-1,-1,-1,-1,-1,-1,-1,-1,-1,-1,-1,-1,-1,-1,-1,-1,-1,-1,-1,-1,-1,-1,-1,-1,-1,-1,-1,-1,-1,-1,-1,-1,-1,-1,-1,-1,-1,-1,-1,-1,-1,-1,-1,-1,-1,-1,-1,-1,-1,-1,-1,-1,-1,-1,-1,0,0.224843,0,16276,3630,21,4,4,0,3592,0,0,0,0,0,0
2,0,0,1,0,0,0,0,0,0,0,0,0,0,0,0,0,1,26,1,0,0,0,0,0,0,0,0,0,0,0,0,0,0,0,0,7,15,0,0,1,0,0,1,0,0,0,0,0,0,0,0,0,0,0,0,0,11,1,0,0,0,0,0,0,0,0,0,0,0,0,0,0,0,0,10,-1,-1,-1,-1,-1,-1,-1,-1,-1,-1,-1,-1,-1,-1,-1,-1,-1,-1,-1,-1,0,0.340863,-1,40034,79,285,1,2,0,244,0,0,0,0,0,1
2,0,0,2,0,0,0,0,0,0,0,0,0,0,0,0,0,1,22,2,0,0,0,0,0,0,0,0,0,0,0,0,0,0,0,0,1,11,0,0,0,0,0,2,0,0,0,0,0,0,0,0,0,0,0,0,0,11,0,0,0,0,0,0,0,0,0,0,0,0,0,0,0,0,0,5,-1,-1,-1,-1,-1,-1,-1,-1,-1,-1,-1,-1,-1,-1,-1,-1,-1,-1,-1,-1,0,0.229583,-1,-1,8722,407,1,4,1,13,1,2,0,0,0,0
3,0,0,0,0,0,0,0,0,0,0,0,0,0,0,0,0,1,18,3,0,0,0,0,0,0,0,0,0,0,0,0,0,0,0,0,6,18,0,0,-1,-1,-1,-1,-1,-1,-1,-1,-1,-1,-1,-1,-1,-1,-1,-1,-1,-1,-1,-1,-1,-1,-1,-1,-1,-1,-1,-1,-1,-1,-1,-1,-1,-1,-1,-1,-1,-1,-1,-1,-1,-1,-1,-1,-1,-1,-1,-1,-1,-1,-1,-1,-1,-1,-1,-1,0,0.791312,1,28299,8316,-1,1,4,2,3583,0,0,0,0,0,0
2,0,2,3,0,0,0,0,0,0,0,0,0,0,0,0,0,1,50,2,0,0,0,0,0,0,0,0,0,0,0,0,0,0,0,0,2,14,0,0,0,0,2,3,0,0,0,0,0,0,0,0,0,0,0,0,0,36,0,0,2,0,0,0,0,0,0,0,0,0,0,0,0,0,0,23,-1,-1,-1,-1,-1,-1,-1,-1,-1,-1,-1,-1,-1,-1,-1,-1,-1,-1,-1,-1,0,0.763066,0,13335,7645,23,2,2,2,298,1,0,0,0,0,0
2,0,0,1,0,0,0,0,0,0,0,0,0,0,0,0,0,1,26,2,0,0,0,0,0,0,0,0,0,0,0,0,0,0,0,0,5,17,0,0,0,0,0,1,0,0,0,0,0,0,0,0,0,0,0,0,0,1,0,0,0,0,0,0,0,0,0,0,0,0,0,0,0,0,0,0,0,0,0,0,0,0,0,0,0,0,0,0,0,0,0,0,0,8,0,0,0,0.474669,0,32475,-1,-1,1,2,0,21592,0,0,0,0,0,1
3,0,0,0,0,0,0,0,0,0,0,0,0,0,0,0,0,1,17,3,0,0,0,0,0,0,0,0,0,0,0,0,0,0,0,0,4,17,0,0,-1,-1,-1,-1,-1,-1,-1,-1,-1,-1,-1,-1,-1,-1,-1,-1,-1,-1,-1,-1,-1,-1,-1,-1,-1,-1,-1,-1,-1,-1,-1,-1,-1,-1,-1,-1,-1,-1,-1,-1,-1,-1,-1,-1,-1,-1,-1,-1,-1,-1,-1,-1,-1,-1,-1,-1,0,0.910303,-1,32613,6526,2968,1,2,1,14398,0,2,0,0,0,0
1,0,0,1,0,0,0,0,0,0,0,0,0,0,0,0,0,1,17,1,0,0,0,0,0,0,0,0,0,0,0,0,0,0,0,0,6,16,0,0,0,0,0,1,0,0,0,0,0,0,0,0,0,0,0,0,0,1,0,0,0,0,0,0,0,0,0,0,0,0,0,0,0,0,0,0,-1,-1,-1,-1,-1,-1,-1,-1,-1,-1,-1,-1,-1,-1,-1,-1,-1,-1,-1,-1,0,3.370695,-1,29470,2086,104,1,1,1,11735,0,0,0,0,0,0
2,0,0,4,0,0,0,0,0,0,0,0,0,0,0,0,0,1,73,2,0,0,0,0,0,0,0,0,0,0,0,0,0,0,0,0,3,14,0,0,0,0,0,4,0,0,0,0,0,0,0,0,0,0,0,0,0,59,0,0,0,0,0,0,0,0,0,0,0,0,0,0,0,0,0,0,-1,-1,-1,-1,-1,-1,-1,-1,-1,-1,-1,-1,-1,-1,-1,-1,-1,-1,-1,-1,0,0.264943,0,133618,2554,2,1,2,1,2660,0,1,0,0,0,1
2,0,0,3,0,0,0,0,0,0,0,0,0,0,0,0,0,1,35,2,0,0,0,0,0,0,0,0,0,0,0,0,0,0,0,0,6,16,0,0,0,0,0,3,0,0,0,0,0,0,0,0,0,0,0,0,0,19,0,0,0,0,0,0,0,0,0,0,0,0,0,0,0,0,0,0,-1,-1,-1,-1,-1,-1,-1,-1,-1,-1,-1,-1,-1,-1,-1,-1,-1,-1,-1,-1,0,0.178726,0,15169,-1,-1,1,4,5,40,1,0,0,0,0,1
1,1,0,2,0,0,0,0,0,7,0,0,0,0,0,0,0,1,69,1,1,0,0,0,0,0,0,0,0,0,0,0,0,0,0,0,6,20,0,0,0,0,0,2,0,0,0,0,0,7,0,0,0,0,0,0,0,49,0,0,0,0,0,0,0,0,0,7,0,0,0,0,0,0,0,44,-1,-1,-1,-1,-1,-1,-1,-1,-1,-1,-1,-1,-1,-1,-1,-1,-1,-1,-1,-1,0,1.882673,0,31727,2209,346,1,2,1,14338,1,0,0,0,0,1
1,1,0,2,0,0,0,0,0,0,0,0,0,0,0,0,0,1,26,1,1,0,0,0,0,0,0,0,0,0,0,0,0,0,0,0,5,17,0,0,0,0,0,2,0,0,0,0,0,0,0,0,0,0,0,0,0,9,0,0,0,0,0,0,0,0,0,0,0,0,0,0,0,0,0,0,-1,-1,-1,-1,-1,-1,-1,-1,-1,-1,-1,-1,-1,-1,-1,-1,-1,-1,-1,-1,0,0.10461,0,200185,-1,-1,1,3,0,9263,1,0,0,0,0,1
3,0,0,2,0,0,0,0,0,0,0,0,0,0,0,0,0,1,38,2,0,0,0,0,0,0,0,0,0,0,0,0,0,0,0,0,6,17,0,0,1,0,0,2,0,0,0,0,0,0,0,0,0,0,0,0,0,21,1,0,0,0,0,0,0,0,0,0,0,0,0,0,0,0,0,9,-1,-1,-1,-1,-1,-1,-1,-1,-1,-1,-1,-1,-1,-1,-1,-1,-1,-1,-1,-1,0,0.74875,0,328037,-1,-1,1,2,1,14348,1,0,0,0,0,1
2,0,0,0,0,0,0,0,0,0,0,0,0,0,0,0,0,1,15,2,0,0,0,0,0,0,0,0,0,0,0,0,0,0,0,0,3,15,0,0,-1,-1,-1,-1,-1,-1,-1,-1,-1,-1,-1,-1,-1,-1,-1,-1,-1,-1,-1,-1,-1,-1,-1,-1,-1,-1,-1,-1,-1,-1,-1,-1,-1,-1,-1,-1,-1,-1,-1,-1,-1,-1,-1,-1,-1,-1,-1,-1,-1,-1,-1,-1,-1,-1,-1,-1,0,0.710771,0,30217,6896,408,1,2,2,1918,0,1,0,0,0,0
2,0,0,0,0,0,0,0,0,0,0,0,0,0,0,0,0,1,18,2,0,0,0,0,0,0,0,0,0,0,0,0,0,0,0,0,4,18,0,0,-1,-1,-1,-1,-1,-1,-1,-1,-1,-1,-1,-1,-1,-1,-1,-1,-1,-1,-1,-1,-1,-1,-1,-1,-1,-1,-1,-1,-1,-1,-1,-1,-1,-1,-1,-1,-1,-1,-1,-1,-1,-1,-1,-1,-1,-1,-1,-1,-1,-1,-1,-1,-1,-1,-1,-1,0,0.396159,0,26496,3287,1095,1,2,0,598,0,2,0,0,0,0
4,0,1,4,0,0,0,0,0,0,0,0,0,0,0,0,0,1,59,3,0,0,0,0,0,0,0,0,0,0,0,0,0,0,0,0,6,22,0,0,1,0,1,4,0,0,0,0,0,0,0,0,0,0,0,0,0,37,1,0,0,0,0,0,0,0,0,0,0,0,0,0,0,0,0,10,-1,-1,-1,-1,-1,-1,-1,-1,-1,-1,-1,-1,-1,-1,-1,-1,-1,-1,-1,-1,0,1.39595,1,20013,6697,607,1,2,1,14387,1,0,0,0,0,1
2,1,0,0,0,0,0,0,0,0,0,0,0,0,0,0,0,1,17,2,1,0,0,0,0,0,0,0,0,0,0,0,0,0,0,0,5,17,0,0,-1,-1,-1,-1,-1,-1,-1,-1,-1,-1,-1,-1,-1,-1,-1,-1,-1,-1,-1,-1,-1,-1,-1,-1,-1,-1,-1,-1,-1,-1,-1,-1,-1,-1,-1,-1,-1,-1,-1,-1,-1,-1,-1,-1,-1,-1,-1,-1,-1,-1,-1,-1,-1,-1,-1,-1,0,0.250755,0,31034,21,343,1,4,1,21599,0,0,0,0,0,1
1,0,0,0,0,0,0,0,0,0,0,0,0,0,0,0,0,1,9,1,0,0,0,0,0,0,0,0,0,0,0,0,0,0,0,0,1,9,0,0,-1,-1,-1,-1,-1,-1,-1,-1,-1,-1,-1,-1,-1,-1,-1,-1,-1,-1,-1,-1,-1,-1,-1,-1,-1,-1,-1,-1,-1,-1,-1,-1,-1,-1,-1,-1,-1,-1,-1,-1,-1,-1,-1,-1,-1,-1,-1,-1,-1,-1,-1,-1,-1,-1,-1,-1,0,0.174476,-1,16509,5070,407,3,4,1,52,1,1,0,0,0,0
2,0,0,1,0,0,0,0,0,0,0,0,0,0,0,0,0,1,11,2,0,0,0,0,0,0,0,0,0,0,0,0,0,0,0,0,1,10,0,0,0,0,0,1,0,0,0,0,0,0,0,0,0,0,0,0,0,1,0,0,0,0,0,0,0,0,0,0,0,0,0,0,0,0,0,0,-1,-1,-1,-1,-1,-1,-1,-1,-1,-1,-1,-1,-1,-1,-1,-1,-1,-1,-1,-1,0,5.089308,0,20940,8677,327,1,6,1,14399,0,0,0,0,0,0
4,0,0,2,0,0,0,0,0,0,0,0,0,0,0,0,0,1,30,4,0,0,0,0,0,0,0,0,0,0,0,0,0,0,0,0,6,24,0,0,0,0,0,2,0,0,0,0,0,0,0,0,0,0,0,0,0,6,0,0,0,0,0,0,0,0,0,0,0,0,0,0,0,0,0,0,-1,-1,-1,-1,-1,-1,-1,-1,-1,-1,-1,-1,-1,-1,-1,-1,-1,-1,-1,-1,0,0.594271,1,28209,8490,-1,1,2,1,14371,1,0,0,0,0,0
4,0,0,2,0,0,0,0,0,0,0,0,0,0,0,0,0,1,26,4,0,0,0,0,0,0,0,0,0,0,0,0,0,0,0,0,5,20,0,0,0,0,0,2,0,0,0,0,0,0,0,0,0,0,0,0,0,6,0,0,0,0,0,0,0,0,0,0,0,0,0,0,0,0,0,0,-1,-1,-1,-1,-1,-1,-1,-1,-1,-1,-1,-1,-1,-1,-1,-1,-1,-1,-1,-1,0,2.647516,1,27715,8283,-1,1,3,3,2839,0,0,0,0,0,0
2,0,1,4,0,1,1,0,0,0,0,0,0,0,0,0,0,2,60,1,0,0,0,0,0,0,0,0,0,0,0,0,0,0,0,0,3,13,0,0,0,0,1,4,0,0,0,0,0,0,0,0,0,0,0,0,0,19,0,0,0,0,0,0,0,0,0,0,0,0,0,0,0,0,0,0,1,0,0,0,0,1,1,0,0,0,0,0,0,0,0,0,0,28,1,1,1,0.348186,-1,26496,2652,1365,1,2,2,122,1,0,0,0,0,1
2,0,0,0,0,0,0,0,0,0,0,0,0,0,0,0,0,1,11,2,0,0,0,0,0,0,0,0,0,0,0,0,0,0,0,0,2,11,0,0,-1,-1,-1,-1,-1,-1,-1,-1,-1,-1,-1,-1,-1,-1,-1,-1,-1,-1,-1,-1,-1,-1,-1,-1,-1,-1,-1,-1,-1,-1,-1,-1,-1,-1,-1,-1,-1,-1,-1,-1,-1,-1,-1,-1,-1,-1,-1,-1,-1,-1,-1,-1,-1,-1,-1,-1,0,0.563002,0,27064,-1,-1,-1,2,4,-1,1,2,0,0,0,0
3,0,0,4,0,0,0,0,0,0,0,0,0,0,0,0,0,1,41,2,0,0,0,0,0,0,0,0,0,0,0,0,0,0,0,0,8,25,0,0,1,0,0,4,0,0,0,0,0,0,0,0,0,0,0,0,0,16,0,0,0,0,0,0,0,0,0,0,0,0,0,0,0,0,0,0,-1,-1,-1,-1,-1,-1,-1,-1,-1,-1,-1,-1,-1,-1,-1,-1,-1,-1,-1,-1,0,0.8751620000000001,-1,16276,325,404,1,2,1,14382,1,1,0,0,0,1
2,0,0,4,0,1,0,0,0,0,0,0,0,0,0,0,0,1,52,1,0,0,0,0,0,0,0,0,0,0,0,0,0,0,0,0,5,15,0,0,1,0,0,4,0,0,0,0,0,0,0,0,0,0,0,0,0,34,1,0,0,0,0,0,0,0,0,0,0,0,0,0,0,0,0,9,0,0,0,0,0,1,0,0,0,0,0,0,0,0,0,0,0,3,0,0,0,-1.0,0,-1,415,51,-1,4,0,-1,0,-1,0,0,0,1
2,2,0,2,0,1,0,0,0,0,0,0,0,0,0,0,2,1,76,1,2,0,0,0,0,0,0,0,0,0,0,0,0,0,0,0,11,30,0,0,1,0,0,2,0,0,0,0,0,0,0,0,0,0,0,0,0,14,1,0,0,0,0,0,0,0,0,0,0,0,0,0,0,0,0,10,0,0,0,0,0,1,0,0,0,0,0,0,0,0,0,0,2,32,0,1,0,0.28262800000000005,1,14618,676,53,2,4,1,53,0,0,0,0,0,1
1,0,0,0,0,0,0,0,0,0,0,0,0,0,0,0,0,1,8,1,0,0,0,0,0,0,0,0,0,0,0,0,0,0,0,0,2,8,0,0,-1,-1,-1,-1,-1,-1,-1,-1,-1,-1,-1,-1,-1,-1,-1,-1,-1,-1,-1,-1,-1,-1,-1,-1,-1,-1,-1,-1,-1,-1,-1,-1,-1,-1,-1,-1,-1,-1,-1,-1,-1,-1,-1,-1,-1,-1,-1,-1,-1,-1,-1,-1,-1,-1,-1,-1,0,5.753196,-1,16276,-1,-1,1,2,1,3585,0,1,0,0,0,0
3,0,0,1,0,0,0,0,0,0,0,0,0,0,0,0,0,1,28,2,0,0,0,0,0,0,0,0,0,0,0,0,0,0,0,0,4,14,0,0,1,0,0,1,0,0,0,0,0,0,0,0,0,0,0,0,0,14,1,0,0,0,0,0,0,0,0,0,0,0,0,0,0,0,0,13,-1,-1,-1,-1,-1,-1,-1,-1,-1,-1,-1,-1,-1,-1,-1,-1,-1,-1,-1,-1,0,-1.0,0,-1,-1,-1,-1,4,0,-1,0,-1,0,0,0,0
2,0,0,1,0,0,0,0,0,0,0,0,0,0,0,0,0,1,37,2,0,0,0,0,0,0,0,0,0,0,0,0,0,0,0,0,13,36,0,0,0,0,0,1,0,0,0,0,0,0,0,0,0,0,0,0,0,1,0,0,0,0,0,0,0,0,0,0,0,0,0,0,0,0,0,0,-1,-1,-1,-1,-1,-1,-1,-1,-1,-1,-1,-1,-1,-1,-1,-1,-1,-1,-1,-1,0,0.6550189999999999,0,15169,-1,-1,1,4,0,292,1,0,0,0,0,1
1,0,0,3,0,0,0,0,0,0,0,0,0,0,0,0,0,1,32,1,0,0,0,0,0,0,0,0,0,0,0,0,0,0,0,0,5,15,0,0,0,0,0,3,0,0,0,0,0,0,0,0,0,0,0,0,0,17,0,0,0,0,0,0,0,0,0,0,0,0,0,0,0,0,0,0,-1,-1,-1,-1,-1,-1,-1,-1,-1,-1,-1,-1,-1,-1,-1,-1,-1,-1,-1,-1,0,2.656367,-1,14259,3717,693,1,2,1,7814,1,0,0,0,0,1
3,1,0,2,0,0,0,0,0,0,0,0,0,0,0,0,0,2,34,2,1,0,0,0,0,0,0,0,0,0,0,0,0,0,0,0,6,17,0,0,1,0,0,2,0,0,0,0,0,0,0,0,0,0,0,0,0,17,1,0,0,0,0,0,0,0,0,0,0,0,0,0,0,0,0,8,-1,-1,-1,-1,-1,-1,-1,-1,-1,-1,-1,-1,-1,-1,-1,-1,-1,-1,-1,-1,0,0.195133,0,39729,-1,-1,1,2,1,899,0,0,0,0,0,1
2,0,1,3,0,3,0,2,0,0,0,0,0,0,0,0,0,1,229,1,0,0,0,0,0,0,0,0,0,0,0,0,0,0,0,0,4,13,0,0,1,0,0,3,0,0,0,0,0,0,0,0,0,0,0,0,0,51,1,0,0,0,0,0,0,0,0,0,0,0,0,0,0,0,0,9,0,0,1,0,0,3,0,2,0,0,0,0,0,0,0,0,0,165,0,3,0,10.322196,0,36024,3299,352,1,2,1,9050,0,0,0,0,0,1
2,0,0,1,0,0,0,0,0,0,0,0,0,0,0,0,0,1,22,2,0,0,0,0,0,0,0,0,0,0,0,0,0,0,0,0,6,21,0,0,0,0,0,1,0,0,0,0,0,0,0,0,0,0,0,0,0,1,0,0,0,0,0,0,0,0,0,0,0,0,0,0,0,0,0,0,-1,-1,-1,-1,-1,-1,-1,-1,-1,-1,-1,-1,-1,-1,-1,-1,-1,-1,-1,-1,0,0.29425,0,13335,4636,476,2,2,5,299,1,1,0,0,0,0
1,1,0,1,0,0,0,0,0,0,0,0,0,0,0,0,0,1,19,1,1,0,0,0,0,0,0,0,0,0,0,0,0,0,0,0,7,18,0,0,0,0,0,1,0,0,0,0,0,0,0,0,0,0,0,0,0,1,0,0,0,0,0,0,0,0,0,0,0,0,0,0,0,0,0,0,-1,-1,-1,-1,-1,-1,-1,-1,-1,-1,-1,-1,-1,-1,-1,-1,-1,-1,-1,-1,0,0.17261700000000002,1,46606,86,278,1,2,1,14390,0,1,0,0,0,1
2,0,0,0,0,0,0,0,0,0,0,0,0,0,0,0,0,1,25,2,0,0,0,0,0,0,0,0,0,0,0,0,0,0,0,0,9,25,0,0,-1,-1,-1,-1,-1,-1,-1,-1,-1,-1,-1,-1,-1,-1,-1,-1,-1,-1,-1,-1,-1,-1,-1,-1,-1,-1,-1,-1,-1,-1,-1,-1,-1,-1,-1,-1,-1,-1,-1,-1,-1,-1,-1,-1,-1,-1,-1,-1,-1,-1,-1,-1,-1,-1,-1,-1,0,0.280991,0,63949,-1,-1,1,2,1,592,0,1,0,0,0,0
1,0,0,2,0,0,0,0,0,0,0,0,0,0,0,0,0,1,69,1,0,0,0,0,0,0,0,0,0,0,0,0,0,0,0,0,7,19,0,0,0,0,0,1,0,0,0,0,0,0,0,0,0,0,0,0,0,1,0,0,0,0,0,0,0,0,0,0,0,0,0,0,0,0,0,0,0,0,0,1,0,0,0,0,0,0,0,0,0,0,0,0,0,49,0,0,0,0.614212,1,26496,315,49,1,2,1,10798,0,0,0,0,0,1
2,0,0,0,0,0,0,0,0,0,0,0,0,0,0,0,0,1,24,2,0,0,0,0,0,0,0,0,0,0,0,0,0,0,0,0,7,24,0,0,-1,-1,-1,-1,-1,-1,-1,-1,-1,-1,-1,-1,-1,-1,-1,-1,-1,-1,-1,-1,-1,-1,-1,-1,-1,-1,-1,-1,-1,-1,-1,-1,-1,-1,-1,-1,-1,-1,-1,-1,-1,-1,-1,-1,-1,-1,-1,-1,-1,-1,-1,-1,-1,-1,-1,-1,0,1.215056,0,7684,5204,273,1,2,1,10425,0,0,0,0,0,0
3,0,0,8,0,0,0,0,0,0,0,0,0,0,0,0,0,2,78,1,0,0,0,0,0,0,0,0,0,0,0,0,0,0,0,0,9,26,0,0,2,0,0,8,0,0,0,0,0,0,0,0,0,0,0,0,0,52,1,0,0,0,0,0,0,0,0,0,0,0,0,0,0,0,0,10,-1,-1,-1,-1,-1,-1,-1,-1,-1,-1,-1,-1,-1,-1,-1,-1,-1,-1,-1,-1,0,0.619464,1,20013,411,318,1,2,1,14398,1,0,0,0,0,1
5,0,0,6,1,3,0,2,0,0,0,0,0,0,0,0,0,3,112,2,0,0,0,0,0,0,0,0,0,0,0,0,0,0,0,0,4,17,0,0,0,0,0,2,0,0,0,0,0,0,0,0,0,0,0,0,0,5,0,0,0,0,0,0,0,0,0,0,0,0,0,0,0,0,0,0,3,0,0,4,1,3,0,2,0,0,0,0,0,0,0,0,0,90,1,2,0,1.04633,0,4134,6232,341,-1,4,1,-1,0,0,0,0,0,1
1,0,0,1,0,0,0,0,0,0,0,0,0,0,0,0,0,1,19,1,0,0,0,0,0,0,0,0,0,0,0,0,0,0,0,0,7,18,0,0,0,0,0,1,0,0,0,0,0,0,0,0,0,0,0,0,0,1,0,0,0,0,0,0,0,0,0,0,0,0,0,0,0,0,0,0,-1,-1,-1,-1,-1,-1,-1,-1,-1,-1,-1,-1,-1,-1,-1,-1,-1,-1,-1,-1,0,0.635141,-1,54290,69,295,1,2,1,10642,1,0,0,0,0,1
2,0,0,1,0,0,0,0,0,0,0,0,0,0,0,0,0,1,36,2,0,0,0,0,0,0,0,0,0,0,0,0,0,0,0,0,10,29,0,0,0,0,0,1,0,0,0,0,0,0,0,0,0,0,0,0,0,7,0,0,0,0,0,0,0,0,0,0,0,0,0,0,0,0,0,6,-1,-1,-1,-1,-1,-1,-1,-1,-1,-1,-1,-1,-1,-1,-1,-1,-1,-1,-1,-1,0,0.345279,0,16509,-1,-1,2,4,4,52,1,0,0,0,0,1
3,0,0,1,0,0,0,0,0,0,0,0,0,0,0,0,0,1,27,2,0,0,0,0,0,0,0,0,0,0,0,0,0,0,0,0,3,17,0,0,1,0,0,1,0,0,0,0,0,0,0,0,0,0,0,0,0,10,1,0,0,0,0,0,0,0,0,0,0,0,0,0,0,0,0,9,-1,-1,-1,-1,-1,-1,-1,-1,-1,-1,-1,-1,-1,-1,-1,-1,-1,-1,-1,-1,0,-1.0,0,-1,-1,-1,-1,4,0,-1,0,-1,0,0,0,0
2,0,0,1,0,3,0,2,0,0,0,0,1,0,0,0,22,1,102,2,0,0,0,0,0,0,0,0,0,0,0,0,0,0,0,0,4,14,0,0,0,0,0,1,0,0,0,0,0,0,0,0,0,0,0,0,0,7,0,0,0,0,0,0,0,0,0,0,0,0,0,0,0,0,0,6,0,0,0,0,0,3,0,2,0,0,0,0,1,0,0,0,22,81,0,2,0,0.116404,0,15169,7690,709,1,4,5,173,1,0,0,0,0,0
2,0,0,0,0,0,0,0,0,0,0,0,0,0,0,0,0,1,24,2,0,0,0,0,0,0,0,0,0,0,0,0,0,0,0,0,8,24,0,0,-1,-1,-1,-1,-1,-1,-1,-1,-1,-1,-1,-1,-1,-1,-1,-1,-1,-1,-1,-1,-1,-1,-1,-1,-1,-1,-1,-1,-1,-1,-1,-1,-1,-1,-1,-1,-1,-1,-1,-1,-1,-1,-1,-1,-1,-1,-1,-1,-1,-1,-1,-1,-1,-1,-1,-1,0,0.397988,0,15169,-1,-1,1,4,0,286,1,0,0,0,0,0
2,0,0,0,0,0,0,0,0,0,0,0,0,0,0,0,0,1,22,2,0,0,0,0,0,0,0,0,0,0,0,0,0,0,0,0,7,22,0,0,-1,-1,-1,-1,-1,-1,-1,-1,-1,-1,-1,-1,-1,-1,-1,-1,-1,-1,-1,-1,-1,-1,-1,-1,-1,-1,-1,-1,-1,-1,-1,-1,-1,-1,-1,-1,-1,-1,-1,-1,-1,-1,-1,-1,-1,-1,-1,-1,-1,-1,-1,-1,-1,-1,-1,-1,0,-1.0,0,16509,3736,1011,1,2,1,2368,0,-1,0,0,0,0
2,0,0,4,0,0,0,0,0,0,0,0,0,0,0,0,0,1,42,2,0,0,0,0,0,0,0,0,0,0,0,0,0,0,0,0,5,22,0,0,0,0,0,4,0,0,0,0,0,0,0,0,0,0,0,0,0,20,0,0,0,0,0,0,0,0,0,0,0,0,0,0,0,0,0,0,-1,-1,-1,-1,-1,-1,-1,-1,-1,-1,-1,-1,-1,-1,-1,-1,-1,-1,-1,-1,0,0.100841,0,19551,2181,374,2,2,1,14396,1,0,0,0,0,1
1,0,0,0,0,0,0,0,0,0,0,0,0,0,0,0,0,1,14,1,0,0,0,0,0,0,0,0,0,0,0,0,0,0,0,0,5,14,0,0,-1,-1,-1,-1,-1,-1,-1,-1,-1,-1,-1,-1,-1,-1,-1,-1,-1,-1,-1,-1,-1,-1,-1,-1,-1,-1,-1,-1,-1,-1,-1,-1,-1,-1,-1,-1,-1,-1,-1,-1,-1,-1,-1,-1,-1,-1,-1,-1,-1,-1,-1,-1,-1,-1,-1,-1,0,0.30237600000000003,1,16509,3287,1,1,2,1,3592,0,0,0,0,0,0
2,0,0,0,0,0,0,0,0,0,0,0,0,0,0,0,0,1,17,2,0,0,0,0,0,0,0,0,0,0,0,0,0,0,0,0,4,17,0,0,-1,-1,-1,-1,-1,-1,-1,-1,-1,-1,-1,-1,-1,-1,-1,-1,-1,-1,-1,-1,-1,-1,-1,-1,-1,-1,-1,-1,-1,-1,-1,-1,-1,-1,-1,-1,-1,-1,-1,-1,-1,-1,-1,-1,-1,-1,-1,-1,-1,-1,-1,-1,-1,-1,-1,-1,0,0.028882,0,16509,6626,312,2,4,1,59,1,2,0,0,0,0
8,7,0,8,1,6,0,4,0,0,0,0,0,0,0,0,0,1,319,7,0,0,0,0,0,0,0,0,0,0,0,0,0,0,0,0,19,56,0,1,1,5,0,8,0,0,0,0,0,0,0,0,0,0,0,0,0,172,1,0,0,0,0,0,0,0,0,0,0,0,0,0,0,0,0,9,0,2,0,0,1,6,0,4,0,0,0,0,0,0,0,0,0,91,0,5,0,0.25916100000000003,-1,198610,-1,-1,1,4,2,291,0,0,0,0,0,1
2,0,0,1,0,0,0,0,0,0,0,0,0,0,0,0,0,1,19,2,0,0,0,0,0,0,0,0,0,0,0,0,0,0,0,0,6,18,0,0,0,0,0,1,0,0,0,0,0,0,0,0,0,0,0,0,0,1,0,0,0,0,0,0,0,0,0,0,0,0,0,0,0,0,0,0,-1,-1,-1,-1,-1,-1,-1,-1,-1,-1,-1,-1,-1,-1,-1,-1,-1,-1,-1,-1,0,-1.0,0,13335,1811,14,2,2,0,298,1,-1,0,0,0,0
3,1,0,1,0,1,0,0,0,0,0,0,0,0,0,0,0,1,54,2,0,0,0,0,0,0,0,0,0,0,0,0,0,0,0,0,8,20,0,0,1,1,0,1,0,0,0,0,0,0,0,0,0,0,0,0,0,15,1,1,0,0,0,0,0,0,0,0,0,0,0,0,0,0,0,14,0,0,0,0,0,1,0,0,0,0,0,0,0,0,0,0,0,19,0,1,0,0.441257,0,16652,-1,-1,1,2,1,103,0,0,0,0,0,0
4,4,0,3,0,1,0,0,0,0,0,0,0,0,0,0,4,2,105,3,0,0,0,0,0,0,0,0,0,0,0,0,0,0,0,0,7,23,0,0,0,1,0,3,0,0,0,0,0,0,0,0,0,0,0,0,0,20,0,0,0,0,0,0,0,0,0,0,0,0,0,0,0,0,0,0,1,3,0,0,0,1,0,0,0,0,0,0,0,0,0,0,4,62,1,1,0,-1.0,0,-1,4966,146,1,4,5,270,1,0,0,0,0,1
2,0,0,1,0,0,0,0,0,0,0,0,0,0,0,0,0,1,23,2,0,0,0,0,0,0,0,0,0,0,0,0,0,0,0,0,6,22,0,0,0,0,0,1,0,0,0,0,0,0,0,0,0,0,0,0,0,1,0,0,0,0,0,0,0,0,0,0,0,0,0,0,0,0,0,0,-1,-1,-1,-1,-1,-1,-1,-1,-1,-1,-1,-1,-1,-1,-1,-1,-1,-1,-1,-1,0,0.828549,-1,38532,6463,475,1,2,1,19690,1,1,0,0,0,0
3,0,0,7,0,0,0,0,0,0,0,0,0,0,0,0,0,1,60,2,0,0,0,0,0,0,0,0,0,0,0,0,0,0,0,0,5,12,0,0,1,0,0,7,0,0,0,0,0,0,0,0,0,0,0,0,0,48,1,0,0,0,0,0,0,0,0,0,0,0,0,0,0,0,0,11,-1,-1,-1,-1,-1,-1,-1,-1,-1,-1,-1,-1,-1,-1,-1,-1,-1,-1,-1,-1,0,1.349809,1,34934,-1,905,1,2,1,14394,1,0,0,0,0,1
2,0,0,1,0,0,0,0,0,0,0,0,0,0,0,0,0,1,17,2,0,0,0,0,0,0,0,0,0,0,0,0,0,0,0,0,5,16,0,0,0,0,0,1,0,0,0,0,0,0,0,0,0,0,0,0,0,1,0,0,0,0,0,0,0,0,0,0,0,0,0,0,0,0,0,0,-1,-1,-1,-1,-1,-1,-1,-1,-1,-1,-1,-1,-1,-1,-1,-1,-1,-1,-1,-1,0,0.468991,0,36351,7712,321,1,2,1,1829,1,0,0,0,0,0
3,0,0,1,0,0,0,0,0,0,0,0,0,0,0,0,0,1,26,3,0,0,0,0,0,0,0,0,0,0,0,0,0,0,0,0,9,25,0,0,0,0,0,1,0,0,0,0,0,0,0,0,0,0,0,0,0,1,0,0,0,0,0,0,0,0,0,0,0,0,0,0,0,0,0,0,-1,-1,-1,-1,-1,-1,-1,-1,-1,-1,-1,-1,-1,-1,-1,-1,-1,-1,-1,-1,0,3.299469,0,24940,3065,1317,1,2,5,4968,1,1,0,0,0,0
4,0,0,5,0,1,0,0,0,0,0,0,0,0,0,0,0,2,57,2,0,0,0,0,0,0,0,0,0,0,0,0,0,0,0,0,0,14,0,0,0,0,0,2,0,0,0,0,0,0,0,0,0,0,0,0,0,4,0,0,0,0,0,0,0,0,0,0,0,0,0,0,0,0,0,0,2,0,0,3,0,1,0,0,0,0,0,0,0,0,0,0,0,39,1,1,0,5.823717,0,23650,-1,-1,1,2,1,595,0,0,0,0,0,1
14,2,0,3,0,8,1,13,0,0,0,0,0,0,0,0,0,2,299,1,0,0,0,0,0,0,0,0,0,0,0,0,0,0,0,0,6,15,0,0,1,1,0,3,0,0,0,0,0,0,0,0,0,0,0,0,0,30,1,0,0,0,0,0,0,0,0,0,0,0,0,0,0,0,0,9,12,1,0,0,0,8,1,13,0,0,0,0,0,0,0,0,0,254,1,8,1,-1.0,0,-1,2861,60,-1,2,0,-1,0,-1,0,0,0,1
2,0,0,4,0,0,0,0,0,0,0,0,0,0,0,0,0,1,50,1,0,0,0,0,0,0,0,0,0,0,0,0,0,0,0,0,8,19,0,0,1,0,0,4,0,0,0,0,0,0,0,0,0,0,0,0,0,31,1,0,0,0,0,0,0,0,0,0,0,0,0,0,0,0,0,10,-1,-1,-1,-1,-1,-1,-1,-1,-1,-1,-1,-1,-1,-1,-1,-1,-1,-1,-1,-1,0,1.160623,1,46606,2786,135,1,2,1,14390,1,0,0,0,0,1
1,0,0,1,0,0,0,0,0,0,0,0,0,0,0,0,0,1,13,1,0,0,0,0,0,0,0,0,0,0,0,0,0,0,0,0,2,6,0,0,0,0,0,1,0,0,0,0,0,0,0,0,0,0,0,0,0,7,0,0,0,0,0,0,0,0,0,0,0,0,0,0,0,0,0,6,-1,-1,-1,-1,-1,-1,-1,-1,-1,-1,-1,-1,-1,-1,-1,-1,-1,-1,-1,-1,0,0.060277,-1,15169,4819,121,1,4,0,291,1,2,0,0,1,1
4,0,4,7,1,3,0,2,0,0,0,0,0,0,0,0,0,2,161,1,0,0,0,0,0,0,0,0,0,0,0,0,0,0,0,0,4,11,0,0,0,0,0,3,0,0,0,0,0,0,0,0,0,0,0,0,0,7,0,0,0,0,0,0,0,0,0,0,0,0,0,0,0,0,0,0,-1,-1,-1,-1,-1,-1,-1,-1,-1,-1,-1,-1,-1,-1,-1,-1,-1,-1,-1,-1,0,0.177699,1,34619,1671,154,1,2,2,1059,0,0,0,0,0,1
3,0,0,1,0,0,0,0,0,0,0,0,0,0,0,0,0,1,25,2,0,0,0,0,0,0,0,0,0,0,0,0,0,0,0,0,4,16,0,0,1,0,0,1,0,0,0,0,0,0,0,0,0,0,0,0,0,9,1,0,0,0,0,0,0,0,0,0,0,0,0,0,0,0,0,8,-1,-1,-1,-1,-1,-1,-1,-1,-1,-1,-1,-1,-1,-1,-1,-1,-1,-1,-1,-1,0,1.156589,-1,6939,8298,101,1,5,1,297,0,0,0,0,0,0
1,1,0,5,0,1,0,0,0,0,0,0,0,0,0,0,0,1,72,1,0,0,0,0,0,0,0,0,0,0,0,0,0,0,0,0,3,14,0,0,0,1,0,5,0,1,0,0,0,0,0,0,0,0,0,0,0,58,0,0,0,0,0,0,0,0,0,0,0,0,0,0,0,0,0,0,-1,-1,-1,-1,-1,-1,-1,-1,-1,-1,-1,-1,-1,-1,-1,-1,-1,-1,-1,-1,0,1.338279,1,24323,4838,640,1,5,1,12863,0,0,0,0,0,1
4,1,9,3,0,0,0,0,0,0,0,0,0,0,0,0,0,1,121,3,0,0,0,0,0,0,0,0,0,0,0,0,0,0,0,0,3,20,0,0,1,1,9,3,0,0,0,0,0,0,0,0,0,0,0,0,0,101,1,0,9,0,0,0,0,0,0,0,0,0,0,0,0,0,0,71,-1,-1,-1,-1,-1,-1,-1,-1,-1,-1,-1,-1,-1,-1,-1,-1,-1,-1,-1,-1,0,2.845004,0,45102,-1,-1,1,2,2,3598,0,0,0,0,0,1
2,0,0,3,0,3,0,2,0,0,0,0,0,0,0,0,0,1,102,1,0,0,0,0,0,0,0,0,0,0,0,0,0,0,0,0,3,9,0,0,1,0,0,3,0,0,0,0,0,0,0,0,0,0,0,0,0,26,1,0,0,0,0,0,0,0,0,0,0,0,0,0,0,0,0,9,0,0,0,0,0,3,0,2,0,0,0,0,0,0,0,0,0,67,0,3,0,0.843983,1,19551,6135,73,2,2,1,14396,0,0,0,0,0,1
2,0,0,1,0,0,0,0,0,0,0,0,0,0,0,0,0,1,19,1,0,0,0,0,0,0,0,0,0,0,0,0,0,0,0,0,4,11,0,0,1,0,0,1,0,0,0,0,0,0,0,0,0,0,0,0,0,8,1,0,0,0,0,0,0,0,0,0,0,0,0,0,0,0,0,7,-1,-1,-1,-1,-1,-1,-1,-1,-1,-1,-1,-1,-1,-1,-1,-1,-1,-1,-1,-1,0,0.551082,0,32475,6921,383,1,5,0,3593,0,0,0,0,0,1
2,0,0,0,0,0,0,0,0,0,0,0,0,0,0,0,0,1,15,2,0,0,0,0,0,0,0,0,0,0,0,0,0,0,0,0,4,15,0,0,-1,-1,-1,-1,-1,-1,-1,-1,-1,-1,-1,-1,-1,-1,-1,-1,-1,-1,-1,-1,-1,-1,-1,-1,-1,-1,-1,-1,-1,-1,-1,-1,-1,-1,-1,-1,-1,-1,-1,-1,-1,-1,-1,-1,-1,-1,-1,-1,-1,-1,-1,-1,-1,-1,-1,-1,0,-1.0,0,-1,-1,-1,-1,4,0,-1,0,-1,0,0,0,0
2,0,0,3,0,0,0,0,0,0,0,0,0,0,0,0,0,1,62,2,0,0,0,0,0,0,0,0,0,0,0,0,0,0,0,0,6,23,0,0,0,0,0,3,0,0,0,0,0,0,0,0,0,0,0,0,0,39,0,0,0,0,0,0,0,0,0,0,0,0,0,0,0,0,0,0,-1,-1,-1,-1,-1,-1,-1,-1,-1,-1,-1,-1,-1,-1,-1,-1,-1,-1,-1,-1,0,0.278981,0,46606,-1,-1,1,2,1,14380,0,1,0,0,0,1
2,0,0,0,0,0,0,0,0,0,0,0,0,0,0,0,0,1,22,2,0,0,0,0,0,0,0,0,0,0,0,0,0,0,0,0,7,22,0,0,-1,-1,-1,-1,-1,-1,-1,-1,-1,-1,-1,-1,-1,-1,-1,-1,-1,-1,-1,-1,-1,-1,-1,-1,-1,-1,-1,-1,-1,-1,-1,-1,-1,-1,-1,-1,-1,-1,-1,-1,-1,-1,-1,-1,-1,-1,-1,-1,-1,-1,-1,-1,-1,-1,-1,-1,0,0.199419,-1,8377,3439,943,1,2,1,292,1,1,0,0,0,0
2,1,0,0,0,0,0,0,0,0,0,0,0,0,0,0,0,1,22,2,1,0,0,0,0,0,0,0,0,0,0,0,0,0,0,0,7,22,0,0,-1,-1,-1,-1,-1,-1,-1,-1,-1,-1,-1,-1,-1,-1,-1,-1,-1,-1,-1,-1,-1,-1,-1,-1,-1,-1,-1,-1,-1,-1,-1,-1,-1,-1,-1,-1,-1,-1,-1,-1,-1,-1,-1,-1,-1,-1,-1,-1,-1,-1,-1,-1,-1,-1,-1,-1,0,5.296827,0,13335,1466,359,2,2,0,299,1,0,0,0,0,0
3,0,1,1,0,0,0,0,0,0,0,0,0,0,0,0,0,1,42,2,0,0,0,0,0,0,0,0,0,0,0,0,0,0,0,0,6,24,0,0,1,0,1,1,0,0,0,0,0,0,0,0,0,0,0,0,0,18,1,0,1,0,0,0,0,0,0,0,0,0,0,0,0,0,0,17,-1,-1,-1,-1,-1,-1,-1,-1,-1,-1,-1,-1,-1,-1,-1,-1,-1,-1,-1,-1,0,0.563659,0,47583,-1,-1,1,1,1,51,1,0,0,0,0,1
3,0,0,2,0,0,0,0,0,0,0,0,0,0,0,0,0,1,30,2,0,0,0,0,0,0,0,0,0,0,0,0,0,0,0,0,3,16,0,0,1,0,0,2,0,0,0,0,0,0,0,0,0,0,0,0,0,14,1,0,0,0,0,0,0,0,0,0,0,0,0,0,0,0,0,10,-1,-1,-1,-1,-1,-1,-1,-1,-1,-1,-1,-1,-1,-1,-1,-1,-1,-1,-1,-1,0,0.149294,0,34536,3051,235,-1,2,2,-1,0,0,0,0,0,1
2,0,0,0,0,0,0,0,0,0,0,0,0,0,0,0,0,1,12,2,0,0,0,0,0,0,0,0,0,0,0,0,0,0,0,0,3,12,0,0,-1,-1,-1,-1,-1,-1,-1,-1,-1,-1,-1,-1,-1,-1,-1,-1,-1,-1,-1,-1,-1,-1,-1,-1,-1,-1,-1,-1,-1,-1,-1,-1,-1,-1,-1,-1,-1,-1,-1,-1,-1,-1,-1,-1,-1,-1,-1,-1,-1,-1,-1,-1,-1,-1,-1,-1,0,0.5543859999999999,0,53824,7885,881,1,2,1,599,1,3,0,0,0,0
1,0,0,1,0,0,0,0,0,0,0,0,0,0,0,0,0,1,13,1,0,0,0,0,0,0,0,0,0,0,0,0,0,0,0,0,2,6,0,0,0,0,0,1,0,0,0,0,0,0,0,0,0,0,0,0,0,7,0,0,0,0,0,0,0,0,0,0,0,0,0,0,0,0,0,6,-1,-1,-1,-1,-1,-1,-1,-1,-1,-1,-1,-1,-1,-1,-1,-1,-1,-1,-1,-1,0,0.058128,-1,15169,4817,123,1,4,0,231,1,0,0,0,1,1
1,0,0,0,0,0,0,0,0,0,0,0,0,0,0,0,0,1,13,1,0,0,0,0,0,0,0,0,0,0,0,0,0,0,0,0,4,13,0,0,-1,-1,-1,-1,-1,-1,-1,-1,-1,-1,-1,-1,-1,-1,-1,-1,-1,-1,-1,-1,-1,-1,-1,-1,-1,-1,-1,-1,-1,-1,-1,-1,-1,-1,-1,-1,-1,-1,-1,-1,-1,-1,-1,-1,-1,-1,-1,-1,-1,-1,-1,-1,-1,-1,-1,-1,0,0.309641,1,14618,5234,3165,8,4,2,38,1,2,0,0,0,0
2,0,0,6,0,1,0,0,0,0,0,0,0,0,0,0,0,1,44,2,0,0,0,0,0,0,0,0,0,0,0,0,0,0,0,0,4,14,0,0,0,0,0,6,0,1,0,0,0,0,0,0,0,0,0,0,0,30,0,0,0,0,0,0,0,0,0,0,0,0,0,0,0,0,0,0,-1,-1,-1,-1,-1,-1,-1,-1,-1,-1,-1,-1,-1,-1,-1,-1,-1,-1,-1,-1,0,0.080912,-1,51167,-1,742,1,2,1,7257,1,1,0,0,0,1
4,0,0,1,0,0,0,0,0,0,0,0,0,0,0,0,0,1,40,3,0,0,0,0,0,0,0,0,0,0,0,0,0,0,0,0,7,27,0,0,1,0,0,1,0,0,0,0,0,0,0,0,0,0,0,0,0,13,1,0,0,0,0,0,0,0,0,0,0,0,0,0,0,0,0,12,-1,-1,-1,-1,-1,-1,-1,-1,-1,-1,-1,-1,-1,-1,-1,-1,-1,-1,-1,-1,0,0.312868,1,20013,2239,316,1,2,1,14394,1,0,0,0,0,1
4,2,0,3,0,7,1,6,0,0,0,0,0,0,0,0,0,2,153,1,0,0,0,0,0,0,0,0,0,0,0,0,0,0,0,0,4,15,0,0,1,1,0,3,0,0,0,0,0,0,0,0,0,0,0,0,0,29,1,0,0,0,0,0,0,0,0,0,0,0,0,0,0,0,0,10,2,1,0,0,0,7,1,6,0,0,0,0,0,0,0,0,0,109,1,7,1,0.91623,0,26496,2505,416,1,2,2,10791,0,0,0,0,0,1
1,0,0,1,0,0,0,0,0,0,0,0,0,0,0,0,0,1,31,1,0,0,0,0,0,0,0,0,0,0,0,0,0,0,0,0,7,21,0,0,0,0,0,1,0,0,0,0,0,0,0,0,0,0,0,0,0,10,0,0,0,0,0,0,0,0,0,0,0,0,0,0,0,0,0,9,-1,-1,-1,-1,-1,-1,-1,-1,-1,-1,-1,-1,-1,-1,-1,-1,-1,-1,-1,-1,0,0.38086,1,19662,5602,241,1,2,1,3588,1,1,0,0,0,1
3,0,0,0,0,0,0,0,0,0,0,0,0,0,0,0,0,1,20,3,0,0,0,0,0,0,0,0,0,0,0,0,0,0,0,0,6,20,0,0,-1,-1,-1,-1,-1,-1,-1,-1,-1,-1,-1,-1,-1,-1,-1,-1,-1,-1,-1,-1,-1,-1,-1,-1,-1,-1,-1,-1,-1,-1,-1,-1,-1,-1,-1,-1,-1,-1,-1,-1,-1,-1,-1,-1,-1,-1,-1,-1,-1,-1,-1,-1,-1,-1,-1,-1,0,1.705415,0,53243,8469,-1,1,2,1,2616,1,0,0,0,0,0
3,0,0,0,0,0,0,0,0,0,0,0,0,0,0,0,0,1,18,3,0,0,0,0,0,0,0,0,0,0,0,0,0,0,0,0,4,18,0,0,-1,-1,-1,-1,-1,-1,-1,-1,-1,-1,-1,-1,-1,-1,-1,-1,-1,-1,-1,-1,-1,-1,-1,-1,-1,-1,-1,-1,-1,-1,-1,-1,-1,-1,-1,-1,-1,-1,-1,-1,-1,-1,-1,-1,-1,-1,-1,-1,-1,-1,-1,-1,-1,-1,-1,-1,0,0.619498,0,3132,-1,-1,1,2,0,7190,1,0,0,0,0,0
2,1,0,0,0,0,0,0,0,0,0,0,0,0,0,0,0,2,17,2,1,0,0,0,0,0,0,0,0,0,0,0,0,0,0,0,5,17,0,0,-1,-1,-1,-1,-1,-1,-1,-1,-1,-1,-1,-1,-1,-1,-1,-1,-1,-1,-1,-1,-1,-1,-1,-1,-1,-1,-1,-1,-1,-1,-1,-1,-1,-1,-1,-1,-1,-1,-1,-1,-1,-1,-1,-1,-1,-1,-1,-1,-1,-1,-1,-1,-1,-1,-1,-1,0,0.5827,-1,40034,7771,262,1,2,0,298,0,0,0,0,0,0
1,0,0,1,0,0,0,0,0,0,0,0,0,60,0,0,127,1,496,1,0,0,0,0,0,0,0,0,0,0,0,0,0,0,0,0,7,22,0,0,0,0,0,1,0,0,0,0,0,0,0,0,0,60,0,0,127,474,0,0,0,0,0,0,0,0,0,0,0,0,0,60,0,0,127,473,-1,-1,-1,-1,-1,-1,-1,-1,-1,-1,-1,-1,-1,-1,-1,-1,-1,-1,-1,-1,0,0.705854,0,13354,2212,343,1,2,1,14386,1,0,0,0,0,1
3,0,0,3,0,0,0,0,0,0,0,0,0,0,0,0,0,1,35,2,0,0,0,0,0,0,0,0,0,0,0,0,0,0,0,0,7,18,0,0,1,0,0,3,0,0,0,0,0,0,0,0,0,0,0,0,0,17,0,0,0,0,0,0,0,0,0,0,0,0,0,0,0,0,0,0,-1,-1,-1,-1,-1,-1,-1,-1,-1,-1,-1,-1,-1,-1,-1,-1,-1,-1,-1,-1,0,0.513634,0,15169,-1,-1,1,2,1,289,0,0,0,0,0,0
1,1,0,2,0,0,0,0,0,0,0,0,0,0,0,0,0,1,22,1,1,0,0,0,0,0,0,0,0,0,0,0,0,0,0,0,5,16,0,0,0,0,0,2,0,0,0,0,0,0,0,0,0,0,0,0,0,6,0,0,0,0,0,0,0,0,0,0,0,0,0,0,0,0,0,0,-1,-1,-1,-1,-1,-1,-1,-1,-1,-1,-1,-1,-1,-1,-1,-1,-1,-1,-1,-1,0,0.113199,1,36352,-1,-1,1,2,5,1797,0,0,0,0,0,1
1,0,0,0,0,0,0,0,0,0,0,0,0,0,0,0,0,1,11,1,0,0,0,0,0,0,0,0,0,0,0,0,0,0,0,0,3,11,0,0,-1,-1,-1,-1,-1,-1,-1,-1,-1,-1,-1,-1,-1,-1,-1,-1,-1,-1,-1,-1,-1,-1,-1,-1,-1,-1,-1,-1,-1,-1,-1,-1,-1,-1,-1,-1,-1,-1,-1,-1,-1,-1,-1,-1,-1,-1,-1,-1,-1,-1,-1,-1,-1,-1,-1,-1,0,2.249184,1,22612,4093,289,1,2,1,3594,0,1,0,0,0,0
1,0,0,0,0,0,0,0,0,0,0,0,0,0,0,0,0,1,15,1,0,0,0,0,0,0,0,0,0,0,0,0,0,0,0,0,6,15,0,0,-1,-1,-1,-1,-1,-1,-1,-1,-1,-1,-1,-1,-1,-1,-1,-1,-1,-1,-1,-1,-1,-1,-1,-1,-1,-1,-1,-1,-1,-1,-1,-1,-1,-1,-1,-1,-1,-1,-1,-1,-1,-1,-1,-1,-1,-1,-1,-1,-1,-1,-1,-1,-1,-1,-1,-1,0,0.669585,0,36351,7707,326,1,2,7,735,1,3,0,0,0,0
1,5,0,4,0,0,0,0,0,0,0,0,0,0,0,0,0,1,106,1,1,0,0,0,0,0,0,0,0,0,0,0,0,0,0,0,4,13,0,0,0,4,0,4,0,0,0,0,0,0,0,0,0,0,0,0,0,93,0,0,0,0,0,0,0,0,0,0,0,0,0,0,0,0,0,0,-1,-1,-1,-1,-1,-1,-1,-1,-1,-1,-1,-1,-1,-1,-1,-1,-1,-1,-1,-1,0,0.109356,1,21064,4152,-1,1,2,1,105,0,0,0,0,0,1
2,0,0,1,0,0,0,0,0,0,0,0,0,0,0,0,0,1,46,2,0,0,0,0,0,0,0,0,0,0,0,0,0,0,0,0,16,45,0,0,0,0,0,1,0,0,0,0,0,0,0,0,0,0,0,0,0,1,0,0,0,0,0,0,0,0,0,0,0,0,0,0,0,0,0,0,-1,-1,-1,-1,-1,-1,-1,-1,-1,-1,-1,-1,-1,-1,-1,-1,-1,-1,-1,-1,0,0.296561,0,47583,-1,-1,1,1,1,50,1,0,0,0,0,1
1,1,0,0,0,0,0,0,0,0,0,0,0,0,0,0,0,1,17,1,1,0,0,0,0,0,0,0,0,0,0,0,0,0,0,0,4,17,0,0,-1,-1,-1,-1,-1,-1,-1,-1,-1,-1,-1,-1,-1,-1,-1,-1,-1,-1,-1,-1,-1,-1,-1,-1,-1,-1,-1,-1,-1,-1,-1,-1,-1,-1,-1,-1,-1,-1,-1,-1,-1,-1,-1,-1,-1,-1,-1,-1,-1,-1,-1,-1,-1,-1,-1,-1,0,-1.0,0,-1,338,26,-1,2,0,-1,0,-1,0,0,0,0
3,0,0,2,0,0,0,0,0,0,0,0,0,0,0,0,0,1,41,2,0,0,0,0,0,0,0,0,0,0,0,0,0,0,0,0,8,21,0,0,1,0,0,2,0,0,0,0,0,0,0,0,0,0,0,0,0,20,1,0,0,0,0,0,0,0,0,0,0,0,0,0,0,0,0,7,-1,-1,-1,-1,-1,-1,-1,-1,-1,-1,-1,-1,-1,-1,-1,-1,-1,-1,-1,-1,0,0.618815,0,32475,2140,50,1,2,1,1791,1,0,0,0,0,1
2,0,0,0,0,0,0,0,0,0,0,0,0,0,0,0,0,1,13,2,0,0,0,0,0,0,0,0,0,0,0,0,0,0,0,0,5,13,0,0,-1,-1,-1,-1,-1,-1,-1,-1,-1,-1,-1,-1,-1,-1,-1,-1,-1,-1,-1,-1,-1,-1,-1,-1,-1,-1,-1,-1,-1,-1,-1,-1,-1,-1,-1,-1,-1,-1,-1,-1,-1,-1,-1,-1,-1,-1,-1,-1,-1,-1,-1,-1,-1,-1,-1,-1,0,0.242915,0,6903,-1,-1,1,2,1,290,0,0,0,0,0,0
2,8,0,4,0,0,0,0,0,0,0,0,0,0,0,0,0,1,83,2,0,0,0,0,0,0,0,0,0,0,0,0,0,0,0,0,4,17,0,0,0,8,0,4,0,0,0,0,0,0,0,0,0,0,0,0,0,66,0,0,0,0,0,0,0,0,0,0,0,0,0,0,0,0,0,0,-1,-1,-1,-1,-1,-1,-1,-1,-1,-1,-1,-1,-1,-1,-1,-1,-1,-1,-1,-1,0,0.610362,0,26496,3473,544,1,2,2,591,1,1,0,0,0,0
2,0,0,1,0,0,0,0,0,0,0,0,0,0,0,0,0,1,19,2,0,0,0,0,0,0,0,0,0,0,0,0,0,0,0,0,4,18,0,0,0,0,0,1,0,0,0,0,0,0,0,0,0,0,0,0,0,1,0,0,0,0,0,0,0,0,0,0,0,0,0,0,0,0,0,0,-1,-1,-1,-1,-1,-1,-1,-1,-1,-1,-1,-1,-1,-1,-1,-1,-1,-1,-1,-1,0,0.371603,0,26496,5732,111,1,2,2,591,0,0,0,0,0,0
3,1,0,1,0,0,0,0,0,0,0,0,0,0,0,0,0,1,34,2,1,0,0,0,0,0,0,0,0,0,0,0,0,0,0,0,3,23,0,1,1,0,0,1,0,0,0,0,0,0,0,0,0,0,0,0,0,11,1,0,0,0,0,0,0,0,0,0,0,0,0,0,0,0,0,10,-1,-1,-1,-1,-1,-1,-1,-1,-1,-1,-1,-1,-1,-1,-1,-1,-1,-1,-1,-1,0,0.434321,0,34989,-1,-1,1,2,0,21597,0,0,0,0,0,1
2,0,0,0,0,0,0,0,0,0,0,0,0,0,0,0,0,1,15,2,0,0,0,0,0,0,0,0,0,0,0,0,0,0,0,0,3,15,0,0,-1,-1,-1,-1,-1,-1,-1,-1,-1,-1,-1,-1,-1,-1,-1,-1,-1,-1,-1,-1,-1,-1,-1,-1,-1,-1,-1,-1,-1,-1,-1,-1,-1,-1,-1,-1,-1,-1,-1,-1,-1,-1,-1,-1,-1,-1,-1,-1,-1,-1,-1,-1,-1,-1,-1,-1,0,-1.0,0,20596,8626,1236,2,2,5,48,1,1,0,0,0,0
3,1,0,1,0,0,0,0,0,0,0,0,0,0,0,0,0,1,29,3,0,0,0,0,0,0,0,0,0,0,0,0,0,0,0,0,7,27,0,0,0,1,0,1,0,0,0,0,0,0,0,0,0,0,0,0,0,2,0,1,0,0,0,0,0,0,0,0,0,0,0,0,0,0,0,1,-1,-1,-1,-1,-1,-1,-1,-1,-1,-1,-1,-1,-1,-1,-1,-1,-1,-1,-1,-1,0,0.089885,0,34922,-1,-1,1,2,2,21580,0,1,0,0,0,1
2,0,0,3,0,0,0,0,0,0,0,0,0,0,0,0,0,1,51,1,0,0,0,0,0,0,0,0,0,0,0,0,0,0,0,0,10,23,0,0,1,0,0,3,0,0,0,0,0,0,0,0,0,0,0,0,0,28,1,0,0,0,0,0,0,0,0,0,0,0,0,0,0,0,0,9,-1,-1,-1,-1,-1,-1,-1,-1,-1,-1,-1,-1,-1,-1,-1,-1,-1,-1,-1,-1,0,7.253178,0,15244,2281,274,1,2,1,14383,0,0,0,0,0,1
4,0,0,0,0,0,0,0,0,0,0,0,0,0,0,0,0,1,25,4,0,0,0,0,0,0,0,0,0,0,0,0,0,0,0,0,7,25,0,0,-1,-1,-1,-1,-1,-1,-1,-1,-1,-1,-1,-1,-1,-1,-1,-1,-1,-1,-1,-1,-1,-1,-1,-1,-1,-1,-1,-1,-1,-1,-1,-1,-1,-1,-1,-1,-1,-1,-1,-1,-1,-1,-1,-1,-1,-1,-1,-1,-1,-1,-1,-1,-1,-1,-1,-1,0,0.99009,0,262967,565,-1,1,3,3,358,1,0,0,0,0,0
1,1,0,3,0,0,0,0,0,0,0,0,0,0,0,0,0,1,57,1,0,0,0,0,0,0,0,0,0,0,0,0,0,0,0,0,4,12,0,0,0,1,0,3,0,0,0,0,0,0,0,0,0,0,0,0,0,45,0,0,0,0,0,0,0,0,0,0,0,0,0,0,0,0,0,32,-1,-1,-1,-1,-1,-1,-1,-1,-1,-1,-1,-1,-1,-1,-1,-1,-1,-1,-1,-1,0,1.405119,0,26496,481,248,1,2,0,590,0,1,0,0,0,1
2,0,0,1,0,0,0,0,0,0,0,0,0,0,0,0,0,1,16,2,0,0,0,0,0,0,0,0,0,0,0,0,0,0,0,0,4,15,0,0,0,0,0,1,0,0,0,0,0,0,0,0,0,0,0,0,0,1,0,0,0,0,0,0,0,0,0,0,0,0,0,0,0,0,0,0,-1,-1,-1,-1,-1,-1,-1,-1,-1,-1,-1,-1,-1,-1,-1,-1,-1,-1,-1,-1,0,1.148811,0,30083,2967,1050,1,4,3,3587,0,0,0,0,0,0
2,0,0,1,0,0,0,0,0,0,0,0,0,0,0,0,0,1,17,2,0,0,0,0,0,0,0,0,0,0,0,0,0,0,0,0,5,16,0,0,0,0,0,1,0,0,0,0,0,0,0,0,0,0,0,0,0,1,0,0,0,0,0,0,0,0,0,0,0,0,0,0,0,0,0,0,-1,-1,-1,-1,-1,-1,-1,-1,-1,-1,-1,-1,-1,-1,-1,-1,-1,-1,-1,-1,0,0.34325300000000003,0,37560,3598,53,2,4,2,597,1,0,0,0,0,0
4,0,0,0,0,0,0,0,0,0,0,0,0,0,0,0,0,1,31,4,0,0,0,0,0,0,0,0,0,0,0,0,0,0,0,0,9,31,0,0,-1,-1,-1,-1,-1,-1,-1,-1,-1,-1,-1,-1,-1,-1,-1,-1,-1,-1,-1,-1,-1,-1,-1,-1,-1,-1,-1,-1,-1,-1,-1,-1,-1,-1,-1,-1,-1,-1,-1,-1,-1,-1,-1,-1,-1,-1,-1,-1,-1,-1,-1,-1,-1,-1,-1,-1,0,1.990356,-1,46606,8469,-1,1,2,1,14386,1,0,0,0,0,0
3,1,3,2,0,2,0,1,0,0,0,0,0,0,0,0,0,1,130,2,0,0,0,0,0,0,0,0,0,0,0,0,0,0,0,0,8,29,0,0,1,0,0,2,0,0,0,0,0,0,0,0,0,0,0,0,0,19,1,0,0,0,0,0,0,0,0,0,0,0,0,0,0,0,0,10,0,1,3,0,0,2,0,1,0,0,0,0,0,0,0,0,0,82,0,1,0,0.251706,0,17054,2257,298,1,2,0,490,1,0,0,0,0,1
3,0,0,1,0,0,0,0,0,0,0,0,0,0,0,0,0,1,28,2,0,0,0,0,0,0,0,0,0,0,0,0,0,0,0,0,3,13,0,0,1,0,0,1,0,0,0,0,0,0,0,0,0,0,0,0,0,15,1,0,0,0,0,0,0,0,0,0,0,0,0,0,0,0,0,14,-1,-1,-1,-1,-1,-1,-1,-1,-1,-1,-1,-1,-1,-1,-1,-1,-1,-1,-1,-1,0,1.497005,0,47583,-1,-1,1,4,1,14394,0,0,0,0,0,1
2,0,0,1,0,0,0,0,0,0,0,0,0,0,0,0,0,1,20,2,0,0,0,0,0,0,0,0,0,0,0,0,0,0,0,0,8,19,0,0,0,0,0,1,0,0,0,0,0,0,0,0,0,0,0,0,0,1,0,0,0,0,0,0,0,0,0,0,0,0,0,0,0,0,0,0,-1,-1,-1,-1,-1,-1,-1,-1,-1,-1,-1,-1,-1,-1,-1,-1,-1,-1,-1,-1,0,-1.0,0,14420,1274,917,-1,4,3,-1,0,-1,0,0,0,0
1,0,0,2,0,0,0,0,0,0,0,0,0,0,0,0,0,1,11,1,0,0,0,0,0,0,0,0,0,0,0,0,0,0,0,0,1,7,0,0,0,0,0,2,0,0,0,0,0,0,0,0,0,0,0,0,0,4,0,0,0,0,0,0,0,0,0,0,0,0,0,0,0,0,0,0,-1,-1,-1,-1,-1,-1,-1,-1,-1,-1,-1,-1,-1,-1,-1,-1,-1,-1,-1,-1,0,0.395392,-1,9123,4161,221,1,4,2,582,0,0,0,0,0,1
5,0,1,4,0,1,0,0,0,0,0,0,0,0,0,0,0,2,121,2,0,0,0,0,0,0,0,0,0,0,0,0,0,0,0,0,7,24,0,0,3,0,0,4,0,0,0,0,0,0,0,0,0,0,0,0,0,81,1,0,0,0,0,0,0,0,0,0,0,0,0,0,0,0,0,9,0,0,1,0,0,1,0,0,0,0,0,0,0,0,0,0,0,16,0,1,0,0.469114,0,46606,5198,645,1,2,1,3598,0,0,0,0,0,1
3,0,0,1,0,0,0,0,0,0,0,0,0,0,0,0,0,1,32,2,0,0,0,0,0,0,0,0,0,0,0,0,0,0,0,0,6,24,0,0,1,0,0,1,0,0,0,0,0,0,0,0,0,0,0,0,0,8,1,0,0,0,0,0,0,0,0,0,0,0,0,0,0,0,0,7,-1,-1,-1,-1,-1,-1,-1,-1,-1,-1,-1,-1,-1,-1,-1,-1,-1,-1,-1,-1,0,0.592141,0,47583,-1,-1,1,1,1,41,1,0,0,0,0,1
2,2,0,3,0,0,0,0,0,0,0,0,0,0,0,0,0,1,39,2,0,0,0,0,0,0,0,0,0,0,0,0,0,0,0,0,5,21,0,0,0,2,0,3,0,0,0,0,0,0,0,0,0,0,0,0,0,18,0,0,0,0,0,0,0,0,0,0,0,0,0,0,0,0,0,0,-1,-1,-1,-1,-1,-1,-1,-1,-1,-1,-1,-1,-1,-1,-1,-1,-1,-1,-1,-1,0,0.323918,1,20013,6670,268,1,4,1,14396,1,0,0,0,0,1
1,0,0,3,0,0,0,0,0,0,0,0,0,0,0,0,0,1,27,1,0,0,0,0,0,0,0,0,0,0,0,0,0,0,0,0,3,13,0,0,0,0,0,3,0,0,0,0,0,0,0,0,0,0,0,0,0,14,0,0,0,0,0,0,0,0,0,0,0,0,0,0,0,0,0,0,-1,-1,-1,-1,-1,-1,-1,-1,-1,-1,-1,-1,-1,-1,-1,-1,-1,-1,-1,-1,0,0.33637,0,-1,-1,-1,1,4,0,292,1,0,0,0,0,1
2,0,0,0,0,0,0,0,0,0,0,0,0,0,0,0,0,1,21,2,0,0,0,0,0,0,0,0,0,0,0,0,0,0,0,0,7,21,0,0,-1,-1,-1,-1,-1,-1,-1,-1,-1,-1,-1,-1,-1,-1,-1,-1,-1,-1,-1,-1,-1,-1,-1,-1,-1,-1,-1,-1,-1,-1,-1,-1,-1,-1,-1,-1,-1,-1,-1,-1,-1,-1,-1,-1,-1,-1,-1,-1,-1,-1,-1,-1,-1,-1,-1,-1,0,0.386956,0,15169,-1,-1,1,4,0,247,1,0,0,0,0,0
4,1,0,2,0,0,0,0,0,0,0,0,0,0,0,0,0,1,56,3,1,0,0,0,0,0,0,0,0,0,0,0,0,0,0,0,11,37,0,0,1,0,0,2,0,0,0,0,0,0,0,0,0,0,0,0,0,19,1,0,0,0,0,0,0,0,0,0,0,0,0,0,0,0,0,9,-1,-1,-1,-1,-1,-1,-1,-1,-1,-1,-1,-1,-1,-1,-1,-1,-1,-1,-1,-1,0,10.412556,0,55803,-1,-1,1,3,1,1833,0,0,0,0,0,1
2,0,0,1,0,0,0,0,0,0,0,0,0,0,0,0,0,1,22,2,0,0,0,0,0,0,0,0,0,0,0,0,0,0,0,0,5,16,0,0,0,0,0,1,0,0,0,0,0,0,0,0,0,0,0,0,0,6,0,0,0,0,0,0,0,0,0,0,0,0,0,0,0,0,0,5,-1,-1,-1,-1,-1,-1,-1,-1,-1,-1,-1,-1,-1,-1,-1,-1,-1,-1,-1,-1,0,1.068644,-1,26496,3814,202,1,2,2,589,0,1,0,0,0,1
1,0,0,1,0,0,0,0,0,0,0,0,0,0,0,0,0,1,13,1,0,0,0,0,0,0,0,0,0,0,0,0,0,0,0,0,5,6,0,0,0,0,0,1,0,0,0,0,0,0,0,0,0,0,0,0,0,7,0,0,0,0,0,0,0,0,0,0,0,0,0,0,0,0,0,6,-1,-1,-1,-1,-1,-1,-1,-1,-1,-1,-1,-1,-1,-1,-1,-1,-1,-1,-1,-1,0,0.552217,1,13335,1538,287,2,2,5,292,1,0,0,0,1,1
1,0,0,0,0,0,0,0,0,0,0,0,0,0,0,0,0,1,15,1,0,0,0,0,0,0,0,0,0,0,0,0,0,0,0,0,5,15,0,0,-1,-1,-1,-1,-1,-1,-1,-1,-1,-1,-1,-1,-1,-1,-1,-1,-1,-1,-1,-1,-1,-1,-1,-1,-1,-1,-1,-1,-1,-1,-1,-1,-1,-1,-1,-1,-1,-1,-1,-1,-1,-1,-1,-1,-1,-1,-1,-1,-1,-1,-1,-1,-1,-1,-1,-1,0,0.344505,0,395082,6017,191,1,2,2,4497,0,0,1,0,0,0
3,0,0,0,0,0,0,0,0,0,0,0,0,0,0,0,0,1,25,3,0,0,0,0,0,0,0,0,0,0,0,0,0,0,0,0,9,25,0,0,-1,-1,-1,-1,-1,-1,-1,-1,-1,-1,-1,-1,-1,-1,-1,-1,-1,-1,-1,-1,-1,-1,-1,-1,-1,-1,-1,-1,-1,-1,-1,-1,-1,-1,-1,-1,-1,-1,-1,-1,-1,-1,-1,-1,-1,-1,-1,-1,-1,-1,-1,-1,-1,-1,-1,-1,0,1.374452,0,9498,5239,238,1,2,4,19387,1,2,0,0,0,0
3,0,1,1,0,0,0,0,0,0,0,0,0,0,0,0,0,1,43,2,0,0,0,0,0,0,0,0,0,0,0,0,0,0,0,0,6,25,0,0,1,0,1,1,0,0,0,0,0,0,0,0,0,0,0,0,0,18,1,0,1,0,0,0,0,0,0,0,0,0,0,0,0,0,0,17,-1,-1,-1,-1,-1,-1,-1,-1,-1,-1,-1,-1,-1,-1,-1,-1,-1,-1,-1,-1,0,0.611629,0,47583,-1,-1,1,1,1,52,1,0,0,0,0,1
1,0,0,0,0,0,0,0,0,0,0,0,0,0,0,0,0,1,25,1,0,0,0,0,0,0,0,0,0,0,0,0,0,0,0,0,12,25,0,0,-1,-1,-1,-1,-1,-1,-1,-1,-1,-1,-1,-1,-1,-1,-1,-1,-1,-1,-1,-1,-1,-1,-1,-1,-1,-1,-1,-1,-1,-1,-1,-1,-1,-1,-1,-1,-1,-1,-1,-1,-1,-1,-1,-1,-1,-1,-1,-1,-1,-1,-1,-1,-1,-1,-1,-1,0,0.884908,-1,16276,2132,58,1,2,1,291,1,0,0,0,0,0
2,1,0,0,0,0,0,0,0,0,0,0,0,0,0,0,0,1,17,2,1,0,0,0,0,0,0,0,0,0,0,0,0,0,0,0,4,17,0,0,-1,-1,-1,-1,-1,-1,-1,-1,-1,-1,-1,-1,-1,-1,-1,-1,-1,-1,-1,-1,-1,-1,-1,-1,-1,-1,-1,-1,-1,-1,-1,-1,-1,-1,-1,-1,-1,-1,-1,-1,-1,-1,-1,-1,-1,-1,-1,-1,-1,-1,-1,-1,-1,-1,-1,-1,0,0.103299,1,16276,6631,1038,1,2,3,3593,1,0,0,0,0,0
3,0,0,4,0,0,0,0,0,0,0,0,0,0,0,0,0,1,87,2,0,0,0,0,0,0,0,0,0,0,0,0,0,0,0,0,10,27,0,0,1,0,0,4,0,0,0,0,0,0,0,0,0,0,0,0,0,60,1,0,0,0,0,0,0,0,0,0,0,0,0,0,0,0,0,8,-1,-1,-1,-1,-1,-1,-1,-1,-1,-1,-1,-1,-1,-1,-1,-1,-1,-1,-1,-1,0,0.053391,0,50673,-1,-1,1,2,1,14397,1,1,0,0,0,1
2,0,1,2,0,3,0,2,0,0,0,0,0,0,0,0,0,1,202,1,0,0,0,0,0,0,0,0,0,0,0,0,0,0,0,0,4,16,0,0,1,0,0,2,0,0,0,0,0,0,0,0,0,0,0,0,0,21,1,0,0,0,0,0,0,0,0,0,0,0,0,0,0,0,0,9,0,0,1,0,0,3,0,2,0,0,0,0,0,0,0,0,0,165,0,3,0,1.206402,0,10316,1352,108,1,2,3,21532,1,0,0,0,0,1
2,0,0,0,0,0,0,0,0,0,0,0,0,0,0,0,0,1,12,2,0,0,0,0,0,0,0,0,0,0,0,0,0,0,0,0,5,12,0,0,-1,-1,-1,-1,-1,-1,-1,-1,-1,-1,-1,-1,-1,-1,-1,-1,-1,-1,-1,-1,-1,-1,-1,-1,-1,-1,-1,-1,-1,-1,-1,-1,-1,-1,-1,-1,-1,-1,-1,-1,-1,-1,-1,-1,-1,-1,-1,-1,-1,-1,-1,-1,-1,-1,-1,-1,0,2.523519,-1,24940,5467,376,1,12,1,2823,0,-1,0,0,0,0
14,0,0,3,1,5,0,10,0,0,0,0,0,0,0,0,0,1,246,1,0,0,0,0,0,0,0,0,0,0,0,0,0,0,0,0,5,10,0,0,1,0,0,3,0,0,0,0,0,0,0,0,0,0,0,0,0,23,1,0,0,0,0,0,0,0,0,0,0,0,0,0,0,0,0,9,12,0,0,0,1,5,0,10,0,0,0,0,0,0,0,0,0,213,0,3,0,0.430156,0,26496,2684,3159,1,2,2,592,1,0,0,0,0,1
1,0,0,0,0,0,0,0,0,0,0,0,0,0,0,0,0,1,13,1,0,0,0,0,0,0,0,0,0,0,0,0,0,0,0,0,6,13,0,0,-1,-1,-1,-1,-1,-1,-1,-1,-1,-1,-1,-1,-1,-1,-1,-1,-1,-1,-1,-1,-1,-1,-1,-1,-1,-1,-1,-1,-1,-1,-1,-1,-1,-1,-1,-1,-1,-1,-1,-1,-1,-1,-1,-1,-1,-1,-1,-1,-1,-1,-1,-1,-1,-1,-1,-1,0,0.551033,0,36351,6543,395,1,2,1,291,1,1,0,0,0,0
1,0,0,0,0,0,0,0,0,0,0,0,0,0,0,0,0,1,11,1,0,0,0,0,0,0,0,0,0,0,0,0,0,0,0,0,3,11,0,0,-1,-1,-1,-1,-1,-1,-1,-1,-1,-1,-1,-1,-1,-1,-1,-1,-1,-1,-1,-1,-1,-1,-1,-1,-1,-1,-1,-1,-1,-1,-1,-1,-1,-1,-1,-1,-1,-1,-1,-1,-1,-1,-1,-1,-1,-1,-1,-1,-1,-1,-1,-1,-1,-1,-1,-1,0,0.065691,-1,15169,7043,261,1,4,3,291,1,5,0,0,0,0
2,0,1,3,0,3,0,2,0,0,0,0,0,0,0,0,0,1,206,1,0,0,0,0,0,0,0,0,0,0,0,0,0,0,0,0,5,12,0,0,1,0,0,3,0,0,0,0,0,0,0,0,0,0,0,0,0,29,1,0,0,0,0,0,0,0,0,0,0,0,0,0,0,0,0,9,0,0,1,0,0,3,0,2,0,0,0,0,0,0,0,0,0,165,0,3,0,0.546122,0,46475,2496,60,1,2,1,9739,0,0,0,0,0,1
2,2,8,3,0,8,0,5,0,0,0,0,0,0,0,0,1,1,319,2,0,0,0,0,0,0,0,0,0,0,0,0,0,0,0,0,3,12,0,0,0,0,0,3,0,0,0,0,0,0,0,0,0,0,0,0,0,49,0,0,0,0,0,0,0,0,0,0,0,0,0,0,0,0,0,32,0,2,8,0,0,8,0,5,0,0,0,0,0,0,0,0,1,258,0,6,0,1.511513,0,16509,-1,-1,2,2,5,50,1,0,0,0,0,1
4,0,0,1,0,0,0,0,0,0,0,0,0,0,0,0,0,1,48,2,0,0,0,0,0,0,0,0,0,0,0,0,0,0,0,0,5,16,0,0,2,0,0,1,0,0,0,0,0,0,0,0,0,0,0,0,0,32,2,0,0,0,0,0,0,0,0,0,0,0,0,0,0,0,0,31,-1,-1,-1,-1,-1,-1,-1,-1,-1,-1,-1,-1,-1,-1,-1,-1,-1,-1,-1,-1,0,0.209463,0,32934,7859,3464,1,2,1,86,1,0,0,0,0,0
4,5,7,12,0,3,0,2,0,0,0,0,0,0,0,0,1,1,264,2,1,0,0,0,0,0,0,0,0,0,0,0,0,0,0,0,9,30,0,0,1,0,3,5,0,0,0,0,0,0,0,0,0,0,0,0,0,62,1,0,0,0,0,0,0,0,0,0,0,0,0,0,0,0,0,13,1,4,4,7,0,3,0,2,0,0,0,0,0,0,0,0,1,172,0,3,0,0.651825,0,8075,-1,-1,1,4,0,237,1,0,0,0,0,1
3,2,0,7,1,3,0,2,0,0,0,1,0,0,0,0,2,1,243,0,0,0,0,0,0,0,0,0,0,0,0,0,0,0,0,0,0,6,0,0,2,1,0,6,0,0,0,0,0,0,0,0,0,0,0,0,0,64,0,0,0,0,0,0,0,0,0,0,0,0,0,0,0,0,0,0,1,1,0,1,1,3,0,2,0,0,0,1,0,0,0,0,2,173,0,2,0,-1.0,0,-1,-1,-1,-1,4,0,-1,0,-1,0,0,0,1
2,0,1,2,0,3,0,2,0,0,0,0,0,0,0,0,0,1,202,1,0,0,0,0,0,0,0,0,0,0,0,0,0,0,0,0,4,16,0,0,1,0,0,2,0,0,0,0,0,0,0,0,0,0,0,0,0,21,1,0,0,0,0,0,0,0,0,0,0,0,0,0,0,0,0,9,0,0,1,0,0,3,0,2,0,0,0,0,0,0,0,0,0,165,0,3,0,1.333516,0,10316,1352,108,1,2,3,21544,1,0,0,0,0,1
1,0,0,1,0,0,0,0,0,0,0,0,0,0,0,0,0,1,13,1,0,0,0,0,0,0,0,0,0,0,0,0,0,0,0,0,4,12,0,0,0,0,0,1,0,0,0,0,0,0,0,0,0,0,0,0,0,1,0,0,0,0,0,0,0,0,0,0,0,0,0,0,0,0,0,0,-1,-1,-1,-1,-1,-1,-1,-1,-1,-1,-1,-1,-1,-1,-1,-1,-1,-1,-1,-1,0,0.793533,-1,16509,8159,239,1,4,5,291,1,1,0,0,0,0
2,0,0,4,0,1,0,0,0,0,0,0,0,0,0,0,0,1,62,1,0,0,0,0,0,0,0,0,0,0,0,0,0,0,0,0,9,25,0,0,1,0,0,4,0,0,0,0,0,0,0,0,0,0,0,0,0,30,1,0,0,0,0,0,0,0,0,0,0,0,0,0,0,0,0,9,0,0,0,0,0,1,0,0,0,0,0,0,0,0,0,0,0,7,0,1,0,0.942041,-1,46606,2443,113,1,2,1,14392,1,0,0,0,0,1
2,0,0,1,0,0,0,0,0,0,0,0,0,0,0,0,0,1,21,2,0,0,0,0,0,0,0,0,0,0,0,0,0,0,0,0,5,20,0,0,0,0,0,1,0,0,0,0,0,0,0,0,0,0,0,0,0,1,0,0,0,0,0,0,0,0,0,0,0,0,0,0,0,0,0,0,-1,-1,-1,-1,-1,-1,-1,-1,-1,-1,-1,-1,-1,-1,-1,-1,-1,-1,-1,-1,0,3.5295910000000004,0,3462,921,173,1,2,0,21597,1,0,0,0,0,0
3,0,0,0,0,0,0,0,0,0,0,0,0,0,0,0,0,1,17,3,0,0,0,0,0,0,0,0,0,0,0,0,0,0,0,0,4,17,0,0,-1,-1,-1,-1,-1,-1,-1,-1,-1,-1,-1,-1,-1,-1,-1,-1,-1,-1,-1,-1,-1,-1,-1,-1,-1,-1,-1,-1,-1,-1,-1,-1,-1,-1,-1,-1,-1,-1,-1,-1,-1,-1,-1,-1,-1,-1,-1,-1,-1,-1,-1,-1,-1,-1,-1,-1,0,1.474826,-1,46606,-1,-1,1,2,1,21583,0,1,0,1,0,0
2,0,0,0,0,0,0,0,0,0,0,0,0,0,0,0,0,1,15,2,0,0,0,0,0,0,0,0,0,0,0,0,0,0,0,0,3,15,0,0,-1,-1,-1,-1,-1,-1,-1,-1,-1,-1,-1,-1,-1,-1,-1,-1,-1,-1,-1,-1,-1,-1,-1,-1,-1,-1,-1,-1,-1,-1,-1,-1,-1,-1,-1,-1,-1,-1,-1,-1,-1,-1,-1,-1,-1,-1,-1,-1,-1,-1,-1,-1,-1,-1,-1,-1,0,0.10968,-1,61969,4592,422,1,2,1,281,0,0,0,0,0,0
3,1,0,2,0,0,0,0,0,0,0,0,0,0,0,0,0,1,43,2,1,0,0,0,0,0,0,0,0,0,0,0,0,0,0,0,7,27,0,0,1,0,0,2,0,0,0,0,0,0,0,0,0,0,0,0,0,16,1,0,0,0,0,0,0,0,0,0,0,0,0,0,0,0,0,9,-1,-1,-1,-1,-1,-1,-1,-1,-1,-1,-1,-1,-1,-1,-1,-1,-1,-1,-1,-1,0,0.225273,0,26347,3243,43,1,3,0,7026,0,0,0,0,0,1
1,0,0,5,0,0,0,0,0,0,0,0,0,0,0,0,0,1,39,1,0,0,0,0,0,0,0,0,0,0,0,0,0,0,0,0,7,16,0,0,0,0,0,5,0,0,0,0,0,0,0,0,0,0,0,0,0,23,0,0,0,0,0,0,0,0,0,0,0,0,0,0,0,0,0,0,-1,-1,-1,-1,-1,-1,-1,-1,-1,-1,-1,-1,-1,-1,-1,-1,-1,-1,-1,-1,0,0.164259,-1,39758,5141,1827,1,2,1,826,0,0,0,0,0,1
2,0,0,2,0,0,0,0,0,0,0,0,0,0,0,0,0,1,39,1,0,0,0,0,0,0,0,0,0,0,0,0,0,0,0,0,4,14,0,0,1,0,0,2,0,0,0,0,0,0,0,0,0,0,0,0,0,25,1,0,0,0,0,0,0,0,0,0,0,0,0,0,0,0,0,11,-1,-1,-1,-1,-1,-1,-1,-1,-1,-1,-1,-1,-1,-1,-1,-1,-1,-1,-1,-1,0,0.596795,-1,46606,4216,166,1,2,1,14369,1,0,0,0,0,1
3,1,1,3,0,3,0,2,0,0,0,0,0,0,0,0,0,2,252,1,1,0,0,0,0,0,0,0,0,0,0,0,0,0,0,0,9,28,0,0,2,0,0,3,0,0,0,0,0,0,0,0,0,0,0,0,0,59,1,0,0,0,0,0,0,0,0,0,0,0,0,0,0,0,0,9,0,0,1,0,0,3,0,2,0,0,0,0,0,0,0,0,0,165,0,3,0,0.268024,0,23352,10,354,1,3,0,14385,0,0,0,0,0,1
3,0,4,1,0,1,0,0,0,0,0,0,0,0,0,0,0,1,45,2,0,0,0,0,0,0,0,0,0,0,0,0,0,0,0,0,4,18,0,0,1,0,0,1,0,0,0,0,0,0,0,0,0,0,0,0,0,9,1,0,0,0,0,0,0,0,0,0,0,0,0,0,0,0,0,8,0,0,4,0,0,1,0,0,0,0,0,0,0,0,0,0,0,18,0,1,0,0.152652,-1,8972,-1,-1,1,4,1,593,0,0,0,0,0,1
2,0,0,1,0,2,0,1,0,0,0,0,0,0,0,0,0,1,50,2,0,0,0,0,0,0,0,0,0,0,0,0,0,0,0,0,5,15,0,0,0,0,0,1,0,0,0,0,0,0,0,0,0,0,0,0,0,6,0,0,0,0,0,0,0,0,0,0,0,0,0,0,0,0,0,5,0,0,0,0,0,2,0,1,0,0,0,0,0,0,0,0,0,29,0,2,0,0.166952,0,15169,4980,132,1,4,5,221,1,0,0,0,0,0
3,0,0,1,0,0,0,0,0,0,0,0,0,0,0,0,0,1,29,3,0,0,0,0,0,0,0,0,0,0,0,0,0,0,0,0,5,28,0,0,0,0,0,1,0,0,0,0,0,0,0,0,0,0,0,0,0,1,0,0,0,0,0,0,0,0,0,0,0,0,0,0,0,0,0,0,-1,-1,-1,-1,-1,-1,-1,-1,-1,-1,-1,-1,-1,-1,-1,-1,-1,-1,-1,-1,0,-1.0,0,-1,-1,-1,-1,4,0,-1,0,-1,0,0,0,1
5,0,0,3,0,0,0,0,0,0,0,0,0,0,0,0,0,2,48,2,0,0,0,0,0,0,0,0,0,0,0,0,0,0,0,0,4,16,0,0,3,0,0,3,0,0,0,0,0,0,0,0,0,0,0,0,0,32,1,0,0,0,0,0,0,0,0,0,0,0,0,0,0,0,0,9,-1,-1,-1,-1,-1,-1,-1,-1,-1,-1,-1,-1,-1,-1,-1,-1,-1,-1,-1,-1,0,0.767357,-1,16276,2379,177,1,2,1,3590,0,0,0,0,0,1
2,0,0,0,0,0,0,0,0,0,0,0,0,0,0,0,0,1,18,2,0,0,0,0,0,0,0,0,0,0,0,0,0,0,0,0,5,18,0,0,-1,-1,-1,-1,-1,-1,-1,-1,-1,-1,-1,-1,-1,-1,-1,-1,-1,-1,-1,-1,-1,-1,-1,-1,-1,-1,-1,-1,-1,-1,-1,-1,-1,-1,-1,-1,-1,-1,-1,-1,-1,-1,-1,-1,-1,-1,-1,-1,-1,-1,-1,-1,-1,-1,-1,-1,0,-1.0,0,-1,-1,-1,-1,4,0,-1,0,-1,0,0,0,0
3,0,0,0,0,0,0,0,0,0,0,0,0,0,0,0,0,1,18,3,0,0,0,0,0,0,0,0,0,0,0,0,0,0,0,0,5,18,0,0,-1,-1,-1,-1,-1,-1,-1,-1,-1,-1,-1,-1,-1,-1,-1,-1,-1,-1,-1,-1,-1,-1,-1,-1,-1,-1,-1,-1,-1,-1,-1,-1,-1,-1,-1,-1,-1,-1,-1,-1,-1,-1,-1,-1,-1,-1,-1,-1,-1,-1,-1,-1,-1,-1,-1,-1,0,1.299995,-1,10481,-1,-1,1,4,1,119,0,2,0,0,0,0
1,0,0,3,0,0,0,0,0,0,0,0,0,0,0,0,0,1,52,1,0,0,0,0,0,0,0,0,0,0,0,0,0,0,0,0,3,12,0,0,0,0,0,3,0,0,0,0,0,0,0,0,0,0,0,0,0,40,0,0,0,0,0,0,0,0,0,0,0,0,0,0,0,0,0,0,-1,-1,-1,-1,-1,-1,-1,-1,-1,-1,-1,-1,-1,-1,-1,-1,-1,-1,-1,-1,0,9.567015,0,26347,5611,232,1,3,7,14397,0,0,0,0,0,1
2,0,0,0,0,0,0,0,0,0,0,0,0,0,0,0,0,1,13,2,0,0,0,0,0,0,0,0,0,0,0,0,0,0,0,0,3,13,0,0,-1,-1,-1,-1,-1,-1,-1,-1,-1,-1,-1,-1,-1,-1,-1,-1,-1,-1,-1,-1,-1,-1,-1,-1,-1,-1,-1,-1,-1,-1,-1,-1,-1,-1,-1,-1,-1,-1,-1,-1,-1,-1,-1,-1,-1,-1,-1,-1,-1,-1,-1,-1,-1,-1,-1,-1,0,0.435176,0,13335,-1,-1,5,2,0,294,1,1,0,0,0,1
4,0,0,2,0,0,0,0,0,0,0,0,0,0,0,0,0,1,37,4,0,0,0,0,0,0,0,0,0,0,0,0,0,0,0,0,9,31,0,0,0,0,0,2,0,0,0,0,0,0,0,0,0,0,0,0,0,6,0,0,0,0,0,0,0,0,0,0,0,0,0,0,0,0,0,0,-1,-1,-1,-1,-1,-1,-1,-1,-1,-1,-1,-1,-1,-1,-1,-1,-1,-1,-1,-1,0,1.757485,1,27715,7593,-1,1,3,3,3585,0,0,0,0,0,0
2,0,0,0,0,0,0,0,0,0,0,0,0,0,0,0,0,1,21,2,0,0,0,0,0,0,0,0,0,0,0,0,0,0,0,0,7,21,0,0,-1,-1,-1,-1,-1,-1,-1,-1,-1,-1,-1,-1,-1,-1,-1,-1,-1,-1,-1,-1,-1,-1,-1,-1,-1,-1,-1,-1,-1,-1,-1,-1,-1,-1,-1,-1,-1,-1,-1,-1,-1,-1,-1,-1,-1,-1,-1,-1,-1,-1,-1,-1,-1,-1,-1,-1,0,1.867922,-1,40034,-1,-1,1,2,0,291,0,0,0,0,0,0
2,0,0,0,0,0,0,0,0,0,0,0,0,0,0,0,0,1,20,2,0,0,0,0,0,0,0,0,0,0,0,0,0,0,0,0,6,20,0,0,-1,-1,-1,-1,-1,-1,-1,-1,-1,-1,-1,-1,-1,-1,-1,-1,-1,-1,-1,-1,-1,-1,-1,-1,-1,-1,-1,-1,-1,-1,-1,-1,-1,-1,-1,-1,-1,-1,-1,-1,-1,-1,-1,-1,-1,-1,-1,-1,-1,-1,-1,-1,-1,-1,-1,-1,0,-1.0,0,-1,-1,-1,-1,4,0,-1,0,-1,0,0,0,0
2,0,0,0,0,0,0,0,0,0,0,0,0,0,0,0,0,1,19,2,0,0,0,0,0,0,0,0,0,0,0,0,0,0,0,0,4,19,0,0,-1,-1,-1,-1,-1,-1,-1,-1,-1,-1,-1,-1,-1,-1,-1,-1,-1,-1,-1,-1,-1,-1,-1,-1,-1,-1,-1,-1,-1,-1,-1,-1,-1,-1,-1,-1,-1,-1,-1,-1,-1,-1,-1,-1,-1,-1,-1,-1,-1,-1,-1,-1,-1,-1,-1,-1,0,0.304024,0,16276,7631,2229,1,4,7,14398,1,0,0,0,0,0
2,2,0,4,0,0,0,0,0,0,0,0,0,0,0,0,0,1,55,2,0,0,0,0,0,0,0,0,0,0,0,0,0,0,0,0,7,14,0,0,0,2,0,4,0,0,0,0,0,0,0,0,0,0,0,0,0,41,0,1,0,0,0,0,0,0,0,0,0,0,0,0,0,0,0,11,-1,-1,-1,-1,-1,-1,-1,-1,-1,-1,-1,-1,-1,-1,-1,-1,-1,-1,-1,-1,0,0.787172,0,13335,-1,-1,2,6,2,294,1,0,0,0,0,1
3,1,0,3,0,0,0,0,0,0,0,0,0,0,0,0,0,1,52,2,0,0,0,0,0,0,0,0,0,0,0,0,0,0,0,0,7,20,0,0,1,1,0,3,0,0,0,0,0,0,0,0,0,0,0,0,0,32,1,0,0,0,0,0,0,0,0,0,0,0,0,0,0,0,0,6,-1,-1,-1,-1,-1,-1,-1,-1,-1,-1,-1,-1,-1,-1,-1,-1,-1,-1,-1,-1,0,0.506235,-1,22611,1052,43,1,2,1,560,0,0,0,0,0,1
1,1,0,0,0,0,0,0,0,0,0,0,0,0,0,0,0,1,12,1,1,0,0,0,0,0,0,0,0,0,0,0,0,0,0,0,2,12,0,0,-1,-1,-1,-1,-1,-1,-1,-1,-1,-1,-1,-1,-1,-1,-1,-1,-1,-1,-1,-1,-1,-1,-1,-1,-1,-1,-1,-1,-1,-1,-1,-1,-1,-1,-1,-1,-1,-1,-1,-1,-1,-1,-1,-1,-1,-1,-1,-1,-1,-1,-1,-1,-1,-1,-1,-1,0,0.808348,-1,9370,1384,76,1,2,1,3590,0,1,0,0,0,0
3,0,0,6,0,1,1,1,0,0,0,0,0,0,0,1,2,1,103,2,0,0,0,0,0,0,0,0,0,0,0,0,0,0,0,0,3,15,0,0,1,0,0,6,0,0,0,0,0,0,0,0,0,0,0,0,0,40,1,0,0,0,0,0,0,0,0,0,0,0,0,0,0,0,0,14,0,0,0,0,0,1,1,1,0,0,0,0,0,0,0,1,2,48,0,1,0,1.497668,0,26496,-1,-1,-1,2,2,-1,0,1,0,0,0,1
1,0,0,1,0,0,0,0,0,0,0,0,0,0,0,0,0,1,14,1,0,0,0,0,0,0,0,0,0,0,0,0,0,0,0,0,4,13,0,0,0,0,0,1,0,0,0,0,0,0,0,0,0,0,0,0,0,1,0,0,0,0,0,0,0,0,0,0,0,0,0,0,0,0,0,0,-1,-1,-1,-1,-1,-1,-1,-1,-1,-1,-1,-1,-1,-1,-1,-1,-1,-1,-1,-1,0,3.959248,0,10732,2580,25,2,4,0,3587,0,-1,0,0,0,1
3,1,0,4,0,0,0,0,0,0,0,0,0,0,0,0,0,1,59,2,1,0,0,0,0,0,0,0,0,0,0,0,0,0,0,0,7,25,0,0,1,0,0,4,0,0,0,0,0,0,0,0,0,0,0,0,0,34,1,0,0,0,0,0,0,0,0,0,0,0,0,0,0,0,0,11,-1,-1,-1,-1,-1,-1,-1,-1,-1,-1,-1,-1,-1,-1,-1,-1,-1,-1,-1,-1,0,0.048423,0,198171,2193,-1,1,3,0,3326,0,0,0,0,0,1
1,2,0,2,0,0,0,0,0,0,0,0,0,0,0,0,0,1,33,1,0,0,0,0,0,0,0,0,0,0,0,0,0,0,0,0,6,17,0,0,0,2,0,2,0,0,0,0,0,0,0,0,0,0,0,0,0,16,0,0,0,0,0,0,0,0,0,0,0,0,0,0,0,0,0,0,-1,-1,-1,-1,-1,-1,-1,-1,-1,-1,-1,-1,-1,-1,-1,-1,-1,-1,-1,-1,0,1.802574,-1,22612,941,154,1,2,3,1189,0,0,0,0,0,1
2,0,0,0,0,0,0,0,0,0,0,0,0,0,0,0,0,1,16,2,0,0,0,0,0,0,0,0,0,0,0,0,0,0,0,0,3,16,0,0,-1,-1,-1,-1,-1,-1,-1,-1,-1,-1,-1,-1,-1,-1,-1,-1,-1,-1,-1,-1,-1,-1,-1,-1,-1,-1,-1,-1,-1,-1,-1,-1,-1,-1,-1,-1,-1,-1,-1,-1,-1,-1,-1,-1,-1,-1,-1,-1,-1,-1,-1,-1,-1,-1,-1,-1,0,-1.0,0,-1,-1,-1,-1,4,0,-1,0,-1,0,0,0,0
2,0,0,0,0,0,0,0,0,0,0,0,0,0,0,0,0,1,12,2,0,0,0,0,0,0,0,0,0,0,0,0,0,0,0,0,2,12,0,0,-1,-1,-1,-1,-1,-1,-1,-1,-1,-1,-1,-1,-1,-1,-1,-1,-1,-1,-1,-1,-1,-1,-1,-1,-1,-1,-1,-1,-1,-1,-1,-1,-1,-1,-1,-1,-1,-1,-1,-1,-1,-1,-1,-1,-1,-1,-1,-1,-1,-1,-1,-1,-1,-1,-1,-1,0,0.346775,0,16509,7215,89,5,4,4,1029,0,0,0,0,0,0
2,0,0,1,0,0,0,0,0,0,0,0,0,0,0,0,0,1,26,1,0,0,0,0,0,0,0,0,0,0,0,0,0,0,0,0,4,14,0,0,1,0,0,1,0,0,0,0,0,0,0,0,0,0,0,0,0,12,1,0,0,0,0,0,0,0,0,0,0,0,0,0,0,0,0,11,-1,-1,-1,-1,-1,-1,-1,-1,-1,-1,-1,-1,-1,-1,-1,-1,-1,-1,-1,-1,0,0.917014,-1,45839,3001,285,1,2,1,3591,0,0,0,0,0,1
2,0,0,1,0,0,0,0,0,0,0,0,0,0,0,0,0,1,24,2,0,0,0,0,0,0,0,0,0,0,0,0,0,0,0,0,5,14,0,0,0,0,0,1,0,0,0,0,0,0,0,0,0,0,0,0,0,10,0,0,0,0,0,0,0,0,0,0,0,0,0,0,0,0,0,9,-1,-1,-1,-1,-1,-1,-1,-1,-1,-1,-1,-1,-1,-1,-1,-1,-1,-1,-1,-1,0,1.748101,-1,53243,1374,86,1,2,1,14378,1,2,0,0,0,1
2,0,1,3,0,3,0,2,0,0,0,0,0,0,0,0,0,1,238,1,0,0,0,0,0,0,0,0,0,0,0,0,0,0,0,0,11,28,0,0,1,0,0,3,0,0,0,0,0,0,0,0,0,0,0,0,0,45,1,0,0,0,0,0,0,0,0,0,0,0,0,0,0,0,0,9,0,0,1,0,0,3,0,2,0,0,0,0,0,0,0,0,0,165,0,3,0,0.8667860000000001,0,20013,967,493,1,2,2,596,1,0,0,0,0,1
5,1,0,6,0,1,1,0,0,0,0,0,0,0,0,0,0,2,89,2,0,0,0,0,0,0,0,0,0,0,0,0,0,0,0,0,4,14,0,0,1,1,0,6,0,0,0,0,0,0,0,0,0,0,0,0,0,52,1,0,0,0,0,0,0,0,0,0,0,0,0,0,0,0,0,9,2,0,0,0,0,1,1,0,0,0,0,0,0,0,0,0,0,23,1,1,1,0.574546,-1,198610,4251,131,1,6,1,597,1,0,0,0,0,1
1,0,0,1,0,0,0,0,0,0,0,0,0,0,0,0,0,1,10,1,0,0,0,0,0,0,0,0,0,0,0,0,0,0,0,0,1,9,0,0,0,0,0,1,0,0,0,0,0,0,0,0,0,0,0,0,0,1,0,0,0,0,0,0,0,0,0,0,0,0,0,0,0,0,0,0,-1,-1,-1,-1,-1,-1,-1,-1,-1,-1,-1,-1,-1,-1,-1,-1,-1,-1,-1,-1,0,0.628794,-1,20590,1368,92,2,2,1,3590,0,0,0,0,0,0
1,0,0,0,0,0,0,0,0,0,0,0,0,0,0,0,0,1,15,1,0,0,0,0,0,0,0,0,0,0,0,0,0,0,0,0,6,15,0,0,-1,-1,-1,-1,-1,-1,-1,-1,-1,-1,-1,-1,-1,-1,-1,-1,-1,-1,-1,-1,-1,-1,-1,-1,-1,-1,-1,-1,-1,-1,-1,-1,-1,-1,-1,-1,-1,-1,-1,-1,-1,-1,-1,-1,-1,-1,-1,-1,-1,-1,-1,-1,-1,-1,-1,-1,0,2.239014,1,7506,387,342,1,2,1,589,0,0,0,0,0,0
3,0,0,4,0,0,0,0,0,0,0,0,0,0,0,0,0,1,45,2,0,0,0,0,0,0,0,0,0,0,0,0,0,0,0,0,2,11,0,0,1,0,0,4,0,0,0,0,0,0,0,0,0,0,0,0,0,34,1,0,0,0,0,0,0,0,0,0,0,0,0,0,0,0,0,9,-1,-1,-1,-1,-1,-1,-1,-1,-1,-1,-1,-1,-1,-1,-1,-1,-1,-1,-1,-1,0,1.274874,-1,131414,-1,-1,1,3,5,3588,0,0,0,0,0,1
1,0,0,6,0,0,0,0,0,0,0,0,0,0,0,0,0,1,32,1,0,0,0,0,0,0,0,0,0,0,0,0,0,0,0,0,4,9,0,0,0,0,0,6,0,0,0,0,0,0,0,0,0,0,0,0,0,23,0,0,0,0,0,0,0,0,0,0,0,0,0,0,0,0,0,0,-1,-1,-1,-1,-1,-1,-1,-1,-1,-1,-1,-1,-1,-1,-1,-1,-1,-1,-1,-1,0,1.216155,1,20013,3372,1375,1,1,1,14388,1,0,0,0,0,1
14,6,0,2,0,0,0,0,0,0,0,0,0,0,0,0,0,2,183,14,6,0,0,0,0,0,0,0,0,0,0,0,0,0,0,0,35,179,0,0,0,0,0,2,0,0,0,0,0,0,0,0,0,0,0,0,0,4,0,0,0,0,0,0,0,0,0,0,0,0,0,0,0,0,0,0,-1,-1,-1,-1,-1,-1,-1,-1,-1,-1,-1,-1,-1,-1,-1,-1,-1,-1,-1,-1,0,0.031264,0,24940,-1,-1,1,2,0,3591,0,0,0,0,0,1
3,0,0,3,0,0,0,0,0,0,0,0,0,0,0,0,0,1,192,2,0,0,0,0,0,0,0,0,0,0,0,0,0,0,0,0,10,26,0,0,1,0,0,3,0,0,0,0,0,0,0,0,0,0,0,0,0,35,1,0,0,0,0,0,0,0,0,0,0,0,0,0,0,0,0,23,0,0,0,0,0,0,0,0,0,0,0,0,0,0,0,0,0,131,0,0,0,2.383368,0,52270,1121,26,1,2,1,5707,1,0,0,0,0,1
2,0,0,0,0,0,0,0,0,0,0,0,0,0,0,0,0,1,17,2,0,0,0,0,0,0,0,0,0,0,0,0,0,0,0,0,5,17,0,0,-1,-1,-1,-1,-1,-1,-1,-1,-1,-1,-1,-1,-1,-1,-1,-1,-1,-1,-1,-1,-1,-1,-1,-1,-1,-1,-1,-1,-1,-1,-1,-1,-1,-1,-1,-1,-1,-1,-1,-1,-1,-1,-1,-1,-1,-1,-1,-1,-1,-1,-1,-1,-1,-1,-1,-1,0,1.003516,-1,46606,5020,92,1,2,1,14391,1,0,0,0,0,0
2,0,0,0,0,0,0,0,0,0,0,0,0,0,0,0,0,1,11,2,0,0,0,0,0,0,0,0,0,0,0,0,0,0,0,0,4,11,0,0,-1,-1,-1,-1,-1,-1,-1,-1,-1,-1,-1,-1,-1,-1,-1,-1,-1,-1,-1,-1,-1,-1,-1,-1,-1,-1,-1,-1,-1,-1,-1,-1,-1,-1,-1,-1,-1,-1,-1,-1,-1,-1,-1,-1,-1,-1,-1,-1,-1,-1,-1,-1,-1,-1,-1,-1,0,0.535913,-1,58116,-1,-1,2,2,1,18720,1,1,0,0,0,0
3,0,1,3,0,0,0,0,0,0,0,0,0,0,0,0,0,1,52,2,0,0,0,0,0,0,0,0,0,0,0,0,0,0,0,0,9,25,0,0,1,0,1,3,0,0,0,0,0,0,0,0,0,0,0,0,0,27,1,0,0,0,0,0,0,0,0,0,0,0,0,0,0,0,0,11,-1,-1,-1,-1,-1,-1,-1,-1,-1,-1,-1,-1,-1,-1,-1,-1,-1,-1,-1,-1,0,0.706741,1,46606,3711,305,1,2,1,8914,1,0,0,0,0,1
2,1,0,0,0,0,0,0,0,0,0,0,0,0,0,0,0,1,22,2,1,0,0,0,0,0,0,0,0,0,0,0,0,0,0,0,6,22,0,0,-1,-1,-1,-1,-1,-1,-1,-1,-1,-1,-1,-1,-1,-1,-1,-1,-1,-1,-1,-1,-1,-1,-1,-1,-1,-1,-1,-1,-1,-1,-1,-1,-1,-1,-1,-1,-1,-1,-1,-1,-1,-1,-1,-1,-1,-1,-1,-1,-1,-1,-1,-1,-1,-1,-1,-1,0,0.32564,0,15169,-1,-1,1,4,0,76,1,0,0,0,0,0
3,0,0,0,0,0,0,0,0,0,0,0,0,0,0,0,0,1,23,3,0,0,0,0,0,0,0,0,0,0,0,0,0,0,0,0,4,23,0,0,-1,-1,-1,-1,-1,-1,-1,-1,-1,-1,-1,-1,-1,-1,-1,-1,-1,-1,-1,-1,-1,-1,-1,-1,-1,-1,-1,-1,-1,-1,-1,-1,-1,-1,-1,-1,-1,-1,-1,-1,-1,-1,-1,-1,-1,-1,-1,-1,-1,-1,-1,-1,-1,-1,-1,-1,0,2.961256,0,9848,-1,-1,1,2,5,3597,0,1,0,0,0,0
2,0,0,1,0,0,0,0,0,0,0,0,0,0,0,0,0,1,32,2,0,0,0,0,0,0,0,0,0,0,0,0,0,0,0,0,8,31,0,0,0,0,0,1,0,0,0,0,0,0,0,0,0,0,0,0,0,1,0,0,0,0,0,0,0,0,0,0,0,0,0,0,0,0,0,0,-1,-1,-1,-1,-1,-1,-1,-1,-1,-1,-1,-1,-1,-1,-1,-1,-1,-1,-1,-1,0,0.8481719999999999,0,47583,-1,-1,1,1,1,49,1,0,0,0,0,1
1,0,0,2,0,0,0,0,0,0,0,0,0,0,0,0,0,1,13,1,0,0,0,0,0,0,0,0,0,0,0,0,0,0,0,0,2,8,0,0,0,0,0,2,0,0,0,0,0,0,0,0,0,0,0,0,0,5,0,0,0,0,0,0,0,0,0,0,0,0,0,0,0,0,0,0,-1,-1,-1,-1,-1,-1,-1,-1,-1,-1,-1,-1,-1,-1,-1,-1,-1,-1,-1,-1,0,1.7334189999999998,0,52270,2226,323,1,4,1,14384,1,0,0,0,0,1
2,9,0,7,0,0,0,0,0,0,0,0,0,0,0,0,0,1,113,2,0,0,0,0,0,0,0,0,0,0,0,0,0,0,0,0,3,15,0,0,0,9,0,7,0,0,0,0,0,0,0,0,0,0,0,0,0,98,0,0,0,0,0,0,0,0,0,0,0,0,0,0,0,0,0,0,-1,-1,-1,-1,-1,-1,-1,-1,-1,-1,-1,-1,-1,-1,-1,-1,-1,-1,-1,-1,0,0.54359,0,8075,9448,46,1,4,5,199,1,1,0,0,0,0
1,0,0,1,0,0,0,0,0,0,0,0,0,0,0,0,0,1,20,1,0,0,0,0,0,0,0,0,0,0,0,0,0,0,0,0,3,11,0,0,0,0,0,1,0,0,0,0,0,0,0,0,0,0,0,0,0,9,0,0,0,0,0,0,0,0,0,0,0,0,0,0,0,0,0,8,-1,-1,-1,-1,-1,-1,-1,-1,-1,-1,-1,-1,-1,-1,-1,-1,-1,-1,-1,-1,0,0.369978,1,13335,6059,2706,2,4,5,250,1,0,0,0,1,1
2,0,0,0,0,0,0,0,0,0,0,0,0,0,0,0,0,1,18,2,0,0,0,0,0,0,0,0,0,0,0,0,0,0,0,0,7,18,0,0,-1,-1,-1,-1,-1,-1,-1,-1,-1,-1,-1,-1,-1,-1,-1,-1,-1,-1,-1,-1,-1,-1,-1,-1,-1,-1,-1,-1,-1,-1,-1,-1,-1,-1,-1,-1,-1,-1,-1,-1,-1,-1,-1,-1,-1,-1,-1,-1,-1,-1,-1,-1,-1,-1,-1,-1,0,-1.0,0,32329,-1,-1,1,2,1,283,0,-1,0,0,0,0
2,0,0,3,0,3,0,2,0,0,0,0,0,0,0,0,0,1,117,1,0,0,0,0,0,0,0,0,0,0,0,0,0,0,0,0,5,19,0,0,1,0,0,3,0,0,0,0,0,0,0,0,0,0,0,0,0,23,1,0,0,0,0,0,0,0,0,0,0,0,0,0,0,0,0,7,0,0,0,0,0,3,0,2,0,0,0,0,0,0,0,0,0,75,0,3,0,0.25979,0,22612,238,126,1,2,1,615,0,1,0,0,0,1
2,0,0,1,0,0,0,0,0,0,0,0,0,0,0,0,0,1,25,2,0,0,0,0,0,0,0,0,0,0,0,0,0,0,0,0,5,17,0,0,0,0,0,1,0,0,0,0,0,0,0,0,0,0,0,0,0,8,0,0,0,0,0,0,0,0,0,0,0,0,0,0,0,0,0,7,-1,-1,-1,-1,-1,-1,-1,-1,-1,-1,-1,-1,-1,-1,-1,-1,-1,-1,-1,-1,0,0.4467600000000001,0,13335,5286,191,2,2,7,285,1,4,0,0,0,0
1,3,1,7,0,0,0,0,0,0,0,0,0,0,0,0,0,1,84,1,1,0,0,0,0,0,0,0,0,0,0,0,0,0,0,0,4,15,0,0,0,2,1,7,0,0,0,0,0,0,0,0,0,0,0,0,0,69,0,0,0,0,0,0,0,0,0,0,0,0,0,0,0,0,0,0,-1,-1,-1,-1,-1,-1,-1,-1,-1,-1,-1,-1,-1,-1,-1,-1,-1,-1,-1,-1,0,2.08673,-1,3786,6051,1618,1,4,1,565,0,0,0,0,0,1
1,2,1,1,0,0,0,0,0,0,0,0,0,0,0,0,0,1,65,1,0,0,0,0,0,0,0,0,0,0,0,0,0,0,0,0,7,21,0,0,0,2,1,1,0,0,0,0,0,0,0,0,0,0,0,0,0,44,0,2,1,0,0,0,0,0,0,0,0,0,0,0,0,0,0,43,-1,-1,-1,-1,-1,-1,-1,-1,-1,-1,-1,-1,-1,-1,-1,-1,-1,-1,-1,-1,0,0.252794,0,13335,147,217,2,2,1,292,1,0,0,0,0,1
2,1,0,1,0,0,0,0,0,0,0,0,0,0,0,0,0,2,187,2,1,0,0,0,0,0,0,0,0,0,0,0,0,0,0,0,10,28,0,0,0,0,0,1,0,0,0,0,0,0,0,0,0,0,0,0,0,159,0,0,0,0,0,0,0,0,0,0,0,0,0,0,0,0,0,158,-1,-1,-1,-1,-1,-1,-1,-1,-1,-1,-1,-1,-1,-1,-1,-1,-1,-1,-1,-1,0,0.120396,0,14618,-1,-1,2,4,1,52,1,0,0,0,0,1
1,1,0,4,0,0,0,0,0,0,0,0,0,0,0,0,0,1,42,1,0,0,0,0,0,0,0,0,0,0,0,0,0,0,0,0,5,17,0,0,0,1,0,4,0,0,0,0,0,0,0,0,0,0,0,0,0,25,0,0,0,0,0,0,0,0,0,0,0,0,0,0,0,0,0,4,-1,-1,-1,-1,-1,-1,-1,-1,-1,-1,-1,-1,-1,-1,-1,-1,-1,-1,-1,-1,0,1.632664,1,46606,2788,133,1,2,1,14394,1,1,0,0,0,1
2,0,0,4,0,0,0,0,0,0,0,0,0,0,0,0,0,1,49,1,0,0,0,0,0,0,0,0,0,0,0,0,0,0,0,0,7,17,0,0,1,0,0,4,0,0,0,0,0,0,0,0,0,0,0,0,0,32,1,0,0,0,0,0,0,0,0,0,0,0,0,0,0,0,0,9,-1,-1,-1,-1,-1,-1,-1,-1,-1,-1,-1,-1,-1,-1,-1,-1,-1,-1,-1,-1,0,0.917918,-1,32475,353,11,1,2,1,14395,1,0,0,0,0,1
2,0,0,3,0,0,0,0,0,0,0,0,0,0,0,0,0,1,49,2,0,0,0,0,0,0,0,0,0,0,0,0,0,0,0,0,6,16,0,0,0,0,0,3,0,0,0,0,0,0,0,0,0,0,0,0,0,33,0,0,0,0,0,0,0,0,0,0,0,0,0,0,0,0,0,0,-1,-1,-1,-1,-1,-1,-1,-1,-1,-1,-1,-1,-1,-1,-1,-1,-1,-1,-1,-1,0,0.175783,0,15169,-1,-1,1,4,5,241,1,0,0,0,0,1
2,0,0,1,0,0,0,0,0,0,1,0,0,0,0,0,0,1,31,2,0,0,0,0,0,0,0,0,0,0,0,0,0,0,0,0,5,18,0,0,0,0,0,1,0,0,0,0,0,0,1,0,0,0,0,0,0,13,0,0,0,0,0,0,0,0,0,0,1,0,0,0,0,0,0,12,-1,-1,-1,-1,-1,-1,-1,-1,-1,-1,-1,-1,-1,-1,-1,-1,-1,-1,-1,-1,0,0.335143,0,6354,-1,-1,1,5,3,257,0,1,0,0,0,0
4,0,1,2,0,0,0,0,0,0,0,0,0,0,0,0,0,1,40,4,0,0,0,0,0,0,0,0,0,0,0,0,0,0,0,0,7,29,0,0,0,0,1,2,0,0,0,0,0,0,0,0,0,0,0,0,0,11,0,0,0,0,0,0,0,0,0,0,0,0,0,0,0,0,0,0,-1,-1,-1,-1,-1,-1,-1,-1,-1,-1,-1,-1,-1,-1,-1,-1,-1,-1,-1,-1,0,0.6954140000000001,-1,46606,8469,-1,1,2,6,14364,0,0,0,0,0,0
2,0,0,4,0,0,0,0,0,0,0,0,0,0,0,0,0,1,41,2,0,0,0,0,0,0,0,0,0,0,0,0,0,0,0,0,4,18,0,0,0,0,0,4,0,0,0,0,0,0,0,0,0,0,0,0,0,23,0,0,0,0,0,0,0,0,0,0,0,0,0,0,0,0,0,0,-1,-1,-1,-1,-1,-1,-1,-1,-1,-1,-1,-1,-1,-1,-1,-1,-1,-1,-1,-1,0,0.333846,1,46606,2409,512,1,2,1,12922,1,1,0,0,0,1
2,0,0,1,0,0,0,0,0,0,0,0,0,0,0,0,0,1,24,2,0,0,0,0,0,0,0,0,0,0,0,0,0,0,0,0,8,23,0,0,0,0,0,1,0,0,0,0,0,0,0,0,0,0,0,0,0,1,0,0,0,0,0,0,0,0,0,0,0,0,0,0,0,0,0,0,-1,-1,-1,-1,-1,-1,-1,-1,-1,-1,-1,-1,-1,-1,-1,-1,-1,-1,-1,-1,0,2.384031,0,29854,4192,190,1,2,1,289,1,1,0,0,0,0
2,4,11,2,0,0,0,0,0,0,0,0,0,0,0,0,0,1,476,2,0,0,0,0,0,0,0,0,0,0,0,0,0,0,0,0,6,17,0,0,0,4,11,2,0,0,0,0,0,0,0,0,0,0,0,0,0,459,0,4,11,0,0,0,0,0,0,0,0,0,0,0,0,0,0,456,-1,-1,-1,-1,-1,-1,-1,-1,-1,-1,-1,-1,-1,-1,-1,-1,-1,-1,-1,-1,0,0.278322,1,14618,-1,-1,2,4,2,52,0,2,0,0,0,1
1,0,0,1,0,0,0,0,0,0,0,0,0,0,0,0,0,1,11,1,0,0,0,0,0,0,0,0,0,0,0,0,0,0,0,0,2,4,0,0,0,0,0,1,0,0,0,0,0,0,0,0,0,0,0,0,0,7,0,0,0,0,0,0,0,0,0,0,0,0,0,0,0,0,0,6,-1,-1,-1,-1,-1,-1,-1,-1,-1,-1,-1,-1,-1,-1,-1,-1,-1,-1,-1,-1,0,0.172287,0,29226,-1,-1,1,3,3,8848,0,2,0,0,1,1
2,0,0,0,0,0,0,0,0,0,0,0,0,0,0,0,0,1,19,2,0,0,0,0,0,0,0,0,0,0,0,0,0,0,0,0,4,19,0,0,-1,-1,-1,-1,-1,-1,-1,-1,-1,-1,-1,-1,-1,-1,-1,-1,-1,-1,-1,-1,-1,-1,-1,-1,-1,-1,-1,-1,-1,-1,-1,-1,-1,-1,-1,-1,-1,-1,-1,-1,-1,-1,-1,-1,-1,-1,-1,-1,-1,-1,-1,-1,-1,-1,-1,-1,0,0.212626,-1,16276,548,181,1,2,3,3596,1,1,0,0,0,0
3,0,0,2,0,1,0,0,0,0,0,0,0,0,0,0,0,1,58,1,0,0,0,0,0,0,0,0,0,0,0,0,0,0,0,0,3,11,0,0,1,0,0,2,0,0,0,0,0,0,0,0,0,0,0,0,0,14,1,0,0,0,0,0,0,0,0,0,0,0,0,0,0,0,0,9,1,0,0,0,0,1,0,0,0,0,0,0,0,0,0,0,0,33,0,1,0,0.8452559999999999,0,20013,6667,637,1,2,1,14391,0,0,0,0,0,1
2,0,0,0,0,0,0,0,0,0,0,0,0,0,0,0,0,1,13,2,0,0,0,0,0,0,0,0,0,0,0,0,0,0,0,0,3,13,0,0,-1,-1,-1,-1,-1,-1,-1,-1,-1,-1,-1,-1,-1,-1,-1,-1,-1,-1,-1,-1,-1,-1,-1,-1,-1,-1,-1,-1,-1,-1,-1,-1,-1,-1,-1,-1,-1,-1,-1,-1,-1,-1,-1,-1,-1,-1,-1,-1,-1,-1,-1,-1,-1,-1,-1,-1,0,4.255478,0,41535,6267,307,1,4,1,435,0,-1,0,0,0,0
2,1,0,6,0,0,0,0,0,0,0,0,0,0,0,0,0,1,82,2,0,0,0,0,0,0,0,0,0,0,0,0,0,0,0,0,6,22,0,0,0,1,0,6,0,0,0,0,0,0,0,0,0,0,0,0,0,60,0,0,0,0,0,0,0,0,0,0,0,0,0,0,0,0,0,0,-1,-1,-1,-1,-1,-1,-1,-1,-1,-1,-1,-1,-1,-1,-1,-1,-1,-1,-1,-1,0,0.405871,0,54600,992,103,1,2,0,7133,0,0,0,0,0,1
2,0,0,2,0,0,0,0,0,0,0,0,0,0,0,0,0,1,20,2,0,0,0,0,0,0,0,0,0,0,0,0,0,0,0,0,2,13,0,0,0,0,0,2,0,0,0,0,0,0,0,0,0,0,0,0,0,7,0,0,0,0,0,0,0,0,0,0,0,0,0,0,0,0,0,0,-1,-1,-1,-1,-1,-1,-1,-1,-1,-1,-1,-1,-1,-1,-1,-1,-1,-1,-1,-1,0,0.07639,0,63949,4658,89,1,5,5,289,0,0,0,0,0,0
2,0,0,2,0,0,0,0,0,0,0,0,0,0,0,0,0,1,34,1,0,0,0,0,0,0,0,0,0,0,0,0,0,0,0,0,4,14,0,0,1,0,0,2,0,0,0,0,0,0,0,0,0,0,0,0,0,20,1,0,0,0,0,0,0,0,0,0,0,0,0,0,0,0,0,12,-1,-1,-1,-1,-1,-1,-1,-1,-1,-1,-1,-1,-1,-1,-1,-1,-1,-1,-1,-1,0,0.994908,0,32475,649,80,1,2,2,3599,1,0,0,0,0,1
2,0,0,0,0,0,0,0,0,0,0,0,0,0,0,0,0,1,29,2,0,0,0,0,0,0,0,0,0,0,0,0,0,0,0,0,9,29,0,0,-1,-1,-1,-1,-1,-1,-1,-1,-1,-1,-1,-1,-1,-1,-1,-1,-1,-1,-1,-1,-1,-1,-1,-1,-1,-1,-1,-1,-1,-1,-1,-1,-1,-1,-1,-1,-1,-1,-1,-1,-1,-1,-1,-1,-1,-1,-1,-1,-1,-1,-1,-1,-1,-1,-1,-1,0,0.84524,0,3320,2976,310,1,4,2,58,1,1,0,0,0,0
2,0,0,0,0,0,0,0,0,0,0,0,0,0,0,0,0,1,18,2,0,0,0,0,0,0,0,0,0,0,0,0,0,0,0,0,5,18,0,0,-1,-1,-1,-1,-1,-1,-1,-1,-1,-1,-1,-1,-1,-1,-1,-1,-1,-1,-1,-1,-1,-1,-1,-1,-1,-1,-1,-1,-1,-1,-1,-1,-1,-1,-1,-1,-1,-1,-1,-1,-1,-1,-1,-1,-1,-1,-1,-1,-1,-1,-1,-1,-1,-1,-1,-1,0,1.809413,1,26496,7023,647,1,2,5,3207,0,1,0,0,0,0
2,0,1,4,0,0,0,0,0,0,0,0,0,0,0,0,0,1,57,2,0,0,0,0,0,0,0,0,0,0,0,0,0,0,0,0,6,16,0,0,0,0,1,4,0,0,0,0,0,0,0,0,0,0,0,0,0,41,0,0,0,0,0,0,0,0,0,0,0,0,0,0,0,0,0,4,-1,-1,-1,-1,-1,-1,-1,-1,-1,-1,-1,-1,-1,-1,-1,-1,-1,-1,-1,-1,0,0.196618,-1,15169,-1,-1,1,4,5,291,1,0,0,0,0,1
1,0,0,5,0,0,0,0,0,0,0,0,0,0,0,0,0,1,51,1,0,0,0,0,0,0,0,0,0,0,0,0,0,0,0,0,4,18,0,0,0,0,0,5,0,0,0,0,0,0,0,0,0,0,0,0,0,33,0,0,0,0,0,0,0,0,0,0,0,0,0,0,0,0,0,0,-1,-1,-1,-1,-1,-1,-1,-1,-1,-1,-1,-1,-1,-1,-1,-1,-1,-1,-1,-1,0,0.709925,0,24446,3443,574,1,2,1,12913,0,0,0,0,0,1
2,2,0,1,0,0,0,0,0,0,0,0,0,0,0,0,0,1,36,1,1,0,0,0,0,0,0,0,0,0,0,0,0,0,0,0,3,14,0,0,1,1,0,1,0,0,0,0,0,0,0,0,0,0,0,0,0,22,1,1,0,0,0,0,0,0,0,0,0,0,0,0,0,0,0,21,-1,-1,-1,-1,-1,-1,-1,-1,-1,-1,-1,-1,-1,-1,-1,-1,-1,-1,-1,-1,0,0.841465,-1,19905,198,3451,1,2,0,296,0,0,0,0,0,1
2,0,0,1,0,0,0,0,0,0,0,0,0,0,0,0,0,1,27,2,0,0,0,0,0,0,0,0,0,0,0,0,0,0,0,0,8,26,0,0,0,0,0,1,0,0,0,0,0,0,0,0,0,0,0,0,0,1,0,0,0,0,0,0,0,0,0,0,0,0,0,0,0,0,0,0,-1,-1,-1,-1,-1,-1,-1,-1,-1,-1,-1,-1,-1,-1,-1,-1,-1,-1,-1,-1,0,0.253229,0,395082,-1,-1,1,4,0,6364,0,0,0,0,0,1
1,0,0,0,0,0,0,0,0,0,0,0,0,0,0,0,0,1,12,1,0,0,0,0,0,0,0,0,0,0,0,0,0,0,0,0,4,12,0,0,-1,-1,-1,-1,-1,-1,-1,-1,-1,-1,-1,-1,-1,-1,-1,-1,-1,-1,-1,-1,-1,-1,-1,-1,-1,-1,-1,-1,-1,-1,-1,-1,-1,-1,-1,-1,-1,-1,-1,-1,-1,-1,-1,-1,-1,-1,-1,-1,-1,-1,-1,-1,-1,-1,-1,-1,0,0.336439,0,35415,2586,335,1,2,1,10994,1,0,0,0,0,0
2,2,0,5,0,0,0,0,0,0,0,0,0,0,0,0,0,1,60,1,1,0,0,0,0,0,0,0,0,0,0,0,0,0,0,0,4,15,0,0,1,1,0,5,0,0,0,0,0,0,0,0,0,0,0,0,0,45,1,0,0,0,0,0,0,0,0,0,0,0,0,0,0,0,0,12,-1,-1,-1,-1,-1,-1,-1,-1,-1,-1,-1,-1,-1,-1,-1,-1,-1,-1,-1,-1,0,0.529208,0,26094,4323,59,1,2,1,291,1,0,0,0,0,1
3,1,0,2,0,1,1,0,0,0,0,0,0,0,0,0,0,2,63,1,0,0,0,0,0,0,0,0,0,0,0,0,0,0,0,0,8,22,0,0,1,1,0,2,0,0,0,0,0,0,0,0,0,0,0,0,0,19,1,0,0,0,0,0,0,0,0,0,0,0,0,0,0,0,0,9,1,0,0,0,0,1,1,0,0,0,0,0,0,0,0,0,0,22,1,1,1,0.7880159999999999,1,20013,1904,652,1,2,1,5279,0,0,0,0,0,1
1,0,0,3,0,0,0,0,0,0,0,0,0,0,0,0,0,1,22,1,0,0,0,0,0,0,0,0,0,0,0,0,0,0,0,0,5,14,0,0,0,0,0,3,0,0,0,0,0,0,0,0,0,0,0,0,0,8,0,0,0,0,0,0,0,0,0,0,0,0,0,0,0,0,0,0,-1,-1,-1,-1,-1,-1,-1,-1,-1,-1,-1,-1,-1,-1,-1,-1,-1,-1,-1,-1,0,0.272469,0,3595,1166,294,1,2,5,14381,0,0,0,0,0,1
3,5,0,3,0,0,0,0,0,0,0,0,0,0,0,0,0,1,78,2,0,0,0,0,0,0,0,0,0,0,0,0,0,0,0,0,10,29,0,0,1,5,0,3,0,0,0,0,0,0,0,0,0,0,0,0,0,49,1,5,0,0,0,0,0,0,0,0,0,0,0,0,0,0,0,40,-1,-1,-1,-1,-1,-1,-1,-1,-1,-1,-1,-1,-1,-1,-1,-1,-1,-1,-1,-1,0,0.588851,0,15169,-1,-1,1,4,0,291,1,3,0,0,0,1
2,0,0,3,0,0,0,0,0,0,0,0,0,0,0,0,0,1,46,2,0,0,0,0,0,0,0,0,0,0,0,0,0,0,0,0,9,28,0,0,0,0,0,3,0,0,0,0,0,0,0,0,0,0,0,0,0,18,0,0,0,0,0,0,0,0,0,0,0,0,0,0,0,0,0,2,-1,-1,-1,-1,-1,-1,-1,-1,-1,-1,-1,-1,-1,-1,-1,-1,-1,-1,-1,-1,0,0.239533,0,55053,-1,-1,1,2,1,2997,1,0,0,0,0,0
2,0,0,3,0,0,0,0,0,0,0,0,0,0,0,0,0,1,46,2,0,0,0,0,0,0,0,0,0,0,0,0,0,0,0,0,9,28,0,0,0,0,0,3,0,0,0,0,0,0,0,0,0,0,0,0,0,18,0,0,0,0,0,0,0,0,0,0,0,0,0,0,0,0,0,2,-1,-1,-1,-1,-1,-1,-1,-1,-1,-1,-1,-1,-1,-1,-1,-1,-1,-1,-1,-1,0,0.24085,0,55053,-1,-1,1,2,1,255,1,0,0,0,0,0
1,0,0,1,0,0,0,0,0,0,0,0,0,0,0,0,0,1,21,1,0,0,0,0,0,0,0,0,0,0,0,0,0,0,0,0,9,20,0,0,0,0,0,1,0,0,0,0,0,0,0,0,0,0,0,0,0,1,0,0,0,0,0,0,0,0,0,0,0,0,0,0,0,0,0,0,-1,-1,-1,-1,-1,-1,-1,-1,-1,-1,-1,-1,-1,-1,-1,-1,-1,-1,-1,-1,0,0.941153,-1,13335,1604,221,2,2,2,288,1,0,0,0,0,0
2,0,0,0,0,0,0,0,0,0,0,0,0,0,0,0,0,1,17,2,0,0,0,0,0,0,0,0,0,0,0,0,0,0,0,0,1,17,0,0,-1,-1,-1,-1,-1,-1,-1,-1,-1,-1,-1,-1,-1,-1,-1,-1,-1,-1,-1,-1,-1,-1,-1,-1,-1,-1,-1,-1,-1,-1,-1,-1,-1,-1,-1,-1,-1,-1,-1,-1,-1,-1,-1,-1,-1,-1,-1,-1,-1,-1,-1,-1,-1,-1,-1,-1,0,0.609874,0,2818,6828,111,4,4,0,3599,0,2,0,0,0,0
3,2,2,4,0,0,0,0,0,0,0,0,0,0,0,0,0,1,78,2,1,0,0,0,0,0,0,0,0,0,0,0,0,0,0,0,9,27,0,0,1,1,2,4,0,0,0,0,0,0,0,0,0,0,0,0,0,51,1,0,2,0,0,0,0,0,0,0,0,0,0,0,0,0,0,26,-1,-1,-1,-1,-1,-1,-1,-1,-1,-1,-1,-1,-1,-1,-1,-1,-1,-1,-1,-1,0,0.087155,-1,16276,79,285,1,2,1,3597,1,0,0,0,0,1
3,4,0,6,0,0,0,0,0,0,0,0,0,0,0,0,0,1,107,2,0,0,0,0,0,0,0,0,0,0,0,0,0,0,0,0,6,17,0,0,1,4,0,6,0,0,0,0,0,0,0,0,0,0,0,0,0,90,0,0,0,0,0,0,0,0,0,0,0,0,0,0,0,0,0,0,-1,-1,-1,-1,-1,-1,-1,-1,-1,-1,-1,-1,-1,-1,-1,-1,-1,-1,-1,-1,0,0.065492,0,20940,8211,189,1,4,0,12,1,1,0,0,0,0
2,0,0,3,0,0,0,0,0,0,0,0,0,0,0,0,0,1,39,2,0,0,0,0,0,0,0,0,0,0,0,0,0,0,0,0,9,28,0,0,0,0,0,3,0,0,0,0,0,0,0,0,0,0,0,0,0,11,0,0,0,0,0,0,0,0,0,0,0,0,0,0,0,0,0,0,-1,-1,-1,-1,-1,-1,-1,-1,-1,-1,-1,-1,-1,-1,-1,-1,-1,-1,-1,-1,0,0.290032,0,47583,-1,-1,1,1,1,51,1,0,0,0,0,1
2,3,0,3,0,0,0,0,0,0,0,0,0,0,0,0,0,1,63,2,0,0,0,0,0,0,0,0,0,0,0,0,0,0,0,0,6,24,0,0,0,3,0,3,0,0,0,0,0,0,0,0,0,0,0,0,0,39,0,0,0,0,0,0,0,0,0,0,0,0,0,0,0,0,0,0,-1,-1,-1,-1,-1,-1,-1,-1,-1,-1,-1,-1,-1,-1,-1,-1,-1,-1,-1,-1,0,1.988391,0,394695,201,163,1,2,1,11251,1,0,0,0,0,1
2,0,0,0,0,0,0,0,0,0,0,0,0,0,0,0,0,1,24,2,0,0,0,0,0,0,0,0,0,0,0,0,0,0,0,0,6,24,0,0,-1,-1,-1,-1,-1,-1,-1,-1,-1,-1,-1,-1,-1,-1,-1,-1,-1,-1,-1,-1,-1,-1,-1,-1,-1,-1,-1,-1,-1,-1,-1,-1,-1,-1,-1,-1,-1,-1,-1,-1,-1,-1,-1,-1,-1,-1,-1,-1,-1,-1,-1,-1,-1,-1,-1,-1,0,0.107593,0,60781,7021,283,1,6,1,1792,0,0,0,0,0,0
2,0,0,2,0,0,0,0,0,0,0,0,0,0,0,0,0,1,46,1,0,0,0,0,0,0,0,0,0,0,0,0,0,0,0,0,12,25,0,0,1,0,0,2,0,0,0,0,0,0,0,0,0,0,0,0,0,21,0,0,0,0,0,0,0,0,0,0,0,0,0,0,0,0,0,0,-1,-1,-1,-1,-1,-1,-1,-1,-1,-1,-1,-1,-1,-1,-1,-1,-1,-1,-1,-1,0,0.272056,-1,24768,2433,123,1,2,1,51,1,0,0,0,0,1
7,0,0,5,0,1,1,0,0,0,0,0,0,0,0,0,0,3,100,1,0,0,0,0,0,0,0,0,0,0,0,0,0,0,0,0,7,15,0,0,5,0,0,5,0,0,0,0,0,0,0,0,0,0,0,0,0,63,3,0,0,0,0,0,0,0,0,0,0,0,0,0,0,0,0,21,1,0,0,0,0,1,1,0,0,0,0,0,0,0,0,0,0,22,1,1,1,1.356843,0,19318,1497,328,1,2,1,5989,1,0,0,0,0,1
1,0,0,1,0,0,0,0,0,0,0,0,0,0,0,0,0,1,13,1,0,0,0,0,0,0,0,0,0,0,0,0,0,0,0,0,2,6,0,0,0,0,0,1,0,0,0,0,0,0,0,0,0,0,0,0,0,7,0,0,0,0,0,0,0,0,0,0,0,0,0,0,0,0,0,6,-1,-1,-1,-1,-1,-1,-1,-1,-1,-1,-1,-1,-1,-1,-1,-1,-1,-1,-1,-1,0,0.06181100000000001,-1,15169,4819,121,1,4,0,283,1,1,0,0,1,1
2,0,0,0,0,0,0,0,0,0,0,0,0,0,0,0,0,1,20,2,0,0,0,0,0,0,0,0,0,0,0,0,0,0,0,0,6,20,0,0,-1,-1,-1,-1,-1,-1,-1,-1,-1,-1,-1,-1,-1,-1,-1,-1,-1,-1,-1,-1,-1,-1,-1,-1,-1,-1,-1,-1,-1,-1,-1,-1,-1,-1,-1,-1,-1,-1,-1,-1,-1,-1,-1,-1,-1,-1,-1,-1,-1,-1,-1,-1,-1,-1,-1,-1,0,0.34265500000000004,0,15169,-1,-1,1,4,0,254,1,0,0,0,0,0
2,0,0,1,0,0,0,0,0,0,0,0,0,0,0,0,0,1,25,2,0,0,0,0,0,0,0,0,0,0,0,0,0,0,0,0,9,24,0,0,0,0,0,1,0,0,0,0,0,0,0,0,0,0,0,0,0,1,0,0,0,0,0,0,0,0,0,0,0,0,0,0,0,0,0,0,-1,-1,-1,-1,-1,-1,-1,-1,-1,-1,-1,-1,-1,-1,-1,-1,-1,-1,-1,-1,0,0.488788,0,13335,3606,1141,2,2,2,299,1,1,0,0,0,0
3,4,0,6,0,0,0,0,0,0,1,0,0,0,0,0,0,0,56,3,0,0,0,0,0,0,0,0,0,0,0,0,0,0,0,0,0,11,1,0,0,4,0,6,0,0,0,0,0,0,1,0,0,0,0,0,0,45,0,0,0,0,0,0,0,0,0,0,0,0,0,0,0,0,0,0,-1,-1,-1,-1,-1,-1,-1,-1,-1,-1,-1,-1,-1,-1,-1,-1,-1,-1,-1,-1,0,0.458483,0,264077,-1,-1,1,4,0,0,0,0,0,0,0,1
2,0,0,0,0,0,0,0,0,0,0,0,0,0,0,0,0,1,17,2,0,0,0,0,0,0,0,0,0,0,0,0,0,0,0,0,3,17,0,0,-1,-1,-1,-1,-1,-1,-1,-1,-1,-1,-1,-1,-1,-1,-1,-1,-1,-1,-1,-1,-1,-1,-1,-1,-1,-1,-1,-1,-1,-1,-1,-1,-1,-1,-1,-1,-1,-1,-1,-1,-1,-1,-1,-1,-1,-1,-1,-1,-1,-1,-1,-1,-1,-1,-1,-1,0,-1.0,0,-1,1014,81,-1,4,0,-1,0,-1,0,0,0,0
2,0,0,0,0,0,0,0,0,0,0,0,0,0,0,0,0,1,15,2,0,0,0,0,0,0,0,0,0,0,0,0,0,0,0,0,5,15,0,0,-1,-1,-1,-1,-1,-1,-1,-1,-1,-1,-1,-1,-1,-1,-1,-1,-1,-1,-1,-1,-1,-1,-1,-1,-1,-1,-1,-1,-1,-1,-1,-1,-1,-1,-1,-1,-1,-1,-1,-1,-1,-1,-1,-1,-1,-1,-1,-1,-1,-1,-1,-1,-1,-1,-1,-1,0,0.912957,0,32748,7017,653,1,3,1,21585,1,1,0,0,0,0
3,0,0,1,0,1,0,0,0,0,0,0,0,0,0,0,0,1,62,2,0,0,0,0,0,0,0,0,0,0,0,0,0,0,0,0,11,39,0,0,1,0,0,1,0,0,0,0,0,0,0,0,0,0,0,0,0,11,1,0,0,0,0,0,0,0,0,0,0,0,0,0,0,0,0,10,0,0,0,0,0,1,0,0,0,0,0,0,0,0,0,0,0,12,0,1,0,0.293902,0,47583,-1,-1,1,1,1,51,1,0,0,0,0,1
2,0,0,3,0,0,0,0,0,0,0,0,0,0,0,0,0,1,21,2,0,0,0,0,0,0,0,0,0,0,0,0,0,0,0,0,2,10,0,0,0,0,0,3,0,0,0,0,0,0,0,0,0,0,0,0,0,11,0,0,0,0,0,0,0,0,0,0,0,0,0,0,0,0,0,0,-1,-1,-1,-1,-1,-1,-1,-1,-1,-1,-1,-1,-1,-1,-1,-1,-1,-1,-1,-1,0,0.771832,0,22723,8646,1946,2,3,4,298,1,0,0,0,0,0
4,0,0,0,0,0,0,0,0,0,0,0,0,0,0,0,0,1,22,4,0,0,0,0,0,0,0,0,0,0,0,0,0,0,0,0,5,22,0,0,-1,-1,-1,-1,-1,-1,-1,-1,-1,-1,-1,-1,-1,-1,-1,-1,-1,-1,-1,-1,-1,-1,-1,-1,-1,-1,-1,-1,-1,-1,-1,-1,-1,-1,-1,-1,-1,-1,-1,-1,-1,-1,-1,-1,-1,-1,-1,-1,-1,-1,-1,-1,-1,-1,-1,-1,0,-1.0,-1,16397,8490,-1,1,1,8,21571,0,-1,0,0,0,0
2,0,0,1,0,1,0,0,0,0,0,0,0,0,0,0,0,1,34,2,0,0,0,0,0,0,0,0,0,0,0,0,0,0,0,0,5,15,0,0,0,0,0,1,0,0,0,0,0,0,0,0,0,0,0,0,0,6,0,0,0,0,0,0,0,0,0,0,0,0,0,0,0,0,0,5,0,0,0,0,0,1,0,0,0,0,0,0,0,0,0,0,0,13,0,1,0,0.167448,0,15169,4979,133,1,4,5,288,1,0,0,0,0,0
1,0,0,0,0,0,0,0,0,0,0,0,0,0,0,0,0,1,12,1,0,0,0,0,0,0,0,0,0,0,0,0,0,0,0,0,3,12,0,0,-1,-1,-1,-1,-1,-1,-1,-1,-1,-1,-1,-1,-1,-1,-1,-1,-1,-1,-1,-1,-1,-1,-1,-1,-1,-1,-1,-1,-1,-1,-1,-1,-1,-1,-1,-1,-1,-1,-1,-1,-1,-1,-1,-1,-1,-1,-1,-1,-1,-1,-1,-1,-1,-1,-1,-1,0,0.441997,0,133618,53,311,1,2,1,3591,0,1,0,0,0,0
1,1,0,4,0,0,0,0,0,0,0,0,0,0,0,0,0,1,46,1,0,0,0,0,0,0,0,0,0,0,0,0,0,0,0,0,8,23,0,0,0,1,0,4,0,0,0,0,0,0,0,0,0,0,0,0,0,23,0,0,0,0,0,0,0,0,0,0,0,0,0,0,0,0,0,0,-1,-1,-1,-1,-1,-1,-1,-1,-1,-1,-1,-1,-1,-1,-1,-1,-1,-1,-1,-1,0,2.945711,0,26496,2627,294,1,2,2,589,0,0,0,0,0,1
2,0,0,0,0,0,0,0,0,0,0,0,0,0,0,0,0,1,13,2,0,0,0,0,0,0,0,0,0,0,0,0,0,0,0,0,3,13,0,0,-1,-1,-1,-1,-1,-1,-1,-1,-1,-1,-1,-1,-1,-1,-1,-1,-1,-1,-1,-1,-1,-1,-1,-1,-1,-1,-1,-1,-1,-1,-1,-1,-1,-1,-1,-1,-1,-1,-1,-1,-1,-1,-1,-1,-1,-1,-1,-1,-1,-1,-1,-1,-1,-1,-1,-1,0,0.600355,0,13335,8003,761,2,2,5,299,1,1,0,0,0,0
11,0,0,4,1,10,1,8,0,0,0,0,0,0,0,0,1,2,234,1,0,0,0,0,0,0,0,0,0,0,0,0,0,0,0,0,11,25,0,0,1,0,0,4,0,0,0,0,0,0,0,0,0,0,0,0,1,32,1,0,0,0,0,0,0,0,0,0,0,0,0,0,0,0,0,7,9,0,0,0,1,10,1,8,0,0,0,0,0,0,0,0,0,177,1,4,1,0.520573,-1,6429,2341,610,1,4,1,9201,0,0,0,0,0,1
2,0,0,4,0,0,0,0,0,0,0,0,0,0,0,0,0,1,49,2,0,0,0,0,0,0,0,0,0,0,0,0,0,0,0,0,7,25,0,0,0,0,0,4,0,0,0,0,0,0,0,0,0,0,0,0,0,24,0,0,0,0,0,0,0,0,0,0,0,0,0,0,0,0,0,0,-1,-1,-1,-1,-1,-1,-1,-1,-1,-1,-1,-1,-1,-1,-1,-1,-1,-1,-1,-1,0,0.919706,0,46606,5323,154,1,4,0,3586,0,0,0,0,0,0
1,0,0,1,0,0,0,0,0,0,0,0,0,0,0,0,0,1,11,1,0,0,0,0,0,0,0,0,0,0,0,0,0,0,0,0,4,10,0,0,0,0,0,1,0,0,0,0,0,0,0,0,0,0,0,0,0,1,0,0,0,0,0,0,0,0,0,0,0,0,0,0,0,0,0,0,-1,-1,-1,-1,-1,-1,-1,-1,-1,-1,-1,-1,-1,-1,-1,-1,-1,-1,-1,-1,0,0.121378,-1,13335,2190,395,2,2,2,296,1,0,0,0,0,0
3,0,0,2,0,0,0,0,0,0,0,0,0,0,0,0,0,1,27,2,0,0,0,0,0,0,0,0,0,0,0,0,0,0,0,0,4,14,0,0,1,0,0,2,0,0,0,0,0,0,0,0,0,0,0,0,0,13,1,0,0,0,0,0,0,0,0,0,0,0,0,0,0,0,0,9,-1,-1,-1,-1,-1,-1,-1,-1,-1,-1,-1,-1,-1,-1,-1,-1,-1,-1,-1,-1,0,0.409783,-1,8100,7753,280,1,2,1,14377,0,0,0,0,0,0
2,0,0,4,0,0,0,0,0,0,0,0,0,0,0,0,0,1,183,1,0,0,0,0,0,0,0,0,0,0,0,0,0,0,0,0,6,14,0,0,1,0,0,4,0,0,0,0,0,0,0,0,0,0,0,0,0,38,1,0,0,0,0,0,0,0,0,0,0,0,0,0,0,0,0,16,0,0,0,0,0,0,0,0,0,0,0,0,0,0,0,0,0,131,0,0,0,0.558963,-1,32748,155,209,1,2,1,14391,1,1,0,0,0,1
3,0,0,1,0,0,0,0,0,0,0,0,0,0,0,0,0,1,22,3,0,0,0,0,0,0,0,0,0,0,0,0,0,0,0,0,5,21,0,0,0,0,0,1,0,0,0,0,0,0,0,0,0,0,0,0,0,1,0,0,0,0,0,0,0,0,0,0,0,0,0,0,0,0,0,0,-1,-1,-1,-1,-1,-1,-1,-1,-1,-1,-1,-1,-1,-1,-1,-1,-1,-1,-1,-1,0,0.48257,0,16509,1161,1395,1,2,5,3597,1,0,1,1,0,0
2,0,0,4,0,0,0,0,0,0,0,0,0,0,0,0,1,2,45,1,0,0,0,0,0,0,0,0,0,0,0,0,0,0,0,0,5,13,0,0,1,0,0,4,0,0,0,0,0,0,0,0,0,0,0,0,1,32,0,0,0,0,0,0,0,0,0,0,0,0,0,0,0,0,0,0,-1,-1,-1,-1,-1,-1,-1,-1,-1,-1,-1,-1,-1,-1,-1,-1,-1,-1,-1,-1,0,0.256259,0,17054,7996,325,1,4,1,239,0,0,0,0,0,1
2,0,0,2,0,0,0,0,0,0,0,0,0,0,0,0,0,1,26,2,0,0,0,0,0,0,0,0,0,0,0,0,0,0,0,0,1,11,0,0,0,0,0,2,0,0,0,0,0,0,0,0,0,0,0,0,0,15,0,0,0,0,0,0,0,0,0,0,0,0,0,0,0,0,0,7,-1,-1,-1,-1,-1,-1,-1,-1,-1,-1,-1,-1,-1,-1,-1,-1,-1,-1,-1,-1,0,0.170961,-1,-1,8723,406,1,4,1,28,1,0,0,0,0,0
2,0,0,1,0,2,0,1,0,0,0,0,0,0,0,0,0,1,50,2,0,0,0,0,0,0,0,0,0,0,0,0,0,0,0,0,5,15,0,0,0,0,0,1,0,0,0,0,0,0,0,0,0,0,0,0,0,6,0,0,0,0,0,0,0,0,0,0,0,0,0,0,0,0,0,5,0,0,0,0,0,2,0,1,0,0,0,0,0,0,0,0,0,29,0,2,0,0.156348,0,15169,4979,133,1,4,5,131,1,0,0,0,0,0
2,0,0,0,0,0,0,0,0,0,0,0,0,0,0,0,0,1,10,2,0,0,0,0,0,0,0,0,0,0,0,0,0,0,0,0,4,10,0,0,-1,-1,-1,-1,-1,-1,-1,-1,-1,-1,-1,-1,-1,-1,-1,-1,-1,-1,-1,-1,-1,-1,-1,-1,-1,-1,-1,-1,-1,-1,-1,-1,-1,-1,-1,-1,-1,-1,-1,-1,-1,-1,-1,-1,-1,-1,-1,-1,-1,-1,-1,-1,-1,-1,-1,-1,0,-1.0,0,201678,-1,-1,1,4,1,300,1,-1,0,0,0,0
2,0,0,0,0,0,0,0,0,0,0,0,0,0,0,0,0,1,16,2,0,0,0,0,0,0,0,0,0,0,0,0,0,0,0,0,4,16,0,0,-1,-1,-1,-1,-1,-1,-1,-1,-1,-1,-1,-1,-1,-1,-1,-1,-1,-1,-1,-1,-1,-1,-1,-1,-1,-1,-1,-1,-1,-1,-1,-1,-1,-1,-1,-1,-1,-1,-1,-1,-1,-1,-1,-1,-1,-1,-1,-1,-1,-1,-1,-1,-1,-1,-1,-1,0,0.336221,0,15169,187,177,1,2,0,599,0,0,0,0,0,0
2,3,0,4,0,1,1,0,0,0,0,0,0,0,0,0,0,2,80,1,1,0,0,0,0,0,0,0,0,0,0,0,0,0,0,0,10,21,0,0,0,2,0,4,0,0,0,0,0,0,0,0,0,0,0,0,0,33,0,0,0,0,0,0,0,0,0,0,0,0,0,0,0,0,0,0,1,0,0,0,0,1,1,0,0,0,0,0,0,0,0,0,0,26,1,1,1,0.349483,-1,38001,3001,285,1,2,1,14334,1,0,0,0,0,1
2,0,0,2,0,0,0,0,0,0,0,0,0,0,0,0,0,1,36,2,0,0,0,0,0,0,0,0,0,0,0,0,0,0,0,0,8,24,0,0,0,0,0,2,0,0,0,0,0,0,0,0,0,0,0,0,0,12,0,0,0,0,0,0,0,0,0,0,0,0,0,0,0,0,0,0,-1,-1,-1,-1,-1,-1,-1,-1,-1,-1,-1,-1,-1,-1,-1,-1,-1,-1,-1,-1,0,9.812834,1,26496,2888,33,1,2,1,10799,0,0,0,0,0,1
8,0,0,6,0,0,0,0,0,0,0,0,0,0,0,0,0,2,85,2,0,0,0,0,0,0,0,0,0,0,0,0,0,0,0,0,4,17,0,0,6,0,0,6,0,0,0,0,0,0,0,0,0,0,0,0,0,68,0,0,0,0,0,0,0,0,0,0,0,0,0,0,0,0,0,0,-1,-1,-1,-1,-1,-1,-1,-1,-1,-1,-1,-1,-1,-1,-1,-1,-1,-1,-1,-1,0,3.787642,0,26347,-1,-1,1,3,2,4332,0,0,0,0,0,1
2,0,0,0,0,0,0,0,0,0,0,0,0,0,0,0,0,1,19,2,0,0,0,0,0,0,0,0,0,0,0,0,0,0,0,0,5,19,0,0,-1,-1,-1,-1,-1,-1,-1,-1,-1,-1,-1,-1,-1,-1,-1,-1,-1,-1,-1,-1,-1,-1,-1,-1,-1,-1,-1,-1,-1,-1,-1,-1,-1,-1,-1,-1,-1,-1,-1,-1,-1,-1,-1,-1,-1,-1,-1,-1,-1,-1,-1,-1,-1,-1,-1,-1,0,0.423709,-1,16509,7014,1386,1,2,5,3592,0,0,0,0,0,0
1,0,0,2,0,0,0,0,0,0,0,0,0,0,0,0,0,1,22,1,0,0,0,0,0,0,0,0,0,0,0,0,0,0,0,0,5,16,0,0,0,0,0,2,0,0,0,0,0,0,0,0,0,0,0,0,0,6,0,0,0,0,0,0,0,0,0,0,0,0,0,0,0,0,0,0,-1,-1,-1,-1,-1,-1,-1,-1,-1,-1,-1,-1,-1,-1,-1,-1,-1,-1,-1,-1,0,0.416665,0,26496,1544,281,1,2,2,591,0,0,0,0,0,1
1,0,0,3,0,0,0,0,0,0,0,0,0,0,0,0,0,1,29,1,0,0,0,0,0,0,0,0,0,0,0,0,0,0,0,0,3,12,0,0,0,0,0,3,0,0,0,0,0,0,0,0,0,0,0,0,0,17,0,0,0,0,0,0,0,0,0,0,0,0,0,0,0,0,0,0,-1,-1,-1,-1,-1,-1,-1,-1,-1,-1,-1,-1,-1,-1,-1,-1,-1,-1,-1,-1,0,0.438118,-1,10843,2926,360,1,2,1,14391,1,0,0,0,0,1
2,1,0,5,0,1,0,0,0,0,0,0,0,0,0,0,0,1,76,2,0,0,0,0,0,0,0,0,0,0,0,0,0,0,0,0,3,18,0,0,0,1,0,5,0,1,0,0,0,0,0,0,0,0,0,0,0,58,0,0,0,0,0,0,0,0,0,0,0,0,0,0,0,0,0,0,-1,-1,-1,-1,-1,-1,-1,-1,-1,-1,-1,-1,-1,-1,-1,-1,-1,-1,-1,-1,0,0.436884,0,24323,4838,640,1,5,1,18736,0,0,0,0,0,1
3,0,0,3,0,2,0,1,0,0,0,0,0,0,0,0,0,1,85,1,0,0,0,0,0,0,0,0,0,0,0,0,0,0,0,0,11,24,0,0,1,0,0,3,0,0,0,0,0,0,0,0,0,0,0,0,0,29,1,0,0,0,0,0,0,0,0,0,0,0,0,0,0,0,0,11,1,0,0,0,0,2,0,1,0,0,0,0,0,0,0,0,0,32,0,1,0,0.283181,1,20013,4485,262,1,2,1,13785,0,0,0,0,0,1
2,0,0,0,0,0,0,0,0,0,0,0,0,0,0,0,0,1,15,2,0,0,0,0,0,0,0,0,0,0,0,0,0,0,0,0,3,15,0,0,-1,-1,-1,-1,-1,-1,-1,-1,-1,-1,-1,-1,-1,-1,-1,-1,-1,-1,-1,-1,-1,-1,-1,-1,-1,-1,-1,-1,-1,-1,-1,-1,-1,-1,-1,-1,-1,-1,-1,-1,-1,-1,-1,-1,-1,-1,-1,-1,-1,-1,-1,-1,-1,-1,-1,-1,0,0.312842,0,61440,747,347,1,2,1,298,0,0,0,0,0,0
2,0,2,7,0,0,0,0,0,0,0,0,0,0,0,0,0,1,99,1,0,0,0,0,0,0,0,0,0,0,0,0,0,0,0,0,4,19,0,0,1,0,2,7,0,0,0,0,0,0,0,0,0,0,0,0,0,80,1,0,1,0,0,0,0,0,0,0,0,0,0,0,0,0,0,15,-1,-1,-1,-1,-1,-1,-1,-1,-1,-1,-1,-1,-1,-1,-1,-1,-1,-1,-1,-1,0,0.161851,0,43541,3298,-1,1,3,2,292,1,1,0,0,0,1
14,0,0,3,1,11,0,9,0,0,0,0,0,0,0,0,0,1,246,2,0,0,0,0,0,0,0,0,0,0,0,0,0,0,0,0,5,14,0,0,1,0,0,3,0,0,0,0,0,0,0,0,0,0,0,0,0,23,1,0,0,0,0,0,0,0,0,0,0,0,0,0,0,0,0,9,11,0,0,0,1,11,0,9,0,0,0,0,0,0,0,0,0,209,0,3,0,0.346579,0,26496,2684,3159,1,2,2,581,1,0,0,0,0,1
1,0,0,1,0,0,0,0,0,0,0,0,0,0,0,0,0,1,16,1,0,0,0,0,0,0,0,0,0,0,0,0,0,0,0,0,7,15,0,0,0,0,0,1,0,0,0,0,0,0,0,0,0,0,0,0,0,1,0,0,0,0,0,0,0,0,0,0,0,0,0,0,0,0,0,0,-1,-1,-1,-1,-1,-1,-1,-1,-1,-1,-1,-1,-1,-1,-1,-1,-1,-1,-1,-1,0,0.716639,-1,41269,1327,133,1,2,2,3591,1,0,0,0,0,0
3,0,0,5,0,0,0,0,0,0,0,0,0,0,0,0,0,1,52,2,0,0,0,0,0,0,0,0,0,0,0,0,0,0,0,0,6,24,0,0,1,0,0,5,0,0,0,0,0,0,0,0,0,0,0,0,0,28,1,0,0,0,0,0,0,0,0,0,0,0,0,0,0,0,0,7,-1,-1,-1,-1,-1,-1,-1,-1,-1,-1,-1,-1,-1,-1,-1,-1,-1,-1,-1,-1,0,0.30753800000000003,0,47583,-1,-1,1,1,1,42,1,0,0,0,0,1
3,0,0,11,0,0,0,0,0,0,0,0,0,0,0,0,0,1,77,2,0,0,0,0,0,0,0,0,0,0,0,0,0,0,0,0,7,21,0,0,1,0,0,11,0,0,0,0,0,0,0,0,0,0,0,0,0,56,1,0,0,0,0,0,0,0,0,0,0,0,0,0,0,0,0,11,-1,-1,-1,-1,-1,-1,-1,-1,-1,-1,-1,-1,-1,-1,-1,-1,-1,-1,-1,-1,0,0.47966,0,46095,-1,-1,1,4,3,7186,1,0,0,0,0,1
2,0,0,1,0,0,0,0,0,0,0,0,0,0,0,0,0,1,15,2,0,0,0,0,0,0,0,0,0,0,0,0,0,0,0,0,3,14,0,0,0,0,0,1,0,0,0,0,0,0,0,0,0,0,0,0,0,1,0,0,0,0,0,0,0,0,0,0,0,0,0,0,0,0,0,0,-1,-1,-1,-1,-1,-1,-1,-1,-1,-1,-1,-1,-1,-1,-1,-1,-1,-1,-1,-1,0,0.964304,0,27647,2816,105,1,4,1,3596,1,0,0,0,0,0
3,1,0,4,0,1,1,0,0,0,0,0,0,0,0,0,0,2,76,1,0,0,0,0,0,0,0,0,0,0,0,0,0,0,0,0,4,17,0,0,1,1,0,4,0,0,0,0,0,0,0,0,0,0,0,0,0,35,1,0,0,0,0,0,0,0,0,0,0,0,0,0,0,0,0,9,1,0,0,0,0,1,1,0,0,0,0,0,0,0,0,0,0,24,1,1,1,0.732029,-1,55720,2925,361,1,2,1,9074,0,0,0,0,0,1
4,0,0,8,1,1,0,0,0,0,0,0,0,0,0,0,1,2,66,2,0,0,0,0,0,0,0,0,0,0,0,0,0,0,0,0,3,15,0,0,0,0,0,2,0,0,0,0,0,0,0,0,0,0,0,0,0,8,0,0,0,0,0,0,0,0,0,0,0,0,0,0,0,0,0,0,2,0,0,6,1,1,0,0,0,0,0,0,0,0,0,0,1,43,1,1,0,0.773357,0,37963,-1,-1,1,2,1,3571,0,0,0,0,0,1
3,1,0,1,0,0,0,0,0,0,0,0,0,0,0,0,0,1,34,2,1,0,0,0,0,0,0,0,0,0,0,0,0,0,0,0,6,20,0,0,1,0,0,1,0,0,0,0,0,0,0,0,0,0,0,0,0,14,1,0,0,0,0,0,0,0,0,0,0,0,0,0,0,0,0,13,-1,-1,-1,-1,-1,-1,-1,-1,-1,-1,-1,-1,-1,-1,-1,-1,-1,-1,-1,-1,0,0.24780500000000005,-1,197695,-1,-1,1,2,2,9692,0,0,0,0,0,1
1,0,0,0,0,0,0,0,0,0,0,0,0,0,0,0,0,1,12,1,0,0,0,0,0,0,0,0,0,0,0,0,0,0,0,0,5,12,0,0,-1,-1,-1,-1,-1,-1,-1,-1,-1,-1,-1,-1,-1,-1,-1,-1,-1,-1,-1,-1,-1,-1,-1,-1,-1,-1,-1,-1,-1,-1,-1,-1,-1,-1,-1,-1,-1,-1,-1,-1,-1,-1,-1,-1,-1,-1,-1,-1,-1,-1,-1,-1,-1,-1,-1,-1,0,0.137256,0,14061,3152,499,1,4,5,291,1,2,0,0,0,0
3,0,0,6,0,0,0,0,0,0,0,0,0,0,0,0,0,1,56,2,0,0,0,0,0,0,0,0,0,0,0,0,0,0,0,0,9,22,0,0,1,0,0,6,0,0,0,0,0,0,0,0,0,0,0,0,0,34,1,0,0,0,0,0,0,0,0,0,0,0,0,0,0,0,0,9,-1,-1,-1,-1,-1,-1,-1,-1,-1,-1,-1,-1,-1,-1,-1,-1,-1,-1,-1,-1,0,0.852239,1,24446,-1,-1,1,2,1,616,0,0,0,0,0,1
3,0,0,1,0,0,0,0,0,0,0,0,0,0,0,0,0,1,14,3,0,0,0,0,0,0,0,0,0,0,0,0,0,0,0,0,2,13,0,0,0,0,0,1,0,0,0,0,0,0,0,0,0,0,0,0,0,1,0,0,0,0,0,0,0,0,0,0,0,0,0,0,0,0,0,0,-1,-1,-1,-1,-1,-1,-1,-1,-1,-1,-1,-1,-1,-1,-1,-1,-1,-1,-1,-1,0,0.366091,0,4766,-1,-1,-1,1,2,-1,0,1,0,0,0,0
1,0,0,0,0,0,0,0,0,0,0,0,0,0,0,0,0,1,21,1,0,0,0,0,0,0,0,0,0,0,0,0,0,0,0,0,8,21,0,0,-1,-1,-1,-1,-1,-1,-1,-1,-1,-1,-1,-1,-1,-1,-1,-1,-1,-1,-1,-1,-1,-1,-1,-1,-1,-1,-1,-1,-1,-1,-1,-1,-1,-1,-1,-1,-1,-1,-1,-1,-1,-1,-1,-1,-1,-1,-1,-1,-1,-1,-1,-1,-1,-1,-1,-1,0,0.199097,-1,35470,5662,181,1,4,1,14397,0,0,0,0,0,0
2,0,0,1,0,0,0,0,0,0,0,0,0,0,0,0,0,1,11,2,0,0,0,0,0,0,0,0,0,0,0,0,0,0,0,0,3,10,0,0,0,0,0,1,0,0,0,0,0,0,0,0,0,0,0,0,0,1,0,0,0,0,0,0,0,0,0,0,0,0,0,0,0,0,0,0,-1,-1,-1,-1,-1,-1,-1,-1,-1,-1,-1,-1,-1,-1,-1,-1,-1,-1,-1,-1,0,0.126527,0,20940,9304,1653,1,6,1,19,1,0,0,0,0,0
1,0,0,1,0,0,0,0,0,0,0,0,0,0,0,0,0,1,15,1,0,0,0,0,0,0,0,0,0,0,0,0,0,0,0,0,6,14,0,0,0,0,0,1,0,0,0,0,0,0,0,0,0,0,0,0,0,1,0,0,0,0,0,0,0,0,0,0,0,0,0,0,0,0,0,0,-1,-1,-1,-1,-1,-1,-1,-1,-1,-1,-1,-1,-1,-1,-1,-1,-1,-1,-1,-1,0,0.204947,-1,29182,51,313,1,2,2,3595,1,0,0,0,0,1
2,0,0,3,0,0,0,0,0,0,0,0,0,0,0,0,0,1,49,2,0,0,0,0,0,0,0,0,0,0,0,0,0,0,0,0,6,16,0,0,0,0,0,3,0,0,0,0,0,0,0,0,0,0,0,0,0,33,0,0,0,0,0,0,0,0,0,0,0,0,0,0,0,0,0,0,-1,-1,-1,-1,-1,-1,-1,-1,-1,-1,-1,-1,-1,-1,-1,-1,-1,-1,-1,-1,0,0.254628,0,15169,-1,-1,1,4,5,282,1,0,0,0,0,1
2,1,0,0,0,0,0,0,0,0,0,0,0,0,0,0,0,1,24,2,1,0,0,0,0,0,0,0,0,0,0,0,0,0,0,0,7,24,0,0,-1,-1,-1,-1,-1,-1,-1,-1,-1,-1,-1,-1,-1,-1,-1,-1,-1,-1,-1,-1,-1,-1,-1,-1,-1,-1,-1,-1,-1,-1,-1,-1,-1,-1,-1,-1,-1,-1,-1,-1,-1,-1,-1,-1,-1,-1,-1,-1,-1,-1,-1,-1,-1,-1,-1,-1,0,0.383311,0,26496,6091,482,1,2,0,3599,0,0,0,0,0,0
1,3,0,0,0,0,0,0,0,0,0,0,0,0,0,0,0,1,18,1,3,0,0,0,0,0,0,0,0,0,0,0,0,0,0,0,6,18,0,0,-1,-1,-1,-1,-1,-1,-1,-1,-1,-1,-1,-1,-1,-1,-1,-1,-1,-1,-1,-1,-1,-1,-1,-1,-1,-1,-1,-1,-1,-1,-1,-1,-1,-1,-1,-1,-1,-1,-1,-1,-1,-1,-1,-1,-1,-1,-1,-1,-1,-1,-1,-1,-1,-1,-1,-1,0,1.878055,0,61969,2941,345,1,2,0,597,0,0,0,0,0,1
2,0,0,0,0,0,0,0,0,0,0,0,0,0,0,0,0,1,25,2,0,0,0,0,0,0,0,0,0,0,0,0,0,0,0,0,8,25,0,0,-1,-1,-1,-1,-1,-1,-1,-1,-1,-1,-1,-1,-1,-1,-1,-1,-1,-1,-1,-1,-1,-1,-1,-1,-1,-1,-1,-1,-1,-1,-1,-1,-1,-1,-1,-1,-1,-1,-1,-1,-1,-1,-1,-1,-1,-1,-1,-1,-1,-1,-1,-1,-1,-1,-1,-1,0,0.485838,0,2635,-1,-1,2,4,1,267,1,1,0,0,0,0
3,0,0,1,0,0,0,0,0,0,0,0,0,0,0,0,0,1,42,2,0,0,0,0,0,0,0,0,0,0,0,0,0,0,0,0,7,18,0,0,1,0,0,1,0,0,0,0,0,0,0,0,0,0,0,0,0,24,1,0,0,0,0,0,0,0,0,0,0,0,0,0,0,0,0,23,-1,-1,-1,-1,-1,-1,-1,-1,-1,-1,-1,-1,-1,-1,-1,-1,-1,-1,-1,-1,0,1.287104,0,38719,-1,-1,1,1,1,14391,0,0,0,0,0,1
2,0,0,1,0,0,0,0,0,0,0,0,0,0,0,0,0,1,19,2,0,0,0,0,0,0,0,0,0,0,0,0,0,0,0,0,4,18,0,0,0,0,0,1,0,0,0,0,0,0,0,0,0,0,0,0,0,1,0,0,0,0,0,0,0,0,0,0,0,0,0,0,0,0,0,0,-1,-1,-1,-1,-1,-1,-1,-1,-1,-1,-1,-1,-1,-1,-1,-1,-1,-1,-1,-1,0,0.686718,0,6354,-1,-1,1,5,3,132,0,0,0,0,0,1
2,0,0,0,0,0,0,0,0,0,0,0,0,0,0,0,0,1,16,2,0,0,0,0,0,0,0,0,0,0,0,0,0,0,0,0,4,16,0,0,-1,-1,-1,-1,-1,-1,-1,-1,-1,-1,-1,-1,-1,-1,-1,-1,-1,-1,-1,-1,-1,-1,-1,-1,-1,-1,-1,-1,-1,-1,-1,-1,-1,-1,-1,-1,-1,-1,-1,-1,-1,-1,-1,-1,-1,-1,-1,-1,-1,-1,-1,-1,-1,-1,-1,-1,0,0.587039,0,26415,7845,190,1,5,0,3599,0,1,0,0,0,0
2,0,0,0,0,0,0,0,0,0,0,0,0,0,0,0,0,1,13,2,0,0,0,0,0,0,0,0,0,0,0,0,0,0,0,0,4,13,0,0,-1,-1,-1,-1,-1,-1,-1,-1,-1,-1,-1,-1,-1,-1,-1,-1,-1,-1,-1,-1,-1,-1,-1,-1,-1,-1,-1,-1,-1,-1,-1,-1,-1,-1,-1,-1,-1,-1,-1,-1,-1,-1,-1,-1,-1,-1,-1,-1,-1,-1,-1,-1,-1,-1,-1,-1,0,0.356628,0,26094,6743,195,1,2,1,12515,0,0,0,0,0,0
1,0,0,3,0,1,0,0,0,0,0,0,0,0,0,0,0,1,37,1,0,0,0,0,0,0,0,0,0,0,0,0,0,0,0,0,8,20,0,0,0,0,0,3,0,0,0,0,0,0,0,0,0,0,0,0,0,11,0,0,0,0,0,0,0,0,0,0,0,0,0,0,0,0,0,0,0,0,0,0,0,1,0,0,0,0,0,0,0,0,0,0,0,6,0,0,0,0.8489959999999999,-1,32244,2634,287,1,2,1,289,1,0,0,0,0,1
2,0,0,0,0,0,0,0,0,0,0,0,0,0,0,0,0,1,29,2,0,0,0,0,0,0,0,0,0,0,0,0,0,0,0,0,8,29,0,0,-1,-1,-1,-1,-1,-1,-1,-1,-1,-1,-1,-1,-1,-1,-1,-1,-1,-1,-1,-1,-1,-1,-1,-1,-1,-1,-1,-1,-1,-1,-1,-1,-1,-1,-1,-1,-1,-1,-1,-1,-1,-1,-1,-1,-1,-1,-1,-1,-1,-1,-1,-1,-1,-1,-1,-1,0,0.219918,0,15169,-1,-1,1,4,0,296,1,0,0,0,0,0
2,0,0,0,0,0,0,0,0,0,0,0,0,0,0,0,0,1,18,2,0,0,0,0,0,0,0,0,0,0,0,0,0,0,0,0,6,18,0,0,-1,-1,-1,-1,-1,-1,-1,-1,-1,-1,-1,-1,-1,-1,-1,-1,-1,-1,-1,-1,-1,-1,-1,-1,-1,-1,-1,-1,-1,-1,-1,-1,-1,-1,-1,-1,-1,-1,-1,-1,-1,-1,-1,-1,-1,-1,-1,-1,-1,-1,-1,-1,-1,-1,-1,-1,0,1.845672,0,13335,-1,-1,2,2,0,299,1,0,0,0,0,0
3,0,0,0,0,0,0,0,0,0,0,0,0,0,0,0,0,1,19,3,0,0,0,0,0,0,0,0,0,0,0,0,0,0,0,0,5,19,0,0,-1,-1,-1,-1,-1,-1,-1,-1,-1,-1,-1,-1,-1,-1,-1,-1,-1,-1,-1,-1,-1,-1,-1,-1,-1,-1,-1,-1,-1,-1,-1,-1,-1,-1,-1,-1,-1,-1,-1,-1,-1,-1,-1,-1,-1,-1,-1,-1,-1,-1,-1,-1,-1,-1,-1,-1,0,0.195881,0,29076,-1,-1,1,3,3,3614,0,0,0,0,0,0
2,1,1,2,0,3,0,2,0,0,0,0,0,0,0,0,0,1,194,1,0,0,0,0,0,0,0,0,0,0,0,0,0,0,0,0,7,18,0,0,1,1,0,2,0,0,0,0,0,0,0,0,0,0,0,0,0,19,1,0,0,0,0,0,0,0,0,0,0,0,0,0,0,0,0,9,0,0,1,0,0,3,0,2,0,0,0,0,0,0,0,0,0,157,0,3,0,0.6092420000000001,-1,8426,4249,133,1,4,1,16454,1,1,0,0,0,1
3,0,0,2,0,0,0,0,0,0,0,0,0,0,0,0,0,1,29,2,0,0,0,0,0,0,0,0,0,0,0,0,0,0,0,0,5,17,0,0,1,0,0,2,0,0,0,0,0,0,0,0,0,0,0,0,0,12,1,0,0,0,0,0,0,0,0,0,0,0,0,0,0,0,0,5,-1,-1,-1,-1,-1,-1,-1,-1,-1,-1,-1,-1,-1,-1,-1,-1,-1,-1,-1,-1,0,0.907259,0,17444,2974,312,-1,2,1,-1,1,0,0,0,0,1
2,0,0,1,0,0,0,0,0,0,0,0,0,0,0,0,0,1,17,2,0,0,0,0,0,0,0,0,0,0,0,0,0,0,0,0,2,16,0,0,0,0,0,1,0,0,0,0,0,0,0,0,0,0,0,0,0,1,0,0,0,0,0,0,0,0,0,0,0,0,0,0,0,0,0,0,-1,-1,-1,-1,-1,-1,-1,-1,-1,-1,-1,-1,-1,-1,-1,-1,-1,-1,-1,-1,0,0.267305,-1,9123,-1,-1,1,4,2,591,0,1,0,0,0,1
4,0,0,1,0,0,0,0,0,0,0,0,0,0,0,0,0,1,42,4,0,0,0,0,0,0,0,0,0,0,0,0,0,0,0,0,13,41,0,0,0,0,0,1,0,0,0,0,0,0,0,0,0,0,0,0,0,1,0,0,0,0,0,0,0,0,0,0,0,0,0,0,0,0,0,0,-1,-1,-1,-1,-1,-1,-1,-1,-1,-1,-1,-1,-1,-1,-1,-1,-1,-1,-1,-1,0,0.927686,0,20013,-1,-1,1,2,1,14399,1,0,0,0,0,1
1,0,0,0,0,0,0,0,0,0,0,0,0,0,0,0,0,1,13,1,0,0,0,0,0,0,0,0,0,0,0,0,0,0,0,0,4,13,0,0,-1,-1,-1,-1,-1,-1,-1,-1,-1,-1,-1,-1,-1,-1,-1,-1,-1,-1,-1,-1,-1,-1,-1,-1,-1,-1,-1,-1,-1,-1,-1,-1,-1,-1,-1,-1,-1,-1,-1,-1,-1,-1,-1,-1,-1,-1,-1,-1,-1,-1,-1,-1,-1,-1,-1,-1,0,0.659691,0,14618,442,287,2,4,0,19,0,1,0,0,0,0
2,0,0,1,0,0,0,0,0,0,0,0,0,0,0,0,0,1,13,2,0,0,0,0,0,0,0,0,0,0,0,0,0,0,0,0,3,12,0,0,0,0,0,1,0,0,0,0,0,0,0,0,0,0,0,0,0,1,0,0,0,0,0,0,0,0,0,0,0,0,0,0,0,0,0,0,-1,-1,-1,-1,-1,-1,-1,-1,-1,-1,-1,-1,-1,-1,-1,-1,-1,-1,-1,-1,0,0.209027,-1,8560,7864,171,1,4,2,138,1,1,0,0,0,0
4,0,0,1,0,0,0,0,0,0,0,0,0,0,0,0,0,1,37,3,0,0,0,0,0,0,0,0,0,0,0,0,0,0,0,0,6,22,0,0,1,0,0,1,0,0,0,0,0,0,0,0,0,0,0,0,0,15,1,0,0,0,0,0,0,0,0,0,0,0,0,0,0,0,0,14,-1,-1,-1,-1,-1,-1,-1,-1,-1,-1,-1,-1,-1,-1,-1,-1,-1,-1,-1,-1,0,1.108314,0,20207,3977,40,1,2,5,13249,0,0,0,0,0,1
3,0,2,3,0,0,0,0,0,0,0,0,0,0,0,0,0,1,60,2,0,0,0,0,0,0,0,0,0,0,0,0,0,0,0,0,6,14,0,0,1,0,2,3,0,0,0,0,0,0,0,0,0,0,0,0,0,46,1,0,2,0,0,0,0,0,0,0,0,0,0,0,0,0,0,31,-1,-1,-1,-1,-1,-1,-1,-1,-1,-1,-1,-1,-1,-1,-1,-1,-1,-1,-1,-1,0,0.22568600000000005,0,13335,653,76,2,2,0,284,1,0,0,0,0,1
1,0,0,0,0,0,0,0,0,0,0,0,0,0,0,0,0,1,10,1,0,0,0,0,0,0,0,0,0,0,0,0,0,0,0,0,3,10,0,0,-1,-1,-1,-1,-1,-1,-1,-1,-1,-1,-1,-1,-1,-1,-1,-1,-1,-1,-1,-1,-1,-1,-1,-1,-1,-1,-1,-1,-1,-1,-1,-1,-1,-1,-1,-1,-1,-1,-1,-1,-1,-1,-1,-1,-1,-1,-1,-1,-1,-1,-1,-1,-1,-1,-1,-1,0,0.34178800000000004,0,395082,3668,348,1,2,2,10792,0,0,0,0,0,0
2,1,0,0,0,0,0,0,0,0,0,0,0,0,0,0,0,1,21,2,1,0,0,0,0,0,0,0,0,0,0,0,0,0,0,0,7,21,0,0,-1,-1,-1,-1,-1,-1,-1,-1,-1,-1,-1,-1,-1,-1,-1,-1,-1,-1,-1,-1,-1,-1,-1,-1,-1,-1,-1,-1,-1,-1,-1,-1,-1,-1,-1,-1,-1,-1,-1,-1,-1,-1,-1,-1,-1,-1,-1,-1,-1,-1,-1,-1,-1,-1,-1,-1,0,0.56004,0,15169,7157,147,1,3,5,21599,0,0,0,0,0,0
3,1,0,0,0,0,0,0,0,0,0,0,0,0,0,0,0,1,17,3,1,0,0,0,0,0,0,0,0,0,0,0,0,0,0,0,2,17,0,0,-1,-1,-1,-1,-1,-1,-1,-1,-1,-1,-1,-1,-1,-1,-1,-1,-1,-1,-1,-1,-1,-1,-1,-1,-1,-1,-1,-1,-1,-1,-1,-1,-1,-1,-1,-1,-1,-1,-1,-1,-1,-1,-1,-1,-1,-1,-1,-1,-1,-1,-1,-1,-1,-1,-1,-1,0,0.474924,0,266390,3849,-1,2,2,2,897,0,0,0,0,0,0
1,1,0,7,0,0,0,0,0,0,0,0,0,0,0,0,0,1,59,1,0,0,0,0,0,0,0,0,0,0,0,0,0,0,0,0,5,15,0,0,0,1,0,7,0,0,0,0,0,0,0,0,0,0,0,0,0,44,0,0,0,0,0,0,0,0,0,0,0,0,0,0,0,0,0,0,-1,-1,-1,-1,-1,-1,-1,-1,-1,-1,-1,-1,-1,-1,-1,-1,-1,-1,-1,-1,0,0.104879,0,29468,5561,282,1,2,1,171,0,0,0,0,0,1
3,0,0,1,0,0,0,0,0,0,0,0,0,0,0,0,0,1,40,2,0,0,0,0,0,0,0,0,0,0,0,0,0,0,0,0,6,26,0,0,1,0,0,1,0,0,0,0,0,0,0,0,0,0,0,0,0,14,1,0,0,0,0,0,0,0,0,0,0,0,0,0,0,0,0,13,-1,-1,-1,-1,-1,-1,-1,-1,-1,-1,-1,-1,-1,-1,-1,-1,-1,-1,-1,-1,0,0.335161,0,47583,-1,-1,1,1,1,26,1,0,0,0,0,1
2,1,0,0,0,0,0,0,0,0,0,0,0,0,0,0,0,1,18,2,1,0,0,0,0,0,0,0,0,0,0,0,0,0,0,0,2,18,0,0,-1,-1,-1,-1,-1,-1,-1,-1,-1,-1,-1,-1,-1,-1,-1,-1,-1,-1,-1,-1,-1,-1,-1,-1,-1,-1,-1,-1,-1,-1,-1,-1,-1,-1,-1,-1,-1,-1,-1,-1,-1,-1,-1,-1,-1,-1,-1,-1,-1,-1,-1,-1,-1,-1,-1,-1,0,-1.0,0,4847,6057,1612,-1,2,1,-1,0,-1,0,0,0,0
3,1,0,3,0,0,0,0,0,0,0,0,0,0,0,0,0,1,48,2,1,0,0,0,0,0,0,0,0,0,0,0,0,0,0,0,5,17,0,0,1,0,0,3,0,0,0,0,0,0,0,0,0,0,0,0,0,31,1,0,0,0,0,0,0,0,0,0,0,0,0,0,0,0,0,15,-1,-1,-1,-1,-1,-1,-1,-1,-1,-1,-1,-1,-1,-1,-1,-1,-1,-1,-1,-1,0,0.180487,-1,198610,-1,-1,1,6,2,591,1,0,0,0,0,1
2,1,0,1,0,1,0,0,0,0,0,0,0,0,0,0,0,1,35,1,1,0,0,0,0,0,0,0,0,0,0,0,0,0,0,0,4,16,0,0,1,0,0,1,0,0,0,0,0,0,0,0,0,0,0,0,0,10,1,0,0,0,0,0,0,0,0,0,0,0,0,0,0,0,0,9,0,0,0,0,0,1,0,0,0,0,0,0,0,0,0,0,0,9,0,1,0,0.4865850000000001,0,12876,44,320,1,2,0,292,1,0,0,0,0,1
1,0,0,4,0,0,0,0,0,0,0,0,0,0,0,0,0,1,28,1,0,0,0,0,0,0,0,0,0,0,0,0,0,0,0,0,5,15,0,0,0,0,0,4,0,0,0,0,0,0,0,0,0,0,0,0,0,13,0,0,0,0,0,0,0,0,0,0,0,0,0,0,0,0,0,1,-1,-1,-1,-1,-1,-1,-1,-1,-1,-1,-1,-1,-1,-1,-1,-1,-1,-1,-1,-1,0,0.876898,1,13335,4594,884,2,2,5,290,1,0,0,0,0,1
2,0,0,1,0,0,0,0,0,0,0,0,0,0,0,0,0,1,22,2,0,0,0,0,0,0,0,0,0,0,0,0,0,0,0,0,9,21,0,0,0,0,0,1,0,0,0,0,0,0,0,0,0,0,0,0,0,1,0,0,0,0,0,0,0,0,0,0,0,0,0,0,0,0,0,0,-1,-1,-1,-1,-1,-1,-1,-1,-1,-1,-1,-1,-1,-1,-1,-1,-1,-1,-1,-1,0,-1.0,0,-1,-1,-1,-1,4,0,-1,0,-1,0,0,0,0
1,4,0,3,0,0,0,0,0,0,0,0,0,0,0,0,0,1,56,1,0,0,0,0,0,0,0,0,0,0,0,0,0,0,0,0,3,13,0,0,0,4,0,3,0,0,0,0,0,0,0,0,0,0,0,0,0,43,0,0,0,0,0,0,0,0,0,0,0,0,0,0,0,0,0,3,-1,-1,-1,-1,-1,-1,-1,-1,-1,-1,-1,-1,-1,-1,-1,-1,-1,-1,-1,-1,0,0.375883,0,40244,115,249,2,4,0,291,1,0,0,0,0,1
2,0,0,1,0,0,0,0,0,0,0,0,0,0,0,0,0,1,12,2,0,0,0,0,0,0,0,0,0,0,0,0,0,0,0,0,2,11,0,0,0,0,0,1,0,0,0,0,0,0,0,0,0,0,0,0,0,1,0,0,0,0,0,0,0,0,0,0,0,0,0,0,0,0,0,0,-1,-1,-1,-1,-1,-1,-1,-1,-1,-1,-1,-1,-1,-1,-1,-1,-1,-1,-1,-1,0,10.215747,0,13335,5002,507,2,2,1,298,0,-1,0,0,0,0
1,0,0,1,0,0,0,0,0,0,0,0,0,0,0,0,0,1,25,1,0,0,0,0,0,0,0,0,0,0,0,0,0,0,0,0,6,11,0,0,0,0,0,1,0,0,0,0,0,0,0,0,0,0,0,0,0,14,0,0,0,0,0,0,0,0,0,0,0,0,0,0,0,0,0,13,-1,-1,-1,-1,-1,-1,-1,-1,-1,-1,-1,-1,-1,-1,-1,-1,-1,-1,-1,-1,0,0.183362,-1,13335,2866,55,2,2,2,298,1,0,0,0,0,0
2,0,0,2,0,0,0,0,0,0,0,0,0,0,0,0,0,1,30,2,0,0,0,0,0,0,0,0,0,0,0,0,0,0,0,0,7,16,0,0,0,0,0,2,0,0,0,0,0,0,0,0,0,0,0,0,0,14,0,0,0,0,0,0,0,0,0,0,0,0,0,0,0,0,0,8,-1,-1,-1,-1,-1,-1,-1,-1,-1,-1,-1,-1,-1,-1,-1,-1,-1,-1,-1,-1,0,0.032080000000000004,0,43821,-1,-1,1,3,2,482,1,1,0,0,0,0
3,0,0,0,0,0,0,0,0,0,0,0,0,0,0,0,0,1,19,3,0,0,0,0,0,0,0,0,0,0,0,0,0,0,0,0,6,19,0,0,-1,-1,-1,-1,-1,-1,-1,-1,-1,-1,-1,-1,-1,-1,-1,-1,-1,-1,-1,-1,-1,-1,-1,-1,-1,-1,-1,-1,-1,-1,-1,-1,-1,-1,-1,-1,-1,-1,-1,-1,-1,-1,-1,-1,-1,-1,-1,-1,-1,-1,-1,-1,-1,-1,-1,-1,0,0.567563,0,32400,-1,-1,1,2,2,292,0,0,0,0,0,0
4,0,0,0,0,0,0,0,0,0,0,0,0,0,0,0,0,1,21,4,0,0,0,0,0,0,0,0,0,0,0,0,0,0,0,0,5,21,0,0,-1,-1,-1,-1,-1,-1,-1,-1,-1,-1,-1,-1,-1,-1,-1,-1,-1,-1,-1,-1,-1,-1,-1,-1,-1,-1,-1,-1,-1,-1,-1,-1,-1,-1,-1,-1,-1,-1,-1,-1,-1,-1,-1,-1,-1,-1,-1,-1,-1,-1,-1,-1,-1,-1,-1,-1,0,0.963547,1,20013,8490,-1,1,2,1,14386,1,0,0,0,0,0
2,2,0,1,0,0,0,0,0,0,0,0,0,0,0,0,0,1,36,2,1,0,0,0,0,0,0,0,0,0,0,0,0,0,0,0,10,27,0,0,0,1,0,1,0,0,0,0,0,0,0,0,0,0,0,0,0,9,0,1,0,0,0,0,0,0,0,0,0,0,0,0,0,0,0,8,-1,-1,-1,-1,-1,-1,-1,-1,-1,-1,-1,-1,-1,-1,-1,-1,-1,-1,-1,-1,0,0.258766,0,16509,-1,-1,2,4,4,14,1,0,0,0,0,1
3,1,1,6,0,0,0,0,0,0,0,0,0,0,0,0,0,1,99,2,1,0,0,0,0,0,0,0,0,0,0,0,0,0,0,0,9,24,0,0,1,0,1,6,0,0,0,0,0,0,0,0,0,0,0,0,0,75,1,0,0,0,0,0,0,0,0,0,0,0,0,0,0,0,0,8,-1,-1,-1,-1,-1,-1,-1,-1,-1,-1,-1,-1,-1,-1,-1,-1,-1,-1,-1,-1,0,0.131046,0,50618,-1,-1,1,2,2,591,1,0,0,0,0,1
2,0,0,1,0,0,0,0,0,0,0,0,0,0,0,0,0,1,13,2,0,0,0,0,0,0,0,0,0,0,0,0,0,0,0,0,3,12,0,0,0,0,0,1,0,0,0,0,0,0,0,0,0,0,0,0,0,1,0,0,0,0,0,0,0,0,0,0,0,0,0,0,0,0,0,0,-1,-1,-1,-1,-1,-1,-1,-1,-1,-1,-1,-1,-1,-1,-1,-1,-1,-1,-1,-1,0,1.735502,0,13335,1954,236,2,2,2,298,1,0,0,0,0,0
2,0,0,0,0,0,0,0,0,0,0,0,0,0,0,0,0,1,12,2,0,0,0,0,0,0,0,0,0,0,0,0,0,0,0,0,3,12,0,0,-1,-1,-1,-1,-1,-1,-1,-1,-1,-1,-1,-1,-1,-1,-1,-1,-1,-1,-1,-1,-1,-1,-1,-1,-1,-1,-1,-1,-1,-1,-1,-1,-1,-1,-1,-1,-1,-1,-1,-1,-1,-1,-1,-1,-1,-1,-1,-1,-1,-1,-1,-1,-1,-1,-1,-1,0,0.24777800000000005,0,8659,8998,3420,1,3,3,248,1,1,0,0,0,0
3,2,0,1,0,0,0,0,0,0,0,0,0,0,0,0,0,1,31,2,2,0,0,0,0,0,0,0,0,0,0,0,0,0,0,0,5,21,0,0,1,0,0,1,0,0,0,0,0,0,0,0,0,0,0,0,0,10,1,0,0,0,0,0,0,0,0,0,0,0,0,0,0,0,0,9,-1,-1,-1,-1,-1,-1,-1,-1,-1,-1,-1,-1,-1,-1,-1,-1,-1,-1,-1,-1,0,0.267066,0,6724,8218,3470,1,2,1,4054,0,0,0,0,0,0
3,2,0,3,0,0,0,0,0,0,0,0,0,0,0,0,0,1,67,2,0,0,0,0,0,0,0,0,0,0,0,0,0,0,0,0,7,21,0,0,1,2,0,3,0,0,0,0,0,0,0,0,0,0,0,0,0,46,1,1,0,0,0,0,0,0,0,0,0,0,0,0,0,0,0,16,-1,-1,-1,-1,-1,-1,-1,-1,-1,-1,-1,-1,-1,-1,-1,-1,-1,-1,-1,-1,0,0.259492,0,54456,-1,-1,1,2,2,3281,0,0,0,0,0,1
3,1,2,2,0,1,0,0,0,0,0,0,0,0,0,0,0,1,67,2,0,0,0,0,0,0,0,0,0,0,0,0,0,0,0,0,7,14,0,0,1,1,0,2,0,0,0,0,0,0,0,0,0,0,0,0,0,28,1,0,0,0,0,0,0,0,0,0,0,0,0,0,0,0,0,8,0,0,2,0,0,1,0,0,0,0,0,0,0,0,0,0,0,25,0,1,0,0.648068,0,24446,-1,-1,1,2,1,197,0,0,0,0,0,1
7,5,2,20,0,0,0,0,0,0,0,0,0,0,0,0,0,5,210,1,0,0,0,0,0,0,0,0,0,0,0,0,0,0,0,0,3,12,0,0,6,5,2,20,0,0,0,0,0,0,0,0,0,0,0,0,0,198,1,0,0,0,0,0,0,0,0,0,0,0,0,0,0,0,0,9,-1,-1,-1,-1,-1,-1,-1,-1,-1,-1,-1,-1,-1,-1,-1,-1,-1,-1,-1,-1,0,1.955596,1,60422,3355,1034,1,5,2,21591,1,1,0,0,0,1
2,0,0,0,0,0,0,0,0,0,0,0,0,0,0,0,0,1,22,2,0,0,0,0,0,0,0,0,0,0,0,0,0,0,0,0,7,22,0,0,-1,-1,-1,-1,-1,-1,-1,-1,-1,-1,-1,-1,-1,-1,-1,-1,-1,-1,-1,-1,-1,-1,-1,-1,-1,-1,-1,-1,-1,-1,-1,-1,-1,-1,-1,-1,-1,-1,-1,-1,-1,-1,-1,-1,-1,-1,-1,-1,-1,-1,-1,-1,-1,-1,-1,-1,0,0.31902600000000003,0,-1,7488,3468,2,4,2,173,1,2,0,0,0,0
2,0,0,2,0,0,0,0,0,0,0,0,0,0,0,0,0,1,41,1,0,0,0,0,0,0,0,0,0,0,0,0,0,0,0,0,5,17,0,0,1,0,0,2,0,0,0,0,0,0,0,0,0,0,0,0,0,24,1,0,0,0,0,0,0,0,0,0,0,0,0,0,0,0,0,16,-1,-1,-1,-1,-1,-1,-1,-1,-1,-1,-1,-1,-1,-1,-1,-1,-1,-1,-1,-1,0,1.6137780000000002,-1,46606,1967,223,1,2,1,14377,1,0,0,0,0,1
2,0,0,0,0,0,0,0,0,0,0,0,0,0,0,0,0,1,21,2,0,0,0,0,0,0,0,0,0,0,0,0,0,0,0,0,6,21,0,0,-1,-1,-1,-1,-1,-1,-1,-1,-1,-1,-1,-1,-1,-1,-1,-1,-1,-1,-1,-1,-1,-1,-1,-1,-1,-1,-1,-1,-1,-1,-1,-1,-1,-1,-1,-1,-1,-1,-1,-1,-1,-1,-1,-1,-1,-1,-1,-1,-1,-1,-1,-1,-1,-1,-1,-1,0,0.964948,0,13335,3250,36,2,2,5,3598,1,0,0,0,0,0
2,0,0,3,0,0,0,0,0,0,0,0,0,0,0,0,0,1,63,2,0,0,0,0,0,0,0,0,0,0,0,0,0,0,0,0,8,20,0,0,0,0,0,3,0,0,0,0,0,0,0,0,0,0,0,0,0,43,0,0,0,0,0,0,0,0,0,0,0,0,0,0,0,0,0,0,-1,-1,-1,-1,-1,-1,-1,-1,-1,-1,-1,-1,-1,-1,-1,-1,-1,-1,-1,-1,0,0.13258599999999998,0,16276,-1,-1,1,2,3,3431,1,0,0,0,0,1
3,0,0,3,0,0,0,0,0,0,0,0,0,0,0,0,0,1,29,3,0,0,0,0,0,0,0,0,0,0,0,0,0,0,0,0,3,15,0,0,0,0,0,3,0,0,0,0,0,0,0,0,0,0,0,0,0,14,0,0,0,0,0,0,0,0,0,0,0,0,0,0,0,0,0,0,-1,-1,-1,-1,-1,-1,-1,-1,-1,-1,-1,-1,-1,-1,-1,-1,-1,-1,-1,-1,0,0.375332,0,64432,-1,-1,1,4,4,5,1,3,0,0,0,0
1,0,0,1,0,0,0,0,0,0,0,0,0,0,0,0,0,1,10,1,0,0,0,0,0,0,0,0,0,0,0,0,0,0,0,0,1,6,0,0,0,0,0,1,0,0,0,0,0,0,0,0,0,0,0,0,0,4,0,0,0,0,0,0,0,0,0,0,0,0,0,0,0,0,0,3,-1,-1,-1,-1,-1,-1,-1,-1,-1,-1,-1,-1,-1,-1,-1,-1,-1,-1,-1,-1,0,1.225617,0,15830,-1,-1,1,3,0,3591,1,2,0,0,0,1
2,7,0,3,0,1,0,0,0,0,0,0,0,0,0,0,0,1,93,2,0,0,0,0,0,0,0,0,0,0,0,0,0,0,0,0,5,16,0,0,0,7,0,3,0,0,0,0,0,0,0,0,0,0,0,0,0,71,0,0,0,0,0,0,0,0,0,0,0,0,0,0,0,0,0,15,0,0,0,0,0,1,0,0,0,0,0,0,0,0,0,0,0,6,0,1,0,0.214803,0,32934,7859,3464,1,2,1,86,1,1,0,0,0,0
2,3,1,1,0,6,0,5,0,0,0,0,0,0,0,0,0,1,203,2,0,0,0,0,0,0,0,0,0,0,0,0,0,0,0,0,5,23,0,0,0,0,0,1,0,0,0,0,0,0,0,0,0,0,0,0,0,1,0,0,0,0,0,0,0,0,0,0,0,0,0,0,0,0,0,0,0,3,1,0,0,6,0,5,0,0,0,0,0,0,0,0,0,179,0,6,0,0.065838,0,13335,880,214,5,2,5,299,1,1,0,0,0,1
4,0,1,6,0,1,1,0,0,0,0,0,0,0,0,0,0,2,96,2,0,0,0,0,0,0,0,0,0,0,0,0,0,0,0,0,6,19,0,0,1,0,1,6,0,0,0,0,0,0,0,0,0,0,0,0,0,57,1,0,0,0,0,0,0,0,0,0,0,0,0,0,0,0,0,9,1,0,0,0,0,1,1,0,0,0,0,0,0,0,0,0,0,20,1,1,1,-1.0,0,200165,7728,305,1,2,3,58,0,-1,0,0,0,1
2,0,0,1,0,0,0,0,0,0,0,0,0,0,0,0,0,1,21,2,0,0,0,0,0,0,0,0,0,0,0,0,0,0,0,0,7,20,0,0,0,0,0,1,0,0,0,0,0,0,0,0,0,0,0,0,0,1,0,0,0,0,0,0,0,0,0,0,0,0,0,0,0,0,0,0,-1,-1,-1,-1,-1,-1,-1,-1,-1,-1,-1,-1,-1,-1,-1,-1,-1,-1,-1,-1,0,0.994756,-1,24940,-1,662,1,2,1,12751,1,0,0,0,0,0
2,0,0,0,0,0,0,0,0,0,0,0,0,0,0,0,0,1,16,2,0,0,0,0,0,0,0,0,0,0,0,0,0,0,0,0,3,16,0,0,-1,-1,-1,-1,-1,-1,-1,-1,-1,-1,-1,-1,-1,-1,-1,-1,-1,-1,-1,-1,-1,-1,-1,-1,-1,-1,-1,-1,-1,-1,-1,-1,-1,-1,-1,-1,-1,-1,-1,-1,-1,-1,-1,-1,-1,-1,-1,-1,-1,-1,-1,-1,-1,-1,-1,-1,0,0.435699,-1,198849,6205,1829,1,4,2,21599,1,1,0,0,0,0
2,0,0,0,0,0,0,0,0,0,0,0,0,0,0,0,0,1,26,2,0,0,0,0,0,0,0,0,0,0,0,0,0,0,0,0,7,26,0,0,-1,-1,-1,-1,-1,-1,-1,-1,-1,-1,-1,-1,-1,-1,-1,-1,-1,-1,-1,-1,-1,-1,-1,-1,-1,-1,-1,-1,-1,-1,-1,-1,-1,-1,-1,-1,-1,-1,-1,-1,-1,-1,-1,-1,-1,-1,-1,-1,-1,-1,-1,-1,-1,-1,-1,-1,0,0.468591,0,15169,-1,-1,1,4,0,291,1,0,0,0,0,0
15,1,0,4,1,6,1,10,0,0,0,0,0,0,0,0,1,2,279,1,0,0,0,0,0,0,0,0,0,0,0,0,0,0,0,0,2,8,0,0,1,1,0,4,0,0,0,0,0,0,0,0,0,0,0,0,0,33,1,0,0,0,0,0,0,0,0,0,0,0,0,0,0,0,0,6,13,0,0,0,1,6,1,10,0,0,0,0,0,0,0,0,1,238,1,4,1,0.590133,-1,46562,4375,7,1,2,1,6415,0,1,0,0,0,1
1,0,0,0,0,0,0,0,0,0,0,0,0,0,0,0,0,1,14,1,0,0,0,0,0,0,0,0,0,0,0,0,0,0,0,0,5,14,0,0,-1,-1,-1,-1,-1,-1,-1,-1,-1,-1,-1,-1,-1,-1,-1,-1,-1,-1,-1,-1,-1,-1,-1,-1,-1,-1,-1,-1,-1,-1,-1,-1,-1,-1,-1,-1,-1,-1,-1,-1,-1,-1,-1,-1,-1,-1,-1,-1,-1,-1,-1,-1,-1,-1,-1,-1,0,0.628095,1,45102,4553,560,1,2,1,170,1,1,0,0,0,0
3,2,0,2,0,0,0,0,0,0,0,0,0,0,0,0,0,1,48,2,2,0,0,0,0,0,0,0,0,0,0,0,0,0,0,0,7,28,0,0,1,0,0,2,0,0,0,0,0,0,0,0,0,0,0,0,0,20,1,0,0,0,0,0,0,0,0,0,0,0,0,0,0,0,0,10,-1,-1,-1,-1,-1,-1,-1,-1,-1,-1,-1,-1,-1,-1,-1,-1,-1,-1,-1,-1,0,0.4596520000000001,0,47583,-1,-1,1,4,1,14395,0,0,0,0,0,1
2,0,0,1,0,0,0,0,0,0,0,0,0,0,0,0,0,1,21,2,0,0,0,0,0,0,0,0,0,0,0,0,0,0,0,0,7,20,0,0,0,0,0,1,0,0,0,0,0,0,0,0,0,0,0,0,0,1,0,0,0,0,0,0,0,0,0,0,0,0,0,0,0,0,0,0,-1,-1,-1,-1,-1,-1,-1,-1,-1,-1,-1,-1,-1,-1,-1,-1,-1,-1,-1,-1,0,0.903902,0,15169,-1,-1,1,4,0,296,1,0,0,0,0,0
1,1,0,2,0,0,0,0,0,0,0,0,0,0,0,0,0,1,55,1,0,0,0,0,0,0,0,0,0,0,0,0,0,0,0,0,13,32,0,0,0,1,0,2,0,0,0,0,0,0,0,0,0,0,0,0,0,23,0,0,0,0,0,0,0,0,0,0,0,0,0,0,0,0,0,12,-1,-1,-1,-1,-1,-1,-1,-1,-1,-1,-1,-1,-1,-1,-1,-1,-1,-1,-1,-1,0,0.17129,1,46606,1564,261,1,2,1,14390,0,1,0,0,0,1
3,0,0,6,0,0,0,0,0,0,0,0,3,0,0,0,0,1,79,2,0,0,0,0,0,0,0,0,0,0,0,0,0,0,0,0,3,11,0,0,1,0,0,6,0,0,0,0,0,0,0,0,3,0,0,0,0,68,1,0,0,0,0,0,0,0,0,0,0,0,3,0,0,0,0,32,-1,-1,-1,-1,-1,-1,-1,-1,-1,-1,-1,-1,-1,-1,-1,-1,-1,-1,-1,-1,0,0.097231,0,34010,-1,-1,1,5,1,211,0,0,0,0,0,1
3,1,1,1,0,1,0,0,0,0,0,0,0,0,0,0,0,1,45,2,1,0,0,0,0,0,0,0,0,0,0,0,0,0,0,0,5,22,0,0,1,0,1,1,0,0,0,0,0,0,0,0,0,0,0,0,0,19,1,0,1,0,0,0,0,0,0,0,0,0,0,0,0,0,0,18,0,0,0,0,0,1,0,0,0,0,0,0,0,0,0,0,0,4,0,1,0,2.752198,0,13335,7393,275,1,2,1,1324,1,1,0,0,0,0
2,0,0,1,0,0,0,0,0,0,0,0,0,0,0,0,0,1,15,2,0,0,0,0,0,0,0,0,0,0,0,0,0,0,0,0,3,14,0,0,0,0,0,1,0,0,0,0,0,0,0,0,0,0,0,0,0,1,0,0,0,0,0,0,0,0,0,0,0,0,0,0,0,0,0,0,-1,-1,-1,-1,-1,-1,-1,-1,-1,-1,-1,-1,-1,-1,-1,-1,-1,-1,-1,-1,0,0.159384,0,13335,1602,589,5,2,7,299,1,0,0,0,0,0
8,2,1,1,0,4,0,3,0,0,0,0,0,0,0,0,20,3,351,4,0,0,0,0,0,0,0,0,0,0,0,0,0,0,0,0,14,38,0,0,0,0,0,1,0,0,0,0,0,0,0,0,0,0,0,0,0,1,0,0,0,0,0,0,0,0,0,0,0,0,0,0,0,0,0,0,4,2,1,0,0,4,0,3,0,0,0,0,0,0,0,0,20,312,1,4,0,0.226742,0,8075,-1,-1,2,2,1,26,0,-1,0,0,0,1
1,0,0,1,0,0,0,0,0,0,0,0,0,0,0,0,0,1,8,1,0,0,0,0,0,0,0,0,0,0,0,0,0,0,0,0,2,7,0,0,0,0,0,1,0,0,0,0,0,0,0,0,0,0,0,0,0,1,0,0,0,0,0,0,0,0,0,0,0,0,0,0,0,0,0,0,-1,-1,-1,-1,-1,-1,-1,-1,-1,-1,-1,-1,-1,-1,-1,-1,-1,-1,-1,-1,0,0.678141,-1,22612,1093,19,1,2,1,665,0,0,0,0,0,0
1,0,0,1,0,0,0,0,0,0,0,0,0,0,0,0,0,1,14,1,0,0,0,0,0,0,0,0,0,0,0,0,0,0,0,0,6,13,0,0,0,0,0,1,0,0,0,0,0,0,0,0,0,0,0,0,0,1,0,0,0,0,0,0,0,0,0,0,0,0,0,0,0,0,0,0,-1,-1,-1,-1,-1,-1,-1,-1,-1,-1,-1,-1,-1,-1,-1,-1,-1,-1,-1,-1,0,0.635732,1,14618,3543,1745,1,4,5,44,1,0,0,0,0,0
3,0,0,6,0,0,0,0,0,0,0,0,0,0,0,0,0,1,54,2,0,0,0,0,0,0,0,0,0,0,0,0,0,0,0,0,3,16,0,0,1,0,0,6,0,0,0,0,0,0,0,0,0,0,0,0,0,38,1,0,0,0,0,0,0,0,0,0,0,0,0,0,0,0,0,13,-1,-1,-1,-1,-1,-1,-1,-1,-1,-1,-1,-1,-1,-1,-1,-1,-1,-1,-1,-1,0,0.286995,1,20013,2941,345,1,2,5,449,1,0,0,0,0,1
2,0,0,0,0,0,0,0,0,0,0,0,0,0,0,0,0,1,16,2,0,0,0,0,0,0,0,0,0,0,0,0,0,0,0,0,5,16,0,0,-1,-1,-1,-1,-1,-1,-1,-1,-1,-1,-1,-1,-1,-1,-1,-1,-1,-1,-1,-1,-1,-1,-1,-1,-1,-1,-1,-1,-1,-1,-1,-1,-1,-1,-1,-1,-1,-1,-1,-1,-1,-1,-1,-1,-1,-1,-1,-1,-1,-1,-1,-1,-1,-1,-1,-1,0,0.463942,0,-1,8771,358,1,2,1,686,0,0,0,0,0,0
2,0,0,1,0,0,0,0,0,0,0,0,0,0,0,0,0,1,23,2,0,0,0,0,0,0,0,0,0,0,0,0,0,0,0,0,6,22,0,0,0,0,0,1,0,0,0,0,0,0,0,0,0,0,0,0,0,1,0,0,0,0,0,0,0,0,0,0,0,0,0,0,0,0,0,0,-1,-1,-1,-1,-1,-1,-1,-1,-1,-1,-1,-1,-1,-1,-1,-1,-1,-1,-1,-1,0,0.586626,0,63410,5151,2153,1,2,1,7207,1,0,0,0,0,0
5,1,0,4,0,1,1,0,0,0,0,0,0,0,0,0,0,2,71,1,0,0,0,0,0,0,0,0,0,0,0,0,0,0,0,0,4,15,0,0,2,1,0,4,0,0,0,0,0,0,0,0,0,0,0,0,0,30,1,0,0,0,0,0,0,0,0,0,0,0,0,0,0,0,0,9,2,0,0,0,0,1,1,0,0,0,0,0,0,0,0,0,0,26,1,1,1,2.987047,1,20013,345,19,1,2,1,4328,1,0,0,0,0,1
2,0,0,1,0,0,0,0,0,0,0,0,0,0,0,0,0,1,24,2,0,0,0,0,0,0,0,0,0,0,0,0,0,0,0,0,8,23,0,0,0,0,0,1,0,0,0,0,0,0,0,0,0,0,0,0,0,1,0,0,0,0,0,0,0,0,0,0,0,0,0,0,0,0,0,0,-1,-1,-1,-1,-1,-1,-1,-1,-1,-1,-1,-1,-1,-1,-1,-1,-1,-1,-1,-1,0,0.679906,0,24638,-1,-1,1,2,1,592,1,0,0,0,0,0
3,0,0,2,0,0,0,0,0,0,0,0,0,0,0,0,0,1,38,2,0,0,0,0,0,0,0,0,0,0,0,0,0,0,0,0,7,23,0,0,1,0,0,2,0,0,0,0,0,0,0,0,0,0,0,0,0,15,1,0,0,0,0,0,0,0,0,0,0,0,0,0,0,0,0,9,-1,-1,-1,-1,-1,-1,-1,-1,-1,-1,-1,-1,-1,-1,-1,-1,-1,-1,-1,-1,0,-1.0,0,-1,355,9,-1,5,0,-1,0,-1,0,0,0,0
2,0,0,1,0,0,0,0,0,0,0,0,0,0,0,0,0,1,12,2,0,0,0,0,0,0,0,0,0,0,0,0,0,0,0,0,2,11,0,0,0,0,0,1,0,0,0,0,0,0,0,0,0,0,0,0,0,1,0,0,0,0,0,0,0,0,0,0,0,0,0,0,0,0,0,0,-1,-1,-1,-1,-1,-1,-1,-1,-1,-1,-1,-1,-1,-1,-1,-1,-1,-1,-1,-1,0,0.22285500000000005,0,10806,9920,305,-1,2,2,-1,1,0,0,0,0,0
1,1,0,2,0,0,0,0,0,0,0,0,0,0,0,0,0,1,18,1,1,0,0,0,0,0,0,0,0,0,0,0,0,0,0,0,4,13,0,0,0,0,0,2,0,0,0,0,0,0,0,0,0,0,0,0,0,5,0,0,0,0,0,0,0,0,0,0,0,0,0,0,0,0,0,0,-1,-1,-1,-1,-1,-1,-1,-1,-1,-1,-1,-1,-1,-1,-1,-1,-1,-1,-1,-1,0,0.7529710000000001,1,46606,75,289,1,2,5,40,1,0,0,0,0,1
3,0,0,1,0,0,0,0,0,0,0,0,0,0,0,0,0,1,18,3,0,0,0,0,0,0,0,0,0,0,0,0,0,0,0,0,3,17,0,0,0,0,0,1,0,0,0,0,0,0,0,0,0,0,0,0,0,1,0,0,0,0,0,0,0,0,0,0,0,0,0,0,0,0,0,0,-1,-1,-1,-1,-1,-1,-1,-1,-1,-1,-1,-1,-1,-1,-1,-1,-1,-1,-1,-1,0,0.268079,0,30148,-1,-1,1,4,2,14397,1,0,0,0,0,0
3,2,0,2,0,0,0,0,0,0,0,0,0,0,0,0,0,1,62,2,0,0,0,0,0,0,0,0,0,0,0,0,0,0,0,0,7,24,0,0,1,2,0,2,0,0,0,0,0,0,0,0,0,0,0,0,0,38,1,1,0,0,0,0,0,0,0,0,0,0,0,0,0,0,0,19,-1,-1,-1,-1,-1,-1,-1,-1,-1,-1,-1,-1,-1,-1,-1,-1,-1,-1,-1,-1,0,0.189378,1,20013,745,349,1,2,1,1307,0,1,0,0,0,1
4,0,0,3,0,0,0,0,0,0,0,0,0,0,0,0,0,1,57,3,0,0,0,0,0,0,0,0,0,0,0,0,0,0,0,0,9,27,0,0,1,0,0,3,0,0,0,0,0,0,0,0,0,0,0,0,0,30,1,0,0,0,0,0,0,0,0,0,0,0,0,0,0,0,0,13,-1,-1,-1,-1,-1,-1,-1,-1,-1,-1,-1,-1,-1,-1,-1,-1,-1,-1,-1,-1,0,0.8402700000000001,1,26496,2523,32,1,2,2,10791,0,0,0,0,0,1
2,0,1,4,0,0,0,0,0,0,0,0,0,0,0,0,0,1,38,1,0,0,0,0,0,0,0,0,0,0,0,0,0,0,0,0,1,9,0,0,1,0,1,4,0,0,0,0,0,0,0,0,0,0,0,0,0,29,1,0,1,0,0,0,0,0,0,0,0,0,0,0,0,0,0,11,-1,-1,-1,-1,-1,-1,-1,-1,-1,-1,-1,-1,-1,-1,-1,-1,-1,-1,-1,-1,0,1.858749,0,26496,3258,28,1,2,2,599,0,-1,0,0,0,1
2,0,0,0,0,0,0,0,0,0,0,0,0,0,0,0,0,1,21,2,0,0,0,0,0,0,0,0,0,0,0,0,0,0,0,0,5,21,0,0,-1,-1,-1,-1,-1,-1,-1,-1,-1,-1,-1,-1,-1,-1,-1,-1,-1,-1,-1,-1,-1,-1,-1,-1,-1,-1,-1,-1,-1,-1,-1,-1,-1,-1,-1,-1,-1,-1,-1,-1,-1,-1,-1,-1,-1,-1,-1,-1,-1,-1,-1,-1,-1,-1,-1,-1,0,0.741323,0,1653,2689,232,1,2,2,390,0,1,0,0,0,0
1,0,0,0,0,0,0,0,0,0,0,0,0,0,0,0,0,1,14,1,0,0,0,0,0,0,0,0,0,0,0,0,0,0,0,0,5,14,0,0,-1,-1,-1,-1,-1,-1,-1,-1,-1,-1,-1,-1,-1,-1,-1,-1,-1,-1,-1,-1,-1,-1,-1,-1,-1,-1,-1,-1,-1,-1,-1,-1,-1,-1,-1,-1,-1,-1,-1,-1,-1,-1,-1,-1,-1,-1,-1,-1,-1,-1,-1,-1,-1,-1,-1,-1,0,0.144318,-1,13335,4901,2403,2,2,1,71,1,1,0,0,0,0
1,0,0,1,0,0,0,0,0,0,0,0,0,0,0,0,0,1,21,1,0,0,0,0,0,0,0,0,0,0,0,0,0,0,0,0,6,20,0,0,0,0,0,1,0,0,0,0,0,0,0,0,0,0,0,0,0,1,0,0,0,0,0,0,0,0,0,0,0,0,0,0,0,0,0,0,-1,-1,-1,-1,-1,-1,-1,-1,-1,-1,-1,-1,-1,-1,-1,-1,-1,-1,-1,-1,0,1.593172,-1,22612,22,342,1,2,3,1190,0,0,0,0,0,1
3,0,0,2,0,0,0,0,0,0,0,0,0,0,0,0,0,1,34,3,0,0,0,0,0,0,0,0,0,0,0,0,0,0,0,0,9,24,0,0,0,0,0,2,0,0,0,0,0,0,0,0,0,0,0,0,0,10,0,0,0,0,0,0,0,0,0,0,0,0,0,0,0,0,0,0,-1,-1,-1,-1,-1,-1,-1,-1,-1,-1,-1,-1,-1,-1,-1,-1,-1,-1,-1,-1,0,0.378622,0,13335,2308,247,2,2,5,298,1,0,0,0,0,1
3,0,0,4,0,0,0,0,0,0,0,0,0,0,0,0,0,1,53,2,0,0,0,0,0,0,0,0,0,0,0,0,0,0,0,0,9,24,0,0,1,0,0,4,0,0,0,0,0,0,0,0,0,0,0,0,0,29,1,0,0,0,0,0,0,0,0,0,0,0,0,0,0,0,0,9,-1,-1,-1,-1,-1,-1,-1,-1,-1,-1,-1,-1,-1,-1,-1,-1,-1,-1,-1,-1,0,0.352599,0,32244,7148,2713,1,2,1,12742,1,0,0,0,0,1
3,0,0,0,0,0,0,0,0,0,0,0,0,0,0,0,0,1,14,3,0,0,0,0,0,0,0,0,0,0,0,0,0,0,0,0,4,14,0,0,-1,-1,-1,-1,-1,-1,-1,-1,-1,-1,-1,-1,-1,-1,-1,-1,-1,-1,-1,-1,-1,-1,-1,-1,-1,-1,-1,-1,-1,-1,-1,-1,-1,-1,-1,-1,-1,-1,-1,-1,-1,-1,-1,-1,-1,-1,-1,-1,-1,-1,-1,-1,-1,-1,-1,-1,0,0.351504,1,22903,-1,-1,1,4,6,3591,0,1,0,0,0,0
1,0,0,0,0,0,0,0,0,0,0,0,0,0,0,0,0,1,7,1,0,0,0,0,0,0,0,0,0,0,0,0,0,0,0,0,2,7,0,0,-1,-1,-1,-1,-1,-1,-1,-1,-1,-1,-1,-1,-1,-1,-1,-1,-1,-1,-1,-1,-1,-1,-1,-1,-1,-1,-1,-1,-1,-1,-1,-1,-1,-1,-1,-1,-1,-1,-1,-1,-1,-1,-1,-1,-1,-1,-1,-1,-1,-1,-1,-1,-1,-1,-1,-1,0,0.555764,0,12722,2087,103,1,2,2,2043,0,1,0,0,0,0
2,0,0,1,0,0,0,0,0,0,0,0,0,0,0,0,0,1,31,2,0,0,0,0,0,0,0,0,0,0,0,0,0,0,0,0,7,24,0,0,0,0,0,1,0,0,0,0,0,0,0,0,0,0,0,0,0,7,0,0,0,0,0,0,0,0,0,0,0,0,0,0,0,0,0,6,-1,-1,-1,-1,-1,-1,-1,-1,-1,-1,-1,-1,-1,-1,-1,-1,-1,-1,-1,-1,0,0.259293,0,16509,-1,-1,2,4,4,51,1,0,0,0,0,1
2,0,0,0,0,0,0,0,0,0,0,0,0,0,0,0,0,1,29,2,0,0,0,0,0,0,0,0,0,0,0,0,0,0,0,0,8,29,0,0,-1,-1,-1,-1,-1,-1,-1,-1,-1,-1,-1,-1,-1,-1,-1,-1,-1,-1,-1,-1,-1,-1,-1,-1,-1,-1,-1,-1,-1,-1,-1,-1,-1,-1,-1,-1,-1,-1,-1,-1,-1,-1,-1,-1,-1,-1,-1,-1,-1,-1,-1,-1,-1,-1,-1,-1,0,0.710403,0,13446,-1,-1,1,2,1,290,0,0,0,0,0,0
3,0,0,3,0,0,0,0,0,0,0,0,0,0,0,0,0,1,42,2,0,0,0,0,0,0,0,0,0,0,0,0,0,0,0,0,7,21,0,0,1,0,0,3,0,0,0,0,0,0,0,0,0,0,0,0,0,21,1,0,0,0,0,0,0,0,0,0,0,0,0,0,0,0,0,9,-1,-1,-1,-1,-1,-1,-1,-1,-1,-1,-1,-1,-1,-1,-1,-1,-1,-1,-1,-1,0,0.270924,-1,24768,5283,194,1,4,2,9618,1,0,0,0,0,1
2,0,0,0,0,0,0,0,0,0,0,0,0,0,0,0,0,1,22,2,0,0,0,0,0,0,0,0,0,0,0,0,0,0,0,0,6,22,0,0,-1,-1,-1,-1,-1,-1,-1,-1,-1,-1,-1,-1,-1,-1,-1,-1,-1,-1,-1,-1,-1,-1,-1,-1,-1,-1,-1,-1,-1,-1,-1,-1,-1,-1,-1,-1,-1,-1,-1,-1,-1,-1,-1,-1,-1,-1,-1,-1,-1,-1,-1,-1,-1,-1,-1,-1,0,0.073189,0,15169,-1,-1,1,4,0,298,1,4,0,0,0,0
2,0,0,1,0,0,0,0,0,0,0,0,0,0,0,0,0,1,22,2,0,0,0,0,0,0,0,0,0,0,0,0,0,0,0,0,6,21,0,0,0,0,0,1,0,0,0,0,0,0,0,0,0,0,0,0,0,1,0,0,0,0,0,0,0,0,0,0,0,0,0,0,0,0,0,0,-1,-1,-1,-1,-1,-1,-1,-1,-1,-1,-1,-1,-1,-1,-1,-1,-1,-1,-1,-1,0,0.198136,0,15169,-1,-1,1,4,0,291,1,1,0,0,0,1
2,0,0,4,0,1,0,0,0,0,0,0,0,0,0,0,0,1,69,1,0,0,0,0,0,0,0,0,0,0,0,0,0,0,0,0,9,24,0,0,1,0,0,4,0,0,0,0,0,0,0,0,0,0,0,0,0,38,1,0,0,0,0,0,0,0,0,0,0,0,0,0,0,0,0,13,0,0,0,0,0,1,0,0,0,0,0,0,0,0,0,0,0,7,0,1,0,-1.0,-1,16509,4546,201,1,2,1,7152,0,-1,0,0,0,1
2,0,0,0,0,0,0,0,0,0,0,0,0,0,0,0,0,1,16,2,0,0,0,0,0,0,0,0,0,0,0,0,0,0,0,0,3,16,0,0,-1,-1,-1,-1,-1,-1,-1,-1,-1,-1,-1,-1,-1,-1,-1,-1,-1,-1,-1,-1,-1,-1,-1,-1,-1,-1,-1,-1,-1,-1,-1,-1,-1,-1,-1,-1,-1,-1,-1,-1,-1,-1,-1,-1,-1,-1,-1,-1,-1,-1,-1,-1,-1,-1,-1,-1,0,0.788737,0,43362,6754,184,1,3,1,3598,0,1,0,0,0,0
2,0,0,0,0,0,0,0,0,0,0,0,0,0,0,0,0,1,15,2,0,0,0,0,0,0,0,0,0,0,0,0,0,0,0,0,3,15,0,0,-1,-1,-1,-1,-1,-1,-1,-1,-1,-1,-1,-1,-1,-1,-1,-1,-1,-1,-1,-1,-1,-1,-1,-1,-1,-1,-1,-1,-1,-1,-1,-1,-1,-1,-1,-1,-1,-1,-1,-1,-1,-1,-1,-1,-1,-1,-1,-1,-1,-1,-1,-1,-1,-1,-1,-1,0,0.245054,1,16509,2765,2713,4,4,5,59,1,1,0,0,0,0
4,1,0,6,0,1,1,0,0,0,0,0,0,0,0,0,0,2,94,2,0,0,0,0,0,0,0,0,0,0,0,0,0,0,0,0,4,17,0,0,1,0,0,6,0,0,0,0,0,0,0,0,0,0,0,0,0,46,1,0,0,0,0,0,0,0,0,0,0,0,0,0,0,0,0,9,1,1,0,0,0,1,1,0,0,0,0,0,0,0,0,0,0,31,1,1,1,0.417107,0,36647,4997,115,1,2,1,1168,0,0,0,0,0,1
2,0,0,1,0,0,0,0,0,0,0,0,0,0,0,0,0,1,29,2,0,0,0,0,0,0,0,0,0,0,0,0,0,0,0,0,9,28,0,0,0,0,0,1,0,0,0,0,0,0,0,0,0,0,0,0,0,1,0,0,0,0,0,0,0,0,0,0,0,0,0,0,0,0,0,0,-1,-1,-1,-1,-1,-1,-1,-1,-1,-1,-1,-1,-1,-1,-1,-1,-1,-1,-1,-1,0,0.344943,0,15169,-1,-1,1,4,0,168,1,0,0,0,0,0
2,0,0,3,0,0,0,0,0,0,0,0,0,0,0,0,0,1,43,2,0,0,0,0,0,0,0,0,0,0,0,0,0,0,0,0,6,16,0,0,0,0,0,3,0,0,0,0,0,0,0,0,0,0,0,0,0,27,0,0,0,0,0,0,0,0,0,0,0,0,0,0,0,0,0,0,-1,-1,-1,-1,-1,-1,-1,-1,-1,-1,-1,-1,-1,-1,-1,-1,-1,-1,-1,-1,0,0.181064,0,15169,-1,-1,1,4,5,207,1,2,0,0,0,1
1,0,0,0,0,0,0,0,0,0,0,0,0,0,0,0,0,1,7,1,0,0,0,0,0,0,0,0,0,0,0,0,0,0,0,0,1,7,0,0,-1,-1,-1,-1,-1,-1,-1,-1,-1,-1,-1,-1,-1,-1,-1,-1,-1,-1,-1,-1,-1,-1,-1,-1,-1,-1,-1,-1,-1,-1,-1,-1,-1,-1,-1,-1,-1,-1,-1,-1,-1,-1,-1,-1,-1,-1,-1,-1,-1,-1,-1,-1,-1,-1,-1,-1,0,0.268475,1,29791,8723,406,1,4,1,26,1,0,0,0,0,0
2,0,0,1,0,0,0,0,0,0,0,0,0,0,0,0,0,1,22,2,0,0,0,0,0,0,0,0,0,0,0,0,0,0,0,0,5,21,0,0,0,0,0,1,0,0,0,0,0,0,0,0,0,0,0,0,0,1,0,0,0,0,0,0,0,0,0,0,0,0,0,0,0,0,0,0,-1,-1,-1,-1,-1,-1,-1,-1,-1,-1,-1,-1,-1,-1,-1,-1,-1,-1,-1,-1,0,0.7603489999999999,0,19531,52,312,1,2,0,3593,0,0,0,0,0,1
2,1,0,5,0,1,0,0,0,0,0,0,0,0,0,0,0,1,76,2,0,0,0,0,0,0,0,0,0,0,0,0,0,0,0,0,3,18,0,0,0,1,0,5,0,1,0,0,0,0,0,0,0,0,0,0,0,58,0,0,0,0,0,0,0,0,0,0,0,0,0,0,0,0,0,0,-1,-1,-1,-1,-1,-1,-1,-1,-1,-1,-1,-1,-1,-1,-1,-1,-1,-1,-1,-1,0,0.396427,0,24323,4838,640,1,5,1,1848,0,0,0,0,0,1
3,0,0,2,0,0,0,0,0,0,0,0,0,0,0,0,0,1,40,2,0,0,0,0,0,0,0,0,0,0,0,0,0,0,0,0,5,20,0,0,1,0,0,2,0,0,0,0,0,0,0,0,0,0,0,0,0,20,1,0,0,0,0,0,0,0,0,0,0,0,0,0,0,0,0,11,-1,-1,-1,-1,-1,-1,-1,-1,-1,-1,-1,-1,-1,-1,-1,-1,-1,-1,-1,-1,0,0.375629,0,36024,1669,156,1,2,1,3598,0,0,0,0,0,1
2,0,1,3,0,0,0,0,0,0,0,0,0,0,0,0,0,2,51,1,0,0,0,0,0,0,0,0,0,0,0,0,0,0,0,0,6,17,0,0,1,0,0,3,0,0,0,0,0,0,0,0,0,0,0,0,0,24,0,0,0,0,0,0,0,0,0,0,0,0,0,0,0,0,0,0,0,0,1,0,0,0,0,0,0,0,0,0,0,0,0,0,0,10,0,0,0,0.671289,1,29873,4854,258,1,2,2,21583,1,2,0,0,0,0
2,1,0,4,0,0,0,0,0,0,0,0,0,0,0,0,0,1,49,1,1,0,0,0,0,0,0,0,0,0,0,0,0,0,0,0,6,14,0,0,1,0,0,4,0,0,0,0,0,0,0,0,0,0,0,0,0,35,1,0,0,0,0,0,0,0,0,0,0,0,0,0,0,0,0,9,-1,-1,-1,-1,-1,-1,-1,-1,-1,-1,-1,-1,-1,-1,-1,-1,-1,-1,-1,-1,0,9.241678,-1,3223,6250,20,1,2,1,14383,0,0,0,0,0,1
1,0,0,4,0,0,0,0,0,0,0,0,0,0,0,0,0,1,32,1,0,0,0,0,0,0,0,0,0,0,0,0,0,0,0,0,5,16,0,0,0,0,0,4,0,0,0,0,0,0,0,0,0,0,0,0,0,16,0,0,0,0,0,0,0,0,0,0,0,0,0,0,0,0,0,0,-1,-1,-1,-1,-1,-1,-1,-1,-1,-1,-1,-1,-1,-1,-1,-1,-1,-1,-1,-1,0,0.6528729999999999,-1,46606,2325,230,1,2,1,12506,1,0,0,0,0,1
2,0,0,0,0,0,0,0,0,0,0,0,0,0,0,0,0,1,15,2,0,0,0,0,0,0,0,0,0,0,0,0,0,0,0,0,4,15,0,0,-1,-1,-1,-1,-1,-1,-1,-1,-1,-1,-1,-1,-1,-1,-1,-1,-1,-1,-1,-1,-1,-1,-1,-1,-1,-1,-1,-1,-1,-1,-1,-1,-1,-1,-1,-1,-1,-1,-1,-1,-1,-1,-1,-1,-1,-1,-1,-1,-1,-1,-1,-1,-1,-1,-1,-1,0,0.136247,0,24961,146,218,1,4,2,21598,0,0,0,0,0,0
2,0,0,0,0,0,0,0,0,0,0,0,0,0,0,0,0,1,16,2,0,0,0,0,0,0,0,0,0,0,0,0,0,0,0,0,6,16,0,0,-1,-1,-1,-1,-1,-1,-1,-1,-1,-1,-1,-1,-1,-1,-1,-1,-1,-1,-1,-1,-1,-1,-1,-1,-1,-1,-1,-1,-1,-1,-1,-1,-1,-1,-1,-1,-1,-1,-1,-1,-1,-1,-1,-1,-1,-1,-1,-1,-1,-1,-1,-1,-1,-1,-1,-1,0,-1.0,0,-1,-1,-1,-1,2,1,-1,0,-1,0,0,0,0
1,1,0,1,0,0,0,0,0,0,0,0,0,0,0,0,0,1,30,1,1,0,0,0,0,0,0,0,0,0,0,0,0,0,0,0,10,22,0,0,0,0,0,1,0,0,0,0,0,0,0,0,0,0,0,0,0,8,0,0,0,0,0,0,0,0,0,0,0,0,0,0,0,0,0,7,-1,-1,-1,-1,-1,-1,-1,-1,-1,-1,-1,-1,-1,-1,-1,-1,-1,-1,-1,-1,0,2.366708,-1,46606,1935,255,1,2,1,14390,1,1,0,0,0,1
1,0,0,1,0,0,0,0,0,0,0,0,0,0,0,0,0,1,20,1,0,0,0,0,0,0,0,0,0,0,0,0,0,0,0,0,7,19,0,0,0,0,0,1,0,0,0,0,0,0,0,0,0,0,0,0,0,1,0,0,0,0,0,0,0,0,0,0,0,0,0,0,0,0,0,0,-1,-1,-1,-1,-1,-1,-1,-1,-1,-1,-1,-1,-1,-1,-1,-1,-1,-1,-1,-1,0,3.3087480000000005,1,20013,1806,384,1,2,1,6298,0,1,0,0,0,0
4,0,0,0,0,0,0,0,0,0,0,0,0,0,0,0,0,1,21,4,0,0,0,0,0,0,0,0,0,0,0,0,0,0,0,0,6,21,0,0,-1,-1,-1,-1,-1,-1,-1,-1,-1,-1,-1,-1,-1,-1,-1,-1,-1,-1,-1,-1,-1,-1,-1,-1,-1,-1,-1,-1,-1,-1,-1,-1,-1,-1,-1,-1,-1,-1,-1,-1,-1,-1,-1,-1,-1,-1,-1,-1,-1,-1,-1,-1,-1,-1,-1,-1,0,0.595837,-1,33182,7716,-1,1,3,1,3588,1,1,0,0,0,0
2,0,0,0,0,0,0,0,0,0,0,0,0,0,0,0,0,1,19,2,0,0,0,0,0,0,0,0,0,0,0,0,0,0,0,0,2,19,0,0,-1,-1,-1,-1,-1,-1,-1,-1,-1,-1,-1,-1,-1,-1,-1,-1,-1,-1,-1,-1,-1,-1,-1,-1,-1,-1,-1,-1,-1,-1,-1,-1,-1,-1,-1,-1,-1,-1,-1,-1,-1,-1,-1,-1,-1,-1,-1,-1,-1,-1,-1,-1,-1,-1,-1,-1,0,0.403785,0,31624,-1,-1,1,4,1,290,0,1,0,0,0,0
2,0,0,0,0,0,0,0,0,0,0,0,0,0,0,0,0,1,21,2,0,0,0,0,0,0,0,0,0,0,0,0,0,0,0,0,9,21,0,0,-1,-1,-1,-1,-1,-1,-1,-1,-1,-1,-1,-1,-1,-1,-1,-1,-1,-1,-1,-1,-1,-1,-1,-1,-1,-1,-1,-1,-1,-1,-1,-1,-1,-1,-1,-1,-1,-1,-1,-1,-1,-1,-1,-1,-1,-1,-1,-1,-1,-1,-1,-1,-1,-1,-1,-1,0,1.593843,0,13335,-1,-1,2,2,3,299,1,1,0,0,0,0
4,0,0,1,0,0,0,0,0,0,0,0,0,0,0,0,0,1,35,3,0,0,0,0,0,0,0,0,0,0,0,0,0,0,0,0,7,22,0,0,1,0,0,1,0,0,0,0,0,0,0,0,0,0,0,0,0,13,1,0,0,0,0,0,0,0,0,0,0,0,0,0,0,0,0,12,-1,-1,-1,-1,-1,-1,-1,-1,-1,-1,-1,-1,-1,-1,-1,-1,-1,-1,-1,-1,0,3.410656,1,20013,1531,294,1,2,1,14384,1,0,0,0,0,1
1,0,0,0,0,0,0,0,0,0,0,0,0,0,0,0,0,1,14,1,0,0,0,0,0,0,0,0,0,0,0,0,0,0,0,0,6,14,0,1,-1,-1,-1,-1,-1,-1,-1,-1,-1,-1,-1,-1,-1,-1,-1,-1,-1,-1,-1,-1,-1,-1,-1,-1,-1,-1,-1,-1,-1,-1,-1,-1,-1,-1,-1,-1,-1,-1,-1,-1,-1,-1,-1,-1,-1,-1,-1,-1,-1,-1,-1,-1,-1,-1,-1,-1,0,0.122797,1,16509,6786,152,2,4,5,52,1,1,0,0,0,0
2,2,2,6,0,0,0,0,0,0,0,0,0,0,0,0,0,1,322,1,0,0,0,0,0,0,0,0,0,0,0,0,0,0,0,0,5,11,0,0,1,0,2,6,0,0,0,0,0,0,0,0,0,0,0,0,0,53,1,0,0,0,0,0,0,0,0,0,0,0,0,0,0,0,0,6,0,2,0,0,0,0,0,0,0,0,0,0,0,0,0,0,0,258,0,0,0,1.106081,0,43146,2687,234,1,2,1,21597,0,0,0,0,0,1
1,2,0,2,0,0,0,0,0,0,0,0,0,0,0,0,0,1,27,1,0,0,0,0,0,0,0,0,0,0,0,0,0,0,0,0,5,17,0,0,0,2,0,2,0,0,0,0,0,0,0,0,0,0,0,0,0,10,0,0,0,0,0,0,0,0,0,0,0,0,0,0,0,0,0,0,-1,-1,-1,-1,-1,-1,-1,-1,-1,-1,-1,-1,-1,-1,-1,-1,-1,-1,-1,-1,0,2.694635,0,19066,5406,72,1,2,1,3588,1,0,0,0,0,1
2,0,0,1,0,1,1,0,0,0,0,0,0,0,0,0,0,2,38,1,0,0,0,0,0,0,0,0,0,0,0,0,0,0,0,0,5,15,0,0,0,0,0,1,0,0,0,0,0,0,0,0,0,0,0,0,0,1,0,0,0,0,0,0,0,0,0,0,0,0,0,0,0,0,0,0,1,0,0,0,0,1,1,0,0,0,0,0,0,0,0,0,0,22,1,1,1,0.410663,-1,55293,1232,228,1,4,5,14392,1,0,0,0,0,1
1,0,0,1,0,0,0,0,0,0,0,0,0,0,0,0,0,1,17,1,0,0,0,0,0,0,0,0,0,0,0,0,0,0,0,0,6,16,0,0,0,0,0,1,0,0,0,0,0,0,0,0,0,0,0,0,0,1,0,0,0,0,0,0,0,0,0,0,0,0,0,0,0,0,0,0,-1,-1,-1,-1,-1,-1,-1,-1,-1,-1,-1,-1,-1,-1,-1,-1,-1,-1,-1,-1,0,1.470255,1,46606,3438,1674,1,2,1,14390,1,0,0,0,0,0
1,0,0,1,0,0,0,0,0,0,0,0,0,0,0,0,0,1,18,1,0,0,0,0,0,0,0,0,0,0,0,0,0,0,0,0,5,17,0,0,0,0,0,1,0,0,0,0,0,0,0,0,0,0,0,0,0,1,0,0,0,0,0,0,0,0,0,0,0,0,0,0,0,0,0,0,-1,-1,-1,-1,-1,-1,-1,-1,-1,-1,-1,-1,-1,-1,-1,-1,-1,-1,-1,-1,0,0.426194,0,50673,10,354,1,2,0,3591,0,1,0,0,0,1
3,4,0,1,0,1,0,0,0,0,0,0,0,0,0,0,0,1,66,2,3,0,0,0,0,0,0,0,0,0,0,0,0,0,0,0,15,40,0,0,1,0,0,1,0,0,0,0,0,0,0,0,0,0,0,0,0,9,1,0,0,0,0,0,0,0,0,0,0,0,0,0,0,0,0,8,0,1,0,0,0,1,0,0,0,0,0,0,0,0,0,0,0,17,0,1,0,0.866816,0,20766,3135,151,1,2,1,21599,0,0,0,0,0,1
3,0,0,0,0,0,0,0,0,0,0,0,0,0,0,0,0,1,19,3,0,0,0,0,0,0,0,0,0,0,0,0,0,0,0,0,3,19,0,0,-1,-1,-1,-1,-1,-1,-1,-1,-1,-1,-1,-1,-1,-1,-1,-1,-1,-1,-1,-1,-1,-1,-1,-1,-1,-1,-1,-1,-1,-1,-1,-1,-1,-1,-1,-1,-1,-1,-1,-1,-1,-1,-1,-1,-1,-1,-1,-1,-1,-1,-1,-1,-1,-1,-1,-1,0,0.814872,0,13335,-1,-1,1,2,1,298,1,0,0,0,0,0
1,1,0,4,0,0,0,0,0,0,0,0,0,0,0,0,0,1,41,1,0,0,0,0,0,0,0,0,0,0,0,0,0,0,0,0,4,15,0,0,0,1,0,4,0,0,0,0,0,0,0,0,0,0,0,0,0,26,0,0,0,0,0,0,0,0,0,0,0,0,0,0,0,0,0,0,-1,-1,-1,-1,-1,-1,-1,-1,-1,-1,-1,-1,-1,-1,-1,-1,-1,-1,-1,-1,0,0.444199,1,20013,2617,1035,1,2,1,10975,0,0,0,0,0,1
2,0,0,2,0,0,0,0,0,0,0,0,0,0,0,0,0,1,32,1,0,0,0,0,0,0,0,0,0,0,0,0,0,0,0,0,5,13,0,0,1,0,0,2,0,0,0,0,0,0,0,0,0,0,0,0,0,19,1,0,0,0,0,0,0,0,0,0,0,0,0,0,0,0,0,10,-1,-1,-1,-1,-1,-1,-1,-1,-1,-1,-1,-1,-1,-1,-1,-1,-1,-1,-1,-1,0,0.7989850000000001,-1,38197,2142,48,1,2,1,14389,0,0,0,0,0,1
2,0,2,5,0,0,0,0,0,0,0,0,0,0,0,0,0,1,57,2,0,0,0,0,0,0,0,0,0,0,0,0,0,0,0,0,9,21,0,0,0,0,2,5,0,0,0,0,0,0,0,0,0,0,0,0,0,36,0,0,0,0,0,0,0,0,0,0,0,0,0,0,0,0,0,0,-1,-1,-1,-1,-1,-1,-1,-1,-1,-1,-1,-1,-1,-1,-1,-1,-1,-1,-1,-1,0,2.958247,1,38719,-1,-1,1,2,1,9504,1,0,0,0,0,1
2,1,0,2,0,0,0,0,0,0,0,0,0,0,0,0,0,1,36,1,0,0,0,0,0,0,0,0,0,0,0,0,0,0,0,0,6,17,0,0,1,1,0,2,0,0,0,0,0,0,0,0,0,0,0,0,0,19,1,0,0,0,0,0,0,0,0,0,0,0,0,0,0,0,0,6,-1,-1,-1,-1,-1,-1,-1,-1,-1,-1,-1,-1,-1,-1,-1,-1,-1,-1,-1,-1,0,2.4609650000000003,1,20013,2114,76,1,2,1,6690,1,0,0,0,0,1
3,0,0,8,0,0,0,0,0,0,0,0,0,0,0,0,0,1,85,3,0,0,0,0,0,0,0,0,0,0,0,0,0,0,0,0,4,19,0,0,0,0,0,8,0,0,0,0,0,0,0,0,0,0,0,0,0,66,0,0,0,0,0,0,0,0,0,0,0,0,0,0,0,0,0,0,-1,-1,-1,-1,-1,-1,-1,-1,-1,-1,-1,-1,-1,-1,-1,-1,-1,-1,-1,-1,0,2.381912,0,13335,5757,86,2,2,1,298,1,0,0,0,0,1
2,0,0,0,0,0,0,0,0,0,0,0,0,0,0,0,0,1,17,2,0,0,0,0,0,0,0,0,0,0,0,0,0,0,0,0,5,17,0,0,-1,-1,-1,-1,-1,-1,-1,-1,-1,-1,-1,-1,-1,-1,-1,-1,-1,-1,-1,-1,-1,-1,-1,-1,-1,-1,-1,-1,-1,-1,-1,-1,-1,-1,-1,-1,-1,-1,-1,-1,-1,-1,-1,-1,-1,-1,-1,-1,-1,-1,-1,-1,-1,-1,-1,-1,0,0.4799479999999999,0,19237,7448,586,1,2,1,5043,0,0,0,0,0,0
2,0,0,1,0,0,0,0,0,0,0,0,0,0,0,0,0,1,25,2,0,0,0,0,0,0,0,0,0,0,0,0,0,0,0,0,4,24,0,0,0,0,0,1,0,0,0,0,0,0,0,0,0,0,0,0,0,1,0,0,0,0,0,0,0,0,0,0,0,0,0,0,0,0,0,0,-1,-1,-1,-1,-1,-1,-1,-1,-1,-1,-1,-1,-1,-1,-1,-1,-1,-1,-1,-1,0,0.268785,0,62082,-1,-1,1,2,1,3792,0,0,0,0,0,1
2,1,0,1,0,0,0,0,0,0,0,0,0,0,0,0,0,1,19,2,1,0,0,0,0,0,0,0,0,0,0,0,0,0,0,0,5,18,0,0,0,0,0,1,0,0,0,0,0,0,0,0,0,0,0,0,0,1,0,0,0,0,0,0,0,0,0,0,0,0,0,0,0,0,0,0,-1,-1,-1,-1,-1,-1,-1,-1,-1,-1,-1,-1,-1,-1,-1,-1,-1,-1,-1,-1,0,1.222295,0,63949,2483,73,2,2,5,298,1,0,0,0,0,0
5,2,0,3,0,2,0,0,0,0,0,0,0,0,0,0,0,1,66,2,0,0,0,0,0,0,0,0,0,0,0,0,0,0,0,0,7,22,0,0,2,2,0,3,0,0,0,0,0,0,0,0,0,0,0,0,0,37,1,0,0,0,0,0,0,0,0,0,0,0,0,0,0,0,0,9,1,0,0,0,0,2,0,0,0,0,0,0,0,0,0,0,0,7,0,1,0,0.549551,-1,63410,365,1,1,4,1,3900,0,0,0,0,0,1
3,0,0,3,0,0,0,0,0,0,0,0,0,0,0,0,0,1,47,2,0,0,0,0,0,0,0,0,0,0,0,0,0,0,0,0,3,13,0,0,1,0,0,3,0,0,0,0,0,0,0,0,0,0,0,0,0,34,1,0,0,0,0,0,0,0,0,0,0,0,0,0,0,0,0,10,-1,-1,-1,-1,-1,-1,-1,-1,-1,-1,-1,-1,-1,-1,-1,-1,-1,-1,-1,-1,0,0.17308099999999998,0,1299,-1,-1,1,6,2,889,1,0,0,0,0,0
1,0,0,0,0,0,0,0,0,0,0,0,0,0,0,0,0,1,12,1,0,0,0,0,0,0,0,0,0,0,0,0,0,0,0,0,5,12,0,0,-1,-1,-1,-1,-1,-1,-1,-1,-1,-1,-1,-1,-1,-1,-1,-1,-1,-1,-1,-1,-1,-1,-1,-1,-1,-1,-1,-1,-1,-1,-1,-1,-1,-1,-1,-1,-1,-1,-1,-1,-1,-1,-1,-1,-1,-1,-1,-1,-1,-1,-1,-1,-1,-1,-1,-1,0,0.332946,0,13335,74,290,2,2,0,294,1,0,0,0,0,1
2,0,0,0,0,0,0,0,0,0,0,0,0,0,0,0,0,1,15,2,0,0,0,0,0,0,0,0,0,0,0,0,0,0,0,0,4,15,0,0,-1,-1,-1,-1,-1,-1,-1,-1,-1,-1,-1,-1,-1,-1,-1,-1,-1,-1,-1,-1,-1,-1,-1,-1,-1,-1,-1,-1,-1,-1,-1,-1,-1,-1,-1,-1,-1,-1,-1,-1,-1,-1,-1,-1,-1,-1,-1,-1,-1,-1,-1,-1,-1,-1,-1,-1,0,0.5539350000000001,0,36444,5895,313,1,5,7,3507,1,3,0,0,0,0
2,0,0,2,0,0,0,0,0,0,0,0,0,0,0,0,0,1,35,2,0,0,0,0,0,0,0,0,0,0,0,0,0,0,0,0,8,27,0,0,0,0,0,2,0,0,0,0,0,0,0,0,0,0,0,0,0,8,0,0,0,0,0,0,0,0,0,0,0,0,0,0,0,0,0,0,-1,-1,-1,-1,-1,-1,-1,-1,-1,-1,-1,-1,-1,-1,-1,-1,-1,-1,-1,-1,0,0.6427970000000001,0,47583,-1,-1,1,1,1,51,1,0,0,0,0,1
2,0,0,1,0,0,0,0,0,0,0,0,0,0,0,0,0,1,20,2,0,0,0,0,0,0,0,0,0,0,0,0,0,0,0,0,7,19,0,0,0,0,0,1,0,0,0,0,0,0,0,0,0,0,0,0,0,1,0,0,0,0,0,0,0,0,0,0,0,0,0,0,0,0,0,0,-1,-1,-1,-1,-1,-1,-1,-1,-1,-1,-1,-1,-1,-1,-1,-1,-1,-1,-1,-1,0,0.382486,0,13335,-1,-1,5,2,0,297,1,0,0,0,0,1
2,0,0,3,0,0,0,0,0,0,0,0,0,0,0,0,0,1,46,2,0,0,0,0,0,0,0,0,0,0,0,0,0,0,0,0,9,28,0,0,0,0,0,3,0,0,0,0,0,0,0,0,0,0,0,0,0,18,0,0,0,0,0,0,0,0,0,0,0,0,0,0,0,0,0,2,-1,-1,-1,-1,-1,-1,-1,-1,-1,-1,-1,-1,-1,-1,-1,-1,-1,-1,-1,-1,0,0.238246,0,55053,-1,-1,1,2,1,1497,1,0,0,0,0,0
14,1,0,5,1,6,0,10,0,0,0,0,0,0,0,0,0,1,227,1,0,0,0,0,0,0,0,0,0,0,0,0,0,0,0,0,4,15,0,0,1,1,0,5,0,0,0,0,0,0,0,0,0,0,0,0,0,38,1,0,0,0,0,0,0,0,0,0,0,0,0,0,0,0,0,7,12,0,0,0,1,6,0,10,0,0,0,0,0,0,0,0,0,174,0,3,0,1.898881,1,46606,3310,341,1,2,1,11954,1,1,0,0,0,1
2,0,0,0,0,0,0,0,0,0,0,0,0,0,0,0,0,1,15,2,0,0,0,0,0,0,0,0,0,0,0,0,0,0,0,0,4,15,0,0,-1,-1,-1,-1,-1,-1,-1,-1,-1,-1,-1,-1,-1,-1,-1,-1,-1,-1,-1,-1,-1,-1,-1,-1,-1,-1,-1,-1,-1,-1,-1,-1,-1,-1,-1,-1,-1,-1,-1,-1,-1,-1,-1,-1,-1,-1,-1,-1,-1,-1,-1,-1,-1,-1,-1,-1,0,0.135156,0,19324,4592,57,1,2,0,299,0,0,0,0,0,0
1,0,0,3,0,0,0,0,0,0,0,0,0,0,0,0,0,1,38,1,0,0,0,0,0,0,0,0,0,0,0,0,0,0,0,0,6,17,0,0,0,0,0,3,0,0,0,0,0,0,0,0,0,0,0,0,0,21,0,0,0,0,0,0,0,0,0,0,0,0,0,0,0,0,0,0,-1,-1,-1,-1,-1,-1,-1,-1,-1,-1,-1,-1,-1,-1,-1,-1,-1,-1,-1,-1,0,0.825309,1,20013,2033,157,1,2,1,11509,1,0,0,0,0,1
2,0,0,0,0,0,0,0,0,0,0,0,0,0,0,0,0,1,25,2,0,0,0,0,0,0,0,0,0,0,0,0,0,0,0,0,6,25,0,0,-1,-1,-1,-1,-1,-1,-1,-1,-1,-1,-1,-1,-1,-1,-1,-1,-1,-1,-1,-1,-1,-1,-1,-1,-1,-1,-1,-1,-1,-1,-1,-1,-1,-1,-1,-1,-1,-1,-1,-1,-1,-1,-1,-1,-1,-1,-1,-1,-1,-1,-1,-1,-1,-1,-1,-1,0,0.458623,0,40263,1842,348,1,4,1,21597,0,1,0,0,0,0
2,0,0,0,0,0,0,0,0,0,0,0,0,0,0,0,0,1,14,2,0,0,0,0,0,0,0,0,0,0,0,0,0,0,0,0,4,14,0,0,-1,-1,-1,-1,-1,-1,-1,-1,-1,-1,-1,-1,-1,-1,-1,-1,-1,-1,-1,-1,-1,-1,-1,-1,-1,-1,-1,-1,-1,-1,-1,-1,-1,-1,-1,-1,-1,-1,-1,-1,-1,-1,-1,-1,-1,-1,-1,-1,-1,-1,-1,-1,-1,-1,-1,-1,0,0.122928,0,19324,5339,139,1,2,0,299,0,0,0,0,0,0
2,0,0,3,0,0,0,0,0,0,0,0,0,0,0,0,0,1,44,1,0,0,0,0,0,0,0,0,0,0,0,0,0,0,0,0,6,21,0,0,1,0,0,3,0,0,0,0,0,0,0,0,0,0,0,0,0,23,1,0,0,0,0,0,0,0,0,0,0,0,0,0,0,0,0,10,-1,-1,-1,-1,-1,-1,-1,-1,-1,-1,-1,-1,-1,-1,-1,-1,-1,-1,-1,-1,0,0.589098,0,26347,3683,333,1,3,2,14399,1,0,0,0,0,1
2,1,0,5,0,0,0,0,0,0,0,0,0,0,0,0,0,1,61,1,0,0,0,0,0,0,0,0,0,0,0,0,0,0,0,0,5,17,0,0,1,1,0,5,0,0,0,0,0,0,0,0,0,0,0,0,0,44,1,0,0,0,0,0,0,0,0,0,0,0,0,0,0,0,0,9,-1,-1,-1,-1,-1,-1,-1,-1,-1,-1,-1,-1,-1,-1,-1,-1,-1,-1,-1,-1,0,0.327874,0,26347,1394,66,1,3,2,14392,0,1,0,0,0,1
2,0,0,0,0,0,0,0,0,0,0,0,0,0,0,0,0,1,20,2,0,0,0,0,0,0,0,0,0,0,0,0,0,0,0,0,7,20,0,0,-1,-1,-1,-1,-1,-1,-1,-1,-1,-1,-1,-1,-1,-1,-1,-1,-1,-1,-1,-1,-1,-1,-1,-1,-1,-1,-1,-1,-1,-1,-1,-1,-1,-1,-1,-1,-1,-1,-1,-1,-1,-1,-1,-1,-1,-1,-1,-1,-1,-1,-1,-1,-1,-1,-1,-1,0,0.232699,0,32787,6629,309,1,7,0,21599,0,2,0,0,0,0
2,0,0,0,0,0,0,0,0,0,0,0,0,0,0,0,0,1,24,2,0,0,0,0,0,0,0,0,0,0,0,0,0,0,0,0,7,24,0,0,-1,-1,-1,-1,-1,-1,-1,-1,-1,-1,-1,-1,-1,-1,-1,-1,-1,-1,-1,-1,-1,-1,-1,-1,-1,-1,-1,-1,-1,-1,-1,-1,-1,-1,-1,-1,-1,-1,-1,-1,-1,-1,-1,-1,-1,-1,-1,-1,-1,-1,-1,-1,-1,-1,-1,-1,0,-1.0,0,-1,2628,293,-1,3,0,-1,0,-1,0,0,0,0
3,2,0,2,0,0,0,0,0,0,0,0,0,0,0,0,0,1,60,3,0,0,0,0,0,0,0,0,0,0,0,0,0,0,0,0,8,26,0,0,0,2,0,2,0,0,0,0,0,0,0,0,0,0,0,0,0,34,0,2,0,0,0,0,0,0,0,0,0,0,0,0,0,0,0,28,-1,-1,-1,-1,-1,-1,-1,-1,-1,-1,-1,-1,-1,-1,-1,-1,-1,-1,-1,-1,0,0.781945,0,3,-1,-1,2,2,3,51,1,0,0,0,0,0
2,0,0,1,0,0,0,0,0,0,0,0,0,0,0,0,0,1,20,2,0,0,0,0,0,0,0,0,0,0,0,0,0,0,0,0,7,19,0,0,0,0,0,1,0,0,0,0,0,0,0,0,0,0,0,0,0,1,0,0,0,0,0,0,0,0,0,0,0,0,0,0,0,0,0,0,-1,-1,-1,-1,-1,-1,-1,-1,-1,-1,-1,-1,-1,-1,-1,-1,-1,-1,-1,-1,0,0.358482,-1,20860,-1,-1,1,4,1,14392,1,0,0,0,0,1
2,0,0,0,0,0,0,0,0,0,0,0,0,0,0,0,0,1,15,2,0,0,0,0,0,0,0,0,0,0,0,0,0,0,0,0,4,15,0,0,-1,-1,-1,-1,-1,-1,-1,-1,-1,-1,-1,-1,-1,-1,-1,-1,-1,-1,-1,-1,-1,-1,-1,-1,-1,-1,-1,-1,-1,-1,-1,-1,-1,-1,-1,-1,-1,-1,-1,-1,-1,-1,-1,-1,-1,-1,-1,-1,-1,-1,-1,-1,-1,-1,-1,-1,0,0.194072,0,24940,6479,96,4,2,1,298,1,0,0,0,0,0
2,0,0,4,0,0,0,0,0,0,0,0,0,0,0,0,0,1,44,1,0,0,0,0,0,0,0,0,0,0,0,0,0,0,0,0,6,17,0,0,1,0,0,4,0,0,0,0,0,0,0,0,0,0,0,0,0,27,1,0,0,0,0,0,0,0,0,0,0,0,0,0,0,0,0,10,-1,-1,-1,-1,-1,-1,-1,-1,-1,-1,-1,-1,-1,-1,-1,-1,-1,-1,-1,-1,0,0.324354,0,19662,4319,63,1,2,1,3585,1,0,0,0,0,1
2,0,1,4,0,2,0,1,0,0,0,0,0,0,0,0,0,1,141,1,0,0,0,0,0,0,0,0,0,0,0,0,0,0,0,0,4,11,0,0,1,0,0,4,0,0,0,0,0,0,0,0,0,0,0,0,0,40,1,0,0,0,0,0,0,0,0,0,0,0,0,0,0,0,0,22,0,0,1,0,0,2,0,1,0,0,0,0,0,0,0,0,0,90,0,2,0,0.419128,-1,16125,974,121,1,2,1,14391,1,0,0,0,0,1
3,1,6,1,0,11,0,7,0,0,0,0,0,0,0,0,8,2,285,1,0,0,0,0,0,0,0,0,0,0,0,0,0,0,0,0,4,15,0,0,0,0,0,1,0,0,0,0,0,0,0,0,0,0,0,0,0,1,0,0,0,0,0,0,0,0,0,0,0,0,0,0,0,0,0,0,2,1,6,0,0,11,0,7,0,0,0,0,0,0,0,0,8,269,1,8,0,0.8081619999999999,1,13335,336,28,2,2,2,297,1,1,0,0,0,1
2,0,0,1,0,0,0,0,0,0,0,0,0,0,0,0,0,1,20,2,0,0,0,0,0,0,0,0,0,0,0,0,0,0,0,0,6,19,0,0,0,0,0,1,0,0,0,0,0,0,0,0,0,0,0,0,0,1,0,0,0,0,0,0,0,0,0,0,0,0,0,0,0,0,0,0,-1,-1,-1,-1,-1,-1,-1,-1,-1,-1,-1,-1,-1,-1,-1,-1,-1,-1,-1,-1,0,9.367638,-1,20860,-1,-1,1,4,1,14383,1,0,0,0,0,1
1,2,1,7,0,0,0,0,0,0,0,0,0,0,0,0,0,1,78,1,0,0,0,0,0,0,0,0,0,0,0,0,0,0,0,0,3,13,0,0,0,2,1,7,0,0,0,0,0,0,0,0,0,0,0,0,0,65,0,0,0,0,0,0,0,0,0,0,0,0,0,0,0,0,0,0,-1,-1,-1,-1,-1,-1,-1,-1,-1,-1,-1,-1,-1,-1,-1,-1,-1,-1,-1,-1,0,0.643009,-1,19551,2113,77,3,2,1,7056,1,0,0,0,0,1
2,1,0,1,0,0,0,0,0,0,0,0,0,0,0,0,0,1,25,2,1,0,0,0,0,0,0,0,0,0,0,0,0,0,0,0,8,24,0,0,0,0,0,1,0,0,0,0,0,0,0,0,0,0,0,0,0,1,0,0,0,0,0,0,0,0,0,0,0,0,0,0,0,0,0,0,-1,-1,-1,-1,-1,-1,-1,-1,-1,-1,-1,-1,-1,-1,-1,-1,-1,-1,-1,-1,0,0.814285,0,7684,702,392,1,4,1,117,0,0,0,0,0,0
1,0,0,1,0,0,0,0,0,0,0,0,0,0,0,0,0,1,10,1,0,0,0,0,0,0,0,0,0,0,0,0,0,0,0,0,3,9,0,0,0,0,0,1,0,0,0,0,0,0,0,0,0,0,0,0,0,1,0,0,0,0,0,0,0,0,0,0,0,0,0,0,0,0,0,0,-1,-1,-1,-1,-1,-1,-1,-1,-1,-1,-1,-1,-1,-1,-1,-1,-1,-1,-1,-1,0,1.990865,1,13335,7731,3590,2,2,3,296,1,0,0,0,0,0
2,0,0,2,0,0,0,0,0,0,0,0,0,0,0,0,0,1,21,2,0,0,0,0,0,0,0,0,0,0,0,0,0,0,0,0,3,14,0,0,0,0,0,2,0,0,0,0,0,0,0,0,0,0,0,0,0,7,0,0,0,0,0,0,0,0,0,0,0,0,0,0,0,0,0,0,-1,-1,-1,-1,-1,-1,-1,-1,-1,-1,-1,-1,-1,-1,-1,-1,-1,-1,-1,-1,0,0.217044,0,395082,6456,117,1,2,2,10156,0,0,0,0,0,0
2,8,0,3,0,0,0,0,0,0,0,0,0,0,0,0,0,1,81,1,0,0,0,0,0,0,0,0,0,0,0,0,0,0,0,0,3,10,0,0,1,8,0,3,0,0,0,0,0,0,0,0,0,0,0,0,0,71,1,8,0,0,0,0,0,0,0,0,0,0,0,0,0,0,0,62,-1,-1,-1,-1,-1,-1,-1,-1,-1,-1,-1,-1,-1,-1,-1,-1,-1,-1,-1,-1,0,0.235527,-1,14618,3310,341,1,4,5,298,0,2,0,0,0,0
3,1,0,2,0,0,0,0,0,0,0,0,0,0,0,0,0,1,38,2,1,0,0,0,0,0,0,0,0,0,0,0,0,0,0,0,6,22,0,0,1,0,0,2,0,0,0,0,0,0,0,0,0,0,0,0,0,16,1,0,0,0,0,0,0,0,0,0,0,0,0,0,0,0,0,11,-1,-1,-1,-1,-1,-1,-1,-1,-1,-1,-1,-1,-1,-1,-1,-1,-1,-1,-1,-1,0,0.916551,-1,9924,3512,507,1,2,1,588,0,0,0,0,0,1
2,0,0,0,0,0,0,0,0,0,0,0,0,0,0,0,0,1,12,2,0,0,0,0,0,0,0,0,0,0,0,0,0,0,0,0,3,12,0,0,-1,-1,-1,-1,-1,-1,-1,-1,-1,-1,-1,-1,-1,-1,-1,-1,-1,-1,-1,-1,-1,-1,-1,-1,-1,-1,-1,-1,-1,-1,-1,-1,-1,-1,-1,-1,-1,-1,-1,-1,-1,-1,-1,-1,-1,-1,-1,-1,-1,-1,-1,-1,-1,-1,-1,-1,0,2.406292,0,25459,6674,2091,1,2,1,599,0,0,0,0,0,0
3,0,0,0,0,0,0,0,0,0,0,0,0,0,0,0,0,1,25,3,0,0,0,0,0,0,0,0,0,0,0,0,0,0,0,0,9,25,0,0,-1,-1,-1,-1,-1,-1,-1,-1,-1,-1,-1,-1,-1,-1,-1,-1,-1,-1,-1,-1,-1,-1,-1,-1,-1,-1,-1,-1,-1,-1,-1,-1,-1,-1,-1,-1,-1,-1,-1,-1,-1,-1,-1,-1,-1,-1,-1,-1,-1,-1,-1,-1,-1,-1,-1,-1,0,0.188705,0,30627,-1,-1,2,6,1,199,0,1,0,0,0,0
1,0,0,1,0,0,0,0,0,0,0,0,0,0,0,0,0,1,12,1,0,0,0,0,0,0,0,0,0,0,0,0,0,0,0,0,0,6,0,0,0,0,0,1,0,0,0,0,0,0,0,0,0,0,0,0,0,6,0,0,0,0,0,0,0,0,0,0,0,0,0,0,0,0,0,5,-1,-1,-1,-1,-1,-1,-1,-1,-1,-1,-1,-1,-1,-1,-1,-1,-1,-1,-1,-1,0,0.089839,-1,12876,2012,178,1,2,1,2854,0,0,0,0,1,1
3,0,0,1,0,0,0,0,0,0,0,0,0,0,0,0,0,1,32,2,0,0,0,0,0,0,0,0,0,0,0,0,0,0,0,0,7,19,0,0,1,0,0,1,0,0,0,0,0,0,0,0,0,0,0,0,0,13,1,0,0,0,0,0,0,0,0,0,0,0,0,0,0,0,0,12,-1,-1,-1,-1,-1,-1,-1,-1,-1,-1,-1,-1,-1,-1,-1,-1,-1,-1,-1,-1,0,0.161448,0,30848,-1,-1,1,2,1,3592,0,0,0,0,0,1
1,1,0,2,0,0,0,0,0,0,0,0,0,0,0,0,0,1,26,1,1,0,0,0,0,0,0,0,0,0,0,0,0,0,0,0,5,18,0,0,0,0,0,2,0,0,0,0,0,0,0,0,0,0,0,0,0,8,0,0,0,0,0,0,0,0,0,0,0,0,0,0,0,0,0,0,-1,-1,-1,-1,-1,-1,-1,-1,-1,-1,-1,-1,-1,-1,-1,-1,-1,-1,-1,-1,0,1.180829,1,26496,4579,168,1,2,1,10794,1,0,0,0,0,1
1,9,0,5,0,0,0,0,0,0,0,0,0,0,0,0,0,1,77,1,0,0,0,0,0,0,0,0,0,0,0,0,0,0,0,0,3,12,0,0,0,9,0,5,0,0,0,0,0,0,0,0,0,0,0,0,0,65,0,0,0,0,0,0,0,0,0,0,0,0,0,0,0,0,0,0,-1,-1,-1,-1,-1,-1,-1,-1,-1,-1,-1,-1,-1,-1,-1,-1,-1,-1,-1,-1,0,0.470375,0,47583,2383,172,1,4,1,14370,1,0,0,0,0,0
1,0,0,1,0,0,0,0,0,0,0,0,0,0,0,0,0,1,12,1,0,0,0,0,0,0,0,0,0,0,0,0,0,0,0,0,4,11,0,0,0,0,0,1,0,0,0,0,0,0,0,0,0,0,0,0,0,1,0,0,0,0,0,0,0,0,0,0,0,0,0,0,0,0,0,0,-1,-1,-1,-1,-1,-1,-1,-1,-1,-1,-1,-1,-1,-1,-1,-1,-1,-1,-1,-1,0,0.106262,-1,13335,1996,194,2,2,4,291,1,1,0,0,0,0
3,0,0,1,0,0,0,0,0,0,0,0,0,0,0,0,0,1,20,3,0,0,0,0,0,0,0,0,0,0,0,0,0,0,0,0,7,19,0,0,0,0,0,1,0,0,0,0,0,0,0,0,0,0,0,0,0,1,0,0,0,0,0,0,0,0,0,0,0,0,0,0,0,0,0,0,-1,-1,-1,-1,-1,-1,-1,-1,-1,-1,-1,-1,-1,-1,-1,-1,-1,-1,-1,-1,0,-1.0,0,13768,-1,-1,1,2,1,14398,0,-1,0,0,0,0
2,0,0,3,0,0,0,0,0,0,0,0,0,0,0,0,0,1,61,2,0,0,0,0,0,0,0,0,0,0,0,0,0,0,0,0,3,17,0,0,0,0,0,3,0,0,0,0,0,0,0,0,0,0,0,0,0,44,0,0,0,0,0,0,0,0,0,0,0,0,0,0,0,0,0,32,-1,-1,-1,-1,-1,-1,-1,-1,-1,-1,-1,-1,-1,-1,-1,-1,-1,-1,-1,-1,0,0.73482,1,3595,2975,310,1,2,1,2912,1,0,0,0,0,1
1,0,0,1,0,0,0,0,0,0,0,0,0,0,0,0,0,1,17,1,0,0,0,0,0,0,0,0,0,0,0,0,0,0,0,0,7,16,0,0,0,0,0,1,0,0,0,0,0,0,0,0,0,0,0,0,0,1,0,0,0,0,0,0,0,0,0,0,0,0,0,0,0,0,0,0,-1,-1,-1,-1,-1,-1,-1,-1,-1,-1,-1,-1,-1,-1,-1,-1,-1,-1,-1,-1,0,0.912334,-1,20013,1970,1681,1,2,1,7874,1,0,0,0,0,0
1,0,0,0,0,0,0,0,0,0,0,0,0,0,0,0,0,1,10,1,0,0,0,0,0,0,0,0,0,0,0,0,0,0,0,0,4,10,0,0,-1,-1,-1,-1,-1,-1,-1,-1,-1,-1,-1,-1,-1,-1,-1,-1,-1,-1,-1,-1,-1,-1,-1,-1,-1,-1,-1,-1,-1,-1,-1,-1,-1,-1,-1,-1,-1,-1,-1,-1,-1,-1,-1,-1,-1,-1,-1,-1,-1,-1,-1,-1,-1,-1,-1,-1,0,-1.0,0,13335,5062,415,2,2,7,282,0,-1,0,0,0,0
2,0,0,1,0,0,0,0,0,0,0,0,0,0,0,0,0,1,23,2,0,0,0,0,0,0,0,0,0,0,0,0,0,0,0,0,6,22,0,0,0,0,0,1,0,0,0,0,0,0,0,0,0,0,0,0,0,1,0,0,0,0,0,0,0,0,0,0,0,0,0,0,0,0,0,0,-1,-1,-1,-1,-1,-1,-1,-1,-1,-1,-1,-1,-1,-1,-1,-1,-1,-1,-1,-1,0,0.663144,0,133618,125,239,1,2,1,3598,0,1,0,0,0,0
3,0,0,0,0,0,0,0,0,0,0,0,0,0,0,0,0,1,17,3,0,0,0,0,0,0,0,0,0,0,0,0,0,0,0,0,5,17,0,0,-1,-1,-1,-1,-1,-1,-1,-1,-1,-1,-1,-1,-1,-1,-1,-1,-1,-1,-1,-1,-1,-1,-1,-1,-1,-1,-1,-1,-1,-1,-1,-1,-1,-1,-1,-1,-1,-1,-1,-1,-1,-1,-1,-1,-1,-1,-1,-1,-1,-1,-1,-1,-1,-1,-1,-1,0,-1.0,0,-1,-1,-1,-1,4,5,-1,0,-1,0,0,0,0
2,0,0,2,0,0,0,0,0,0,0,0,0,0,0,0,0,1,32,2,0,0,0,0,0,0,0,0,0,0,0,0,0,0,0,0,8,22,0,0,0,0,0,2,0,0,0,0,0,0,0,0,0,0,0,0,0,10,0,0,0,0,0,0,0,0,0,0,0,0,0,0,0,0,0,0,-1,-1,-1,-1,-1,-1,-1,-1,-1,-1,-1,-1,-1,-1,-1,-1,-1,-1,-1,-1,0,3.866551,1,20013,1879,311,1,2,1,14372,1,0,0,0,0,1
3,0,2,1,0,0,0,0,0,0,0,0,0,0,0,0,0,1,54,2,0,0,0,0,0,0,0,0,0,0,0,0,0,0,0,0,5,23,0,0,1,0,2,1,0,0,0,0,0,0,0,0,0,0,0,0,0,31,1,0,2,0,0,0,0,0,0,0,0,0,0,0,0,0,0,30,-1,-1,-1,-1,-1,-1,-1,-1,-1,-1,-1,-1,-1,-1,-1,-1,-1,-1,-1,-1,0,4.713793,0,26496,-1,-1,1,2,2,593,0,-1,0,0,0,1
2,0,0,0,0,0,0,0,0,0,0,0,0,0,0,0,0,1,17,2,0,0,0,0,0,0,0,0,0,0,0,0,0,0,0,0,5,17,0,0,-1,-1,-1,-1,-1,-1,-1,-1,-1,-1,-1,-1,-1,-1,-1,-1,-1,-1,-1,-1,-1,-1,-1,-1,-1,-1,-1,-1,-1,-1,-1,-1,-1,-1,-1,-1,-1,-1,-1,-1,-1,-1,-1,-1,-1,-1,-1,-1,-1,-1,-1,-1,-1,-1,-1,-1,0,0.622179,0,38700,6445,128,1,2,3,420,0,2,0,0,0,0
1,0,0,3,0,0,0,0,0,0,0,0,0,0,0,0,0,1,24,1,0,0,0,0,0,0,0,0,0,0,0,0,0,0,0,0,4,12,0,0,0,0,0,3,0,0,0,0,0,0,0,0,0,0,0,0,0,12,0,0,0,0,0,0,0,0,0,0,0,0,0,0,0,0,0,0,-1,-1,-1,-1,-1,-1,-1,-1,-1,-1,-1,-1,-1,-1,-1,-1,-1,-1,-1,-1,0,0.5989270000000001,1,26496,1303,157,1,2,1,9131,0,0,0,0,0,1
2,0,0,5,0,0,0,0,0,0,0,0,0,0,0,0,0,1,40,1,0,0,0,0,0,0,0,0,0,0,0,0,0,0,0,0,2,7,0,0,1,0,0,5,0,0,0,0,0,0,0,0,0,0,0,0,0,33,1,0,0,0,0,0,0,0,0,0,0,0,0,0,0,0,0,9,-1,-1,-1,-1,-1,-1,-1,-1,-1,-1,-1,-1,-1,-1,-1,-1,-1,-1,-1,-1,0,2.772323,1,46606,1405,55,1,2,5,14387,1,0,0,0,0,1
3,1,0,1,0,0,0,0,0,0,0,0,0,0,0,0,0,1,39,2,1,0,0,0,0,0,0,0,0,0,0,0,0,0,0,0,5,19,0,0,1,0,0,1,0,0,0,0,0,0,0,0,0,0,0,0,0,20,1,0,0,0,0,0,0,0,0,0,0,0,0,0,0,0,0,19,-1,-1,-1,-1,-1,-1,-1,-1,-1,-1,-1,-1,-1,-1,-1,-1,-1,-1,-1,-1,0,0.066475,0,-1,-1,-1,1,4,1,14383,0,0,0,0,0,1
2,0,0,1,0,0,0,0,0,0,0,0,0,0,0,0,0,1,32,2,0,0,0,0,0,0,0,0,0,0,0,0,0,0,0,0,11,31,0,0,0,0,0,1,0,0,0,0,0,0,0,0,0,0,0,0,0,1,0,0,0,0,0,0,0,0,0,0,0,0,0,0,0,0,0,0,-1,-1,-1,-1,-1,-1,-1,-1,-1,-1,-1,-1,-1,-1,-1,-1,-1,-1,-1,-1,0,0.36498,0,13335,-1,-1,5,2,0,296,1,1,0,0,0,1
2,0,0,0,0,0,0,0,0,0,0,0,0,0,0,0,0,1,16,2,0,0,0,0,0,0,0,0,0,0,0,0,0,0,0,0,5,16,0,0,-1,-1,-1,-1,-1,-1,-1,-1,-1,-1,-1,-1,-1,-1,-1,-1,-1,-1,-1,-1,-1,-1,-1,-1,-1,-1,-1,-1,-1,-1,-1,-1,-1,-1,-1,-1,-1,-1,-1,-1,-1,-1,-1,-1,-1,-1,-1,-1,-1,-1,-1,-1,-1,-1,-1,-1,0,-1.0,0,-1,-1,-1,-1,4,0,-1,0,-1,0,0,0,0
3,1,0,6,0,0,0,0,0,0,0,0,0,0,0,0,3,1,82,2,0,0,0,0,0,0,0,0,0,0,0,0,0,0,0,0,3,11,0,0,1,1,0,6,0,0,0,0,0,0,0,0,0,0,0,0,3,71,1,1,0,0,0,0,0,0,0,0,0,0,0,0,0,0,3,37,-1,-1,-1,-1,-1,-1,-1,-1,-1,-1,-1,-1,-1,-1,-1,-1,-1,-1,-1,-1,0,0.097209,0,34010,-1,-1,1,5,1,231,0,0,0,0,0,1
2,1,1,4,0,1,0,0,0,0,0,0,0,0,0,0,0,1,70,2,0,0,0,0,0,0,0,0,0,0,0,0,0,0,0,0,6,16,0,0,0,1,0,4,0,0,0,0,0,0,0,0,0,0,0,0,0,41,0,0,0,0,0,0,0,0,0,0,0,0,0,0,0,0,0,4,0,0,1,0,0,1,0,0,0,0,0,0,0,0,0,0,0,13,0,1,0,0.225592,-1,15169,-1,-1,1,4,5,89,1,0,0,0,0,1
4,0,0,1,0,0,0,0,0,0,0,0,0,0,0,0,0,0,20,3,0,0,0,0,0,0,0,0,0,0,0,0,0,0,0,0,0,13,1,0,1,0,0,1,0,0,0,0,0,0,0,0,0,0,0,0,0,7,1,0,0,0,0,0,0,0,0,0,0,0,0,0,0,0,0,6,-1,-1,-1,-1,-1,-1,-1,-1,-1,-1,-1,-1,-1,-1,-1,-1,-1,-1,-1,-1,0,0.481159,0,37963,-1,-1,1,4,0,0,0,0,0,0,0,1
1,0,0,2,0,0,0,0,0,0,0,0,0,0,0,0,0,1,20,1,0,0,0,0,0,0,0,0,0,0,0,0,0,0,0,0,5,16,0,0,0,0,0,2,0,0,0,0,0,0,0,0,0,0,0,0,0,4,0,0,0,0,0,0,0,0,0,0,0,0,0,0,0,0,0,0,-1,-1,-1,-1,-1,-1,-1,-1,-1,-1,-1,-1,-1,-1,-1,-1,-1,-1,-1,-1,0,-1.0,0,-1,-1,-1,-1,4,0,-1,0,-1,0,0,0,1
2,0,0,3,0,0,0,0,0,0,0,0,0,0,0,0,0,1,41,2,0,0,0,0,0,0,0,0,0,0,0,0,0,0,0,0,4,17,0,0,0,0,0,3,0,0,0,0,0,0,0,0,0,0,0,0,0,24,0,0,0,0,0,0,0,0,0,0,0,0,0,0,0,0,0,0,-1,-1,-1,-1,-1,-1,-1,-1,-1,-1,-1,-1,-1,-1,-1,-1,-1,-1,-1,-1,0,0.543195,0,26347,4282,100,1,3,2,1611,0,0,0,0,0,1
2,1,1,3,0,1,0,0,0,0,0,0,0,0,0,0,0,1,50,2,0,0,0,0,0,0,0,0,0,0,0,0,0,0,0,0,6,16,0,0,0,1,0,3,0,0,0,0,0,0,0,0,0,0,0,0,0,23,0,0,0,0,0,0,0,0,0,0,0,0,0,0,0,0,0,0,0,0,1,0,0,1,0,0,0,0,0,0,0,0,0,0,0,11,0,1,0,0.171401,0,15169,-1,-1,1,4,5,236,1,0,0,0,0,1
2,0,0,0,0,0,0,0,0,0,0,0,0,0,0,0,0,1,18,2,0,0,0,0,0,0,0,0,0,0,0,0,0,0,0,0,4,18,0,0,-1,-1,-1,-1,-1,-1,-1,-1,-1,-1,-1,-1,-1,-1,-1,-1,-1,-1,-1,-1,-1,-1,-1,-1,-1,-1,-1,-1,-1,-1,-1,-1,-1,-1,-1,-1,-1,-1,-1,-1,-1,-1,-1,-1,-1,-1,-1,-1,-1,-1,-1,-1,-1,-1,-1,-1,0,0.724544,0,13911,6176,397,1,3,1,3599,0,0,0,0,0,0
2,1,0,1,0,0,0,0,0,0,0,0,0,0,0,0,0,1,18,2,1,0,0,0,0,0,0,0,0,0,0,0,0,0,0,0,6,17,0,0,0,0,0,1,0,0,0,0,0,0,0,0,0,0,0,0,0,1,0,0,0,0,0,0,0,0,0,0,0,0,0,0,0,0,0,0,-1,-1,-1,-1,-1,-1,-1,-1,-1,-1,-1,-1,-1,-1,-1,-1,-1,-1,-1,-1,0,0.144309,0,16509,-1,-1,1,4,0,291,1,0,0,0,0,1
1,0,0,0,0,0,0,0,0,0,0,0,0,0,0,0,0,1,16,1,0,0,0,0,0,0,0,0,0,0,0,0,0,0,0,0,5,16,0,0,-1,-1,-1,-1,-1,-1,-1,-1,-1,-1,-1,-1,-1,-1,-1,-1,-1,-1,-1,-1,-1,-1,-1,-1,-1,-1,-1,-1,-1,-1,-1,-1,-1,-1,-1,-1,-1,-1,-1,-1,-1,-1,-1,-1,-1,-1,-1,-1,-1,-1,-1,-1,-1,-1,-1,-1,0,0.377989,1,16509,1600,1321,4,4,5,52,1,1,0,0,0,0
2,0,0,2,0,0,0,0,0,0,0,0,0,0,0,0,2,1,44,1,0,0,0,0,0,0,0,0,0,0,0,0,0,0,0,0,2,10,0,0,1,0,0,2,0,0,0,0,0,0,0,0,0,0,0,0,2,34,1,0,0,0,0,0,0,0,0,0,0,0,0,0,0,0,2,29,-1,-1,-1,-1,-1,-1,-1,-1,-1,-1,-1,-1,-1,-1,-1,-1,-1,-1,-1,-1,0,-1.0,0,-1,-1,-1,-1,4,0,-1,0,-1,0,0,0,1
3,0,0,2,0,0,0,0,0,0,0,0,0,0,0,0,0,1,29,2,0,0,0,0,0,0,0,0,0,0,0,0,0,0,0,0,3,15,0,0,1,0,0,2,0,0,0,0,0,0,0,0,0,0,0,0,0,14,1,0,0,0,0,0,0,0,0,0,0,0,0,0,0,0,0,9,-1,-1,-1,-1,-1,-1,-1,-1,-1,-1,-1,-1,-1,-1,-1,-1,-1,-1,-1,-1,0,1.073182,0,55293,3074,578,1,2,5,3598,0,0,0,0,0,1
3,0,0,1,0,0,0,0,0,0,0,0,0,0,0,0,0,1,36,2,0,0,0,0,0,0,0,0,0,0,0,0,0,0,0,0,10,26,0,0,1,0,0,1,0,0,0,0,0,0,0,0,0,0,0,0,0,10,1,0,0,0,0,0,0,0,0,0,0,0,0,0,0,0,0,9,-1,-1,-1,-1,-1,-1,-1,-1,-1,-1,-1,-1,-1,-1,-1,-1,-1,-1,-1,-1,0,0.345168,0,47583,-1,-1,1,4,1,530,0,0,0,0,0,1
2,0,1,2,0,2,0,1,0,0,0,0,0,0,0,0,0,1,131,1,0,0,0,0,0,0,0,0,0,0,0,0,0,0,0,0,4,13,0,0,1,0,0,2,0,0,0,0,0,0,0,0,0,0,0,0,0,28,1,0,0,0,0,0,0,0,0,0,0,0,0,0,0,0,0,22,0,0,1,0,0,2,0,1,0,0,0,0,0,0,0,0,0,90,0,2,0,0.858958,1,26496,1035,425,1,2,1,8517,0,0,0,0,0,1
3,1,0,2,0,1,0,0,0,0,0,0,0,0,0,0,0,1,123,2,0,0,0,0,0,0,0,0,0,0,0,0,0,0,0,0,5,16,0,0,1,0,0,2,0,0,0,0,0,0,0,0,0,0,0,0,0,24,1,0,0,0,0,0,0,0,0,0,0,0,0,0,0,0,0,17,0,1,0,0,0,1,0,0,0,0,0,0,0,0,0,0,0,83,0,1,0,0.268002,0,8075,-1,-1,1,7,0,292,1,0,0,0,0,1
2,0,0,0,0,0,0,0,0,0,0,0,0,0,0,0,0,1,21,2,0,0,0,0,0,0,0,0,0,0,0,0,0,0,0,0,5,21,0,0,-1,-1,-1,-1,-1,-1,-1,-1,-1,-1,-1,-1,-1,-1,-1,-1,-1,-1,-1,-1,-1,-1,-1,-1,-1,-1,-1,-1,-1,-1,-1,-1,-1,-1,-1,-1,-1,-1,-1,-1,-1,-1,-1,-1,-1,-1,-1,-1,-1,-1,-1,-1,-1,-1,-1,-1,0,0.386818,0,15169,-1,-1,1,4,0,209,1,0,0,0,0,0
3,1,1,2,0,0,0,0,0,0,0,0,0,0,0,0,0,1,44,2,1,0,0,0,0,0,0,0,0,0,0,0,0,0,0,0,5,19,0,0,1,0,1,2,0,0,0,0,0,0,0,0,0,0,0,0,0,25,1,0,0,0,0,0,0,0,0,0,0,0,0,0,0,0,0,13,-1,-1,-1,-1,-1,-1,-1,-1,-1,-1,-1,-1,-1,-1,-1,-1,-1,-1,-1,-1,0,0.123399,0,286,-1,-1,1,2,2,736,1,0,0,0,0,1
3,0,0,1,0,0,0,0,0,0,0,0,0,0,0,0,0,1,26,3,0,0,0,0,0,0,0,0,0,0,0,0,0,0,0,0,7,25,0,0,0,0,0,1,0,0,0,0,0,0,0,0,0,0,0,0,0,1,0,0,0,0,0,0,0,0,0,0,0,0,0,0,0,0,0,0,-1,-1,-1,-1,-1,-1,-1,-1,-1,-1,-1,-1,-1,-1,-1,-1,-1,-1,-1,-1,0,-1.0,0,-1,-1,-1,-1,6,0,-1,0,-1,0,0,0,0
3,1,0,5,0,0,0,0,0,0,0,0,0,0,0,0,0,1,50,2,0,0,0,0,0,0,0,0,0,0,0,0,0,0,0,0,6,14,0,0,1,1,0,5,0,0,0,0,0,0,0,0,0,0,0,0,0,36,1,0,0,0,0,0,0,0,0,0,0,0,0,0,0,0,0,11,-1,-1,-1,-1,-1,-1,-1,-1,-1,-1,-1,-1,-1,-1,-1,-1,-1,-1,-1,-1,0,3.470392,0,24446,-1,-1,1,2,1,5823,1,0,0,0,0,1
1,0,0,1,0,0,0,0,0,0,0,0,0,0,0,0,0,1,13,1,0,0,0,0,0,0,0,0,0,0,0,0,0,0,0,0,5,12,0,0,0,0,0,1,0,0,0,0,0,0,0,0,0,0,0,0,0,1,0,0,0,0,0,0,0,0,0,0,0,0,0,0,0,0,0,0,-1,-1,-1,-1,-1,-1,-1,-1,-1,-1,-1,-1,-1,-1,-1,-1,-1,-1,-1,-1,0,0.157855,0,34119,-1,-1,1,4,0,21592,0,0,0,0,0,1
1,0,0,2,0,0,0,0,0,0,0,0,0,0,0,0,0,1,25,1,0,0,0,0,0,0,0,0,0,0,0,0,0,0,0,0,4,12,0,0,0,0,0,2,0,0,0,0,0,0,0,0,0,0,0,0,0,13,0,0,0,0,0,0,0,0,0,0,0,0,0,0,0,0,0,3,-1,-1,-1,-1,-1,-1,-1,-1,-1,-1,-1,-1,-1,-1,-1,-1,-1,-1,-1,-1,0,0.154924,0,3595,1445,15,1,2,1,14316,0,1,0,0,0,1
3,0,0,4,0,0,0,0,0,0,0,0,0,0,0,0,0,1,51,2,0,0,0,0,0,0,0,0,0,0,0,0,0,0,0,0,8,24,0,0,1,0,0,4,0,0,0,0,0,0,0,0,0,0,0,0,0,27,1,0,0,0,0,0,0,0,0,0,0,0,0,0,0,0,0,15,-1,-1,-1,-1,-1,-1,-1,-1,-1,-1,-1,-1,-1,-1,-1,-1,-1,-1,-1,-1,0,0.812823,0,24122,-1,-1,1,2,1,3589,1,0,0,0,0,0
2,0,5,2,0,0,0,0,0,0,0,0,0,0,0,0,0,1,72,2,0,0,0,0,0,0,0,0,0,0,0,0,0,0,0,0,6,20,0,0,0,0,5,2,0,0,0,0,0,0,0,0,0,0,0,0,0,52,0,0,5,0,0,0,0,0,0,0,0,0,0,0,0,0,0,39,-1,-1,-1,-1,-1,-1,-1,-1,-1,-1,-1,-1,-1,-1,-1,-1,-1,-1,-1,-1,0,0.423312,0,-1,3891,126,4,4,1,599,1,0,0,0,0,0
14,0,0,2,1,9,0,12,0,0,0,0,0,0,0,0,0,1,274,1,0,0,0,0,0,0,0,0,0,0,0,0,0,0,0,0,4,16,0,0,1,0,0,2,0,0,0,0,0,0,0,0,0,0,0,0,0,12,1,0,0,0,0,0,0,0,0,0,0,0,0,0,0,0,0,6,12,0,0,0,1,6,0,10,0,0,0,0,0,0,0,0,0,214,0,3,0,-1.0,0,24703,-1,-1,1,4,0,194,0,-1,0,0,0,1
2,1,0,2,0,0,0,0,0,0,0,0,0,0,0,0,0,1,28,2,1,0,0,0,0,0,0,0,0,0,0,0,0,0,0,0,6,22,0,0,0,0,0,2,0,0,0,0,0,0,0,0,0,0,0,0,0,6,0,0,0,0,0,0,0,0,0,0,0,0,0,0,0,0,0,0,-1,-1,-1,-1,-1,-1,-1,-1,-1,-1,-1,-1,-1,-1,-1,-1,-1,-1,-1,-1,0,0.526774,0,46606,-1,-1,1,2,1,14382,0,0,0,0,0,1
2,0,0,0,0,0,0,0,0,0,0,0,0,0,0,0,0,1,16,2,0,0,0,0,0,0,0,0,0,0,0,0,0,0,0,0,5,16,0,0,-1,-1,-1,-1,-1,-1,-1,-1,-1,-1,-1,-1,-1,-1,-1,-1,-1,-1,-1,-1,-1,-1,-1,-1,-1,-1,-1,-1,-1,-1,-1,-1,-1,-1,-1,-1,-1,-1,-1,-1,-1,-1,-1,-1,-1,-1,-1,-1,-1,-1,-1,-1,-1,-1,-1,-1,0,0.226748,0,14618,1856,334,2,4,0,50,0,1,0,0,0,0
1,0,0,2,0,0,0,0,0,0,0,0,0,0,0,0,0,1,17,1,0,0,0,0,0,0,0,0,0,0,0,0,0,0,0,0,4,13,0,0,0,0,0,2,0,0,0,0,0,0,0,0,0,0,0,0,0,4,0,0,0,0,0,0,0,0,0,0,0,0,0,0,0,0,0,0,-1,-1,-1,-1,-1,-1,-1,-1,-1,-1,-1,-1,-1,-1,-1,-1,-1,-1,-1,-1,0,0.288937,0,14061,4663,84,1,2,2,591,0,0,0,0,0,1
2,0,0,0,0,0,0,0,0,0,0,0,0,0,0,0,0,1,20,2,0,0,0,0,0,0,0,0,0,0,0,0,0,0,0,0,5,20,0,0,-1,-1,-1,-1,-1,-1,-1,-1,-1,-1,-1,-1,-1,-1,-1,-1,-1,-1,-1,-1,-1,-1,-1,-1,-1,-1,-1,-1,-1,-1,-1,-1,-1,-1,-1,-1,-1,-1,-1,-1,-1,-1,-1,-1,-1,-1,-1,-1,-1,-1,-1,-1,-1,-1,-1,-1,0,0.495486,0,53824,6813,126,1,2,2,3599,0,0,1,0,0,0
1,1,1,3,0,0,0,0,0,0,0,0,0,0,0,0,0,1,37,1,1,0,0,0,0,0,0,0,0,0,0,0,0,0,0,0,6,15,0,0,0,0,1,3,0,0,0,0,0,0,0,0,0,0,0,0,0,22,0,0,0,0,0,0,0,0,0,0,0,0,0,0,0,0,0,0,-1,-1,-1,-1,-1,-1,-1,-1,-1,-1,-1,-1,-1,-1,-1,-1,-1,-1,-1,-1,0,1.226148,-1,17971,711,18,1,2,1,14389,1,2,0,0,0,1
2,0,0,4,0,0,0,0,0,0,0,0,0,0,0,0,0,1,41,1,0,0,0,0,0,0,0,0,0,0,0,0,0,0,0,0,1,7,0,0,1,0,0,4,0,0,0,0,0,0,0,0,0,0,0,0,0,34,1,0,0,0,0,0,0,0,0,0,0,0,0,0,0,0,0,5,-1,-1,-1,-1,-1,-1,-1,-1,-1,-1,-1,-1,-1,-1,-1,-1,-1,-1,-1,-1,0,0.23637,1,29791,8722,407,1,4,1,19,1,0,0,0,0,0
3,0,1,8,0,0,0,0,0,0,0,0,0,0,0,0,0,1,72,3,0,0,0,0,0,0,0,0,0,0,0,0,0,0,0,0,5,23,0,0,0,0,1,8,0,0,0,0,0,0,0,0,0,0,0,0,0,49,0,0,0,0,0,0,0,0,0,0,0,0,0,0,0,0,0,8,-1,-1,-1,-1,-1,-1,-1,-1,-1,-1,-1,-1,-1,-1,-1,-1,-1,-1,-1,-1,0,0.137527,0,47544,8056,343,1,2,5,3585,0,1,0,0,0,1
2,0,0,3,0,0,0,0,0,0,0,0,0,0,0,0,0,1,41,1,0,0,0,0,0,0,0,0,0,0,0,0,0,0,0,0,7,22,0,0,1,0,0,3,0,0,0,0,0,0,0,0,0,0,0,0,0,19,1,0,0,0,0,0,0,0,0,0,0,0,0,0,0,0,0,9,-1,-1,-1,-1,-1,-1,-1,-1,-1,-1,-1,-1,-1,-1,-1,-1,-1,-1,-1,-1,0,0.474228,-1,36024,1661,164,1,2,1,4917,0,0,0,0,0,1
4,0,1,2,0,0,0,0,0,0,0,0,0,0,0,0,0,1,41,3,0,0,0,0,0,0,0,0,0,0,0,0,0,0,0,0,6,21,0,0,1,0,1,2,0,0,0,0,0,0,0,0,0,0,0,0,0,20,1,0,0,0,0,0,0,0,0,0,0,0,0,0,0,0,0,9,-1,-1,-1,-1,-1,-1,-1,-1,-1,-1,-1,-1,-1,-1,-1,-1,-1,-1,-1,-1,0,-1.0,0,-1,-1,-1,-1,6,0,-1,0,-1,0,0,0,0
2,1,0,3,0,0,0,0,0,0,0,0,0,0,0,0,0,1,56,1,0,0,0,0,0,0,0,0,0,0,0,0,0,0,0,0,12,26,0,0,1,1,0,3,0,0,0,0,0,0,0,0,0,0,0,0,0,30,1,0,0,0,0,0,0,0,0,0,0,0,0,0,0,0,0,10,-1,-1,-1,-1,-1,-1,-1,-1,-1,-1,-1,-1,-1,-1,-1,-1,-1,-1,-1,-1,0,1.46285,-1,20738,1357,103,1,4,3,14388,0,0,0,0,0,1
2,0,0,1,0,0,0,0,0,0,0,0,0,0,0,0,0,1,20,2,0,0,0,0,0,0,0,0,0,0,0,0,0,0,0,0,5,19,0,0,0,0,0,1,0,0,0,0,0,0,0,0,0,0,0,0,0,1,0,0,0,0,0,0,0,0,0,0,0,0,0,0,0,0,0,0,-1,-1,-1,-1,-1,-1,-1,-1,-1,-1,-1,-1,-1,-1,-1,-1,-1,-1,-1,-1,0,1.885478,-1,53055,986,109,1,3,1,14380,1,2,0,0,0,1
1,0,0,1,0,0,0,0,0,0,0,0,0,0,0,0,0,1,12,1,0,0,0,0,0,0,0,0,0,0,0,0,0,0,0,0,1,7,0,0,0,0,0,1,0,0,0,0,0,0,0,0,0,0,0,0,0,5,0,0,0,0,0,0,0,0,0,0,0,0,0,0,0,0,0,4,-1,-1,-1,-1,-1,-1,-1,-1,-1,-1,-1,-1,-1,-1,-1,-1,-1,-1,-1,-1,0,0.198481,-1,13335,2668,253,2,2,3,280,1,3,0,0,1,1
2,0,0,3,0,0,0,0,0,0,0,0,0,0,0,0,0,1,52,2,0,0,0,0,0,0,0,0,0,0,0,0,0,0,0,0,6,16,0,0,0,0,0,3,0,0,0,0,0,0,0,0,0,0,0,0,0,36,0,0,0,0,0,0,0,0,0,0,0,0,0,0,0,0,0,0,-1,-1,-1,-1,-1,-1,-1,-1,-1,-1,-1,-1,-1,-1,-1,-1,-1,-1,-1,-1,0,0.282376,0,15169,-1,-1,1,4,5,292,1,0,0,0,0,1
2,1,1,9,0,0,0,0,0,0,0,0,0,0,0,0,0,1,95,2,0,0,0,0,0,0,0,0,0,0,0,0,0,0,0,0,11,29,0,0,0,1,1,9,0,0,0,0,0,0,0,0,0,0,0,0,0,66,0,0,0,0,0,0,0,0,0,0,0,0,0,0,0,0,0,0,-1,-1,-1,-1,-1,-1,-1,-1,-1,-1,-1,-1,-1,-1,-1,-1,-1,-1,-1,-1,0,0.367827,-1,16276,7,357,1,2,1,14394,0,0,0,0,0,1
4,6,0,3,0,0,0,0,0,0,0,0,0,0,0,0,0,1,94,3,0,0,0,0,0,0,0,0,0,0,0,0,0,0,0,0,14,41,0,0,1,6,0,3,0,0,0,0,0,0,0,0,0,0,0,0,0,53,1,6,0,0,0,0,0,0,0,0,0,0,0,0,0,0,0,44,-1,-1,-1,-1,-1,-1,-1,-1,-1,-1,-1,-1,-1,-1,-1,-1,-1,-1,-1,-1,0,0.5306270000000001,0,15169,-1,-1,1,4,0,282,1,4,0,0,0,1
2,0,1,5,0,0,0,0,0,0,0,0,0,0,0,0,0,1,63,1,0,0,0,0,0,0,0,0,0,0,0,0,0,0,0,0,8,20,0,0,1,0,1,5,0,0,0,0,0,0,0,0,0,0,0,0,0,43,1,0,0,0,0,0,0,0,0,0,0,0,0,0,0,0,0,11,-1,-1,-1,-1,-1,-1,-1,-1,-1,-1,-1,-1,-1,-1,-1,-1,-1,-1,-1,-1,0,9.768535,-1,26496,5221,256,1,3,1,1768,1,0,0,0,0,1
2,0,0,2,0,0,0,0,0,0,0,0,0,0,0,0,0,1,33,2,0,0,0,0,0,0,0,0,0,0,0,0,0,0,0,0,6,16,0,0,0,0,0,2,0,0,0,0,0,0,0,0,0,0,0,0,0,17,0,0,0,0,0,0,0,0,0,0,0,0,0,0,0,0,0,11,-1,-1,-1,-1,-1,-1,-1,-1,-1,-1,-1,-1,-1,-1,-1,-1,-1,-1,-1,-1,0,0.26045,0,15169,-1,-1,1,4,5,178,1,1,0,0,0,1
1,0,0,1,0,0,0,0,0,0,0,0,0,0,0,0,0,1,13,1,0,0,0,0,0,0,0,0,0,0,0,0,0,0,0,0,5,12,0,0,0,0,0,1,0,0,0,0,0,0,0,0,0,0,0,0,0,1,0,0,0,0,0,0,0,0,0,0,0,0,0,0,0,0,0,0,-1,-1,-1,-1,-1,-1,-1,-1,-1,-1,-1,-1,-1,-1,-1,-1,-1,-1,-1,-1,0,6.338911,-1,16276,1678,147,1,2,1,12916,0,0,0,0,0,0
4,1,0,3,1,2,0,0,0,0,0,0,0,0,0,0,0,1,77,1,1,0,0,0,0,0,0,0,0,0,0,0,0,0,0,0,7,22,0,0,1,0,0,3,0,0,0,0,0,0,0,0,0,0,0,0,0,19,1,0,0,0,0,0,0,0,0,0,0,0,0,0,0,0,0,6,2,0,0,0,1,2,0,0,0,0,0,0,0,0,0,0,0,36,0,1,0,0.929655,1,20013,1486,339,1,2,1,61,1,1,0,0,0,1
1,0,0,1,0,0,0,0,0,0,0,0,0,0,0,0,0,1,12,1,0,0,0,0,0,0,0,0,0,0,0,0,0,0,0,0,1,7,0,0,0,0,0,1,0,0,0,0,0,0,0,0,0,0,0,0,0,5,0,0,0,0,0,0,0,0,0,0,0,0,0,0,0,0,0,4,-1,-1,-1,-1,-1,-1,-1,-1,-1,-1,-1,-1,-1,-1,-1,-1,-1,-1,-1,-1,0,0.163894,-1,13335,2668,253,2,2,3,244,1,3,0,0,1,1
1,10,0,5,0,0,0,0,0,0,0,0,0,0,0,0,0,1,80,1,0,0,0,0,0,0,0,0,0,0,0,0,0,0,0,0,3,12,0,0,0,10,0,5,0,0,0,0,0,0,0,0,0,0,0,0,0,68,0,0,0,0,0,0,0,0,0,0,0,0,0,0,0,0,0,0,-1,-1,-1,-1,-1,-1,-1,-1,-1,-1,-1,-1,-1,-1,-1,-1,-1,-1,-1,-1,0,0.409037,0,47583,2382,173,1,4,1,14393,1,0,0,0,0,0
1,1,0,2,0,0,0,0,0,0,0,0,0,0,0,0,0,1,21,1,1,0,0,0,0,0,0,0,0,0,0,0,0,0,0,0,6,16,0,0,0,0,0,2,0,0,0,0,0,0,0,0,0,0,0,0,0,5,0,0,0,0,0,0,0,0,0,0,0,0,0,0,0,0,0,0,-1,-1,-1,-1,-1,-1,-1,-1,-1,-1,-1,-1,-1,-1,-1,-1,-1,-1,-1,-1,0,0.982945,1,46606,66,298,1,2,5,51,1,0,0,0,0,1
4,0,0,0,0,0,0,0,0,0,0,0,0,0,0,0,0,1,24,4,0,0,0,0,0,0,0,0,0,0,0,0,0,0,0,0,7,24,0,0,-1,-1,-1,-1,-1,-1,-1,-1,-1,-1,-1,-1,-1,-1,-1,-1,-1,-1,-1,-1,-1,-1,-1,-1,-1,-1,-1,-1,-1,-1,-1,-1,-1,-1,-1,-1,-1,-1,-1,-1,-1,-1,-1,-1,-1,-1,-1,-1,-1,-1,-1,-1,-1,-1,-1,-1,0,2.404089,1,11921,8164,-1,1,2,1,14374,0,-1,0,0,0,0
13,0,0,5,0,4,0,9,0,0,0,0,0,0,0,0,0,1,238,1,0,0,0,0,0,0,0,0,0,0,0,0,0,0,0,0,7,18,0,0,1,0,0,5,0,0,0,0,0,0,0,0,0,0,0,0,0,43,1,0,0,0,0,0,0,0,0,0,0,0,0,0,0,0,0,7,11,0,0,0,0,4,0,9,0,0,0,0,0,0,0,0,0,177,0,3,0,0.324929,0,19662,1285,175,1,2,1,3437,0,0,0,0,0,1
3,0,1,1,0,0,0,0,0,0,0,0,0,0,0,0,1,1,66,2,0,0,0,0,0,0,0,0,0,0,0,0,0,0,0,0,9,33,0,0,1,0,1,1,0,0,0,0,0,0,0,0,0,0,0,0,1,33,1,0,1,0,0,0,0,0,0,0,0,0,0,0,0,0,1,32,-1,-1,-1,-1,-1,-1,-1,-1,-1,-1,-1,-1,-1,-1,-1,-1,-1,-1,-1,-1,0,0.615081,0,47583,-1,-1,1,1,1,51,1,0,0,0,0,1
6,4,0,4,0,2,1,1,0,0,0,0,0,0,0,0,0,2,87,3,0,0,0,0,0,0,0,0,0,0,0,0,0,0,0,0,4,17,0,0,0,2,0,4,0,0,0,0,0,0,0,0,0,0,0,0,0,18,0,0,0,0,0,0,0,0,0,0,0,0,0,0,0,0,0,0,3,2,0,0,0,2,1,1,0,0,0,0,0,0,0,0,0,52,1,2,1,0.73032,0,3786,-1,-1,1,4,1,1352,0,0,0,0,0,1
2,0,0,0,0,0,0,0,0,0,0,0,0,0,0,0,0,1,16,2,0,0,0,0,0,0,0,0,0,0,0,0,0,0,0,0,3,16,0,0,-1,-1,-1,-1,-1,-1,-1,-1,-1,-1,-1,-1,-1,-1,-1,-1,-1,-1,-1,-1,-1,-1,-1,-1,-1,-1,-1,-1,-1,-1,-1,-1,-1,-1,-1,-1,-1,-1,-1,-1,-1,-1,-1,-1,-1,-1,-1,-1,-1,-1,-1,-1,-1,-1,-1,-1,0,0.987286,1,26496,8267,865,1,2,2,592,1,0,0,0,0,0
3,0,0,0,0,0,0,0,0,0,0,0,0,0,0,0,0,1,24,3,0,0,0,0,0,0,0,0,0,0,0,0,0,0,0,0,6,24,0,0,-1,-1,-1,-1,-1,-1,-1,-1,-1,-1,-1,-1,-1,-1,-1,-1,-1,-1,-1,-1,-1,-1,-1,-1,-1,-1,-1,-1,-1,-1,-1,-1,-1,-1,-1,-1,-1,-1,-1,-1,-1,-1,-1,-1,-1,-1,-1,-1,-1,-1,-1,-1,-1,-1,-1,-1,0,2.616927,0,1547,-1,-1,1,4,7,3593,0,1,0,0,0,0
2,1,0,1,0,0,0,0,0,0,0,0,0,0,0,0,0,1,16,2,1,0,0,0,0,0,0,0,0,0,0,0,0,0,0,0,3,15,0,0,0,0,0,1,0,0,0,0,0,0,0,0,0,0,0,0,0,1,0,0,0,0,0,0,0,0,0,0,0,0,0,0,0,0,0,0,-1,-1,-1,-1,-1,-1,-1,-1,-1,-1,-1,-1,-1,-1,-1,-1,-1,-1,-1,-1,0,0.448878,0,-1,-1,-1,1,2,2,299,1,0,0,0,0,0
2,1,0,3,0,0,0,0,0,0,0,0,0,0,0,0,0,1,43,1,0,0,0,0,0,0,0,0,0,0,0,0,0,0,0,0,7,19,0,0,1,1,0,3,0,0,0,0,0,0,0,0,0,0,0,0,0,24,1,0,0,0,0,0,0,0,0,0,0,0,0,0,0,0,0,9,-1,-1,-1,-1,-1,-1,-1,-1,-1,-1,-1,-1,-1,-1,-1,-1,-1,-1,-1,-1,0,0.345063,0,26496,1848,342,1,2,0,589,0,2,0,0,0,1
1,1,0,1,0,0,0,0,0,0,0,0,0,0,0,0,0,1,10,1,1,0,0,0,0,0,0,0,0,0,0,0,0,0,0,0,3,9,0,0,0,0,0,1,0,0,0,0,0,0,0,0,0,0,0,0,0,1,0,0,0,0,0,0,0,0,0,0,0,0,0,0,0,0,0,0,-1,-1,-1,-1,-1,-1,-1,-1,-1,-1,-1,-1,-1,-1,-1,-1,-1,-1,-1,-1,0,2.133925,1,13335,1663,162,2,2,1,289,1,-1,0,0,0,0
1,1,0,1,0,0,0,0,0,0,0,0,0,0,0,0,0,1,13,1,1,0,0,0,0,0,0,0,0,0,0,0,0,0,0,0,2,7,0,0,0,0,0,1,0,0,0,0,0,0,0,0,0,0,0,0,0,6,0,0,0,0,0,0,0,0,0,0,0,0,0,0,0,0,0,5,-1,-1,-1,-1,-1,-1,-1,-1,-1,-1,-1,-1,-1,-1,-1,-1,-1,-1,-1,-1,0,1.479231,0,13335,379,350,2,2,0,291,1,3,0,0,0,1
1,1,0,3,0,0,0,0,0,0,0,0,0,0,0,0,0,1,30,1,1,0,0,0,0,0,0,0,0,0,0,0,0,0,0,0,7,17,0,0,0,0,0,3,0,0,0,0,0,0,0,0,0,0,0,0,0,13,0,0,0,0,0,0,0,0,0,0,0,0,0,0,0,0,0,0,-1,-1,-1,-1,-1,-1,-1,-1,-1,-1,-1,-1,-1,-1,-1,-1,-1,-1,-1,-1,0,2.694136,1,20013,2323,232,1,2,1,14386,1,0,0,0,0,1
1,1,0,1,0,0,0,0,0,0,0,0,0,0,0,0,0,1,23,1,1,0,0,0,0,0,0,0,0,0,0,0,0,0,0,0,6,22,0,0,0,0,0,1,0,0,0,0,0,0,0,0,0,0,0,0,0,1,0,0,0,0,0,0,0,0,0,0,0,0,0,0,0,0,0,0,-1,-1,-1,-1,-1,-1,-1,-1,-1,-1,-1,-1,-1,-1,-1,-1,-1,-1,-1,-1,0,0.144725,0,13335,-1,-1,2,2,0,290,1,0,0,0,0,1
3,1,0,4,0,0,0,0,0,0,0,0,0,0,0,0,0,1,53,2,0,0,0,0,0,0,0,0,0,0,0,0,0,0,0,0,8,24,0,0,1,1,0,4,0,0,0,0,0,0,0,0,0,0,0,0,0,29,1,0,0,0,0,0,0,0,0,0,0,0,0,0,0,0,0,11,-1,-1,-1,-1,-1,-1,-1,-1,-1,-1,-1,-1,-1,-1,-1,-1,-1,-1,-1,-1,0,-1.0,0,51167,1956,234,1,3,1,17133,0,0,0,0,0,1
2,0,0,0,0,0,0,0,0,0,0,0,0,0,0,0,0,1,14,2,0,0,0,0,0,0,0,0,0,0,0,0,0,0,0,0,2,14,0,0,-1,-1,-1,-1,-1,-1,-1,-1,-1,-1,-1,-1,-1,-1,-1,-1,-1,-1,-1,-1,-1,-1,-1,-1,-1,-1,-1,-1,-1,-1,-1,-1,-1,-1,-1,-1,-1,-1,-1,-1,-1,-1,-1,-1,-1,-1,-1,-1,-1,-1,-1,-1,-1,-1,-1,-1,0,0.113028,0,8972,2951,2527,1,2,1,9923,1,0,0,0,0,0
3,0,4,3,0,2,0,1,0,0,0,0,0,0,0,0,0,1,144,2,0,0,0,0,0,0,0,0,0,0,0,0,0,0,0,0,9,23,0,0,1,0,0,3,0,0,0,0,0,0,0,0,0,0,0,0,0,29,1,0,0,0,0,0,0,0,0,0,0,0,0,0,0,0,0,18,0,0,4,0,0,2,0,1,0,0,0,0,0,0,0,0,0,92,0,2,0,-1.0,0,-1,-1,-1,-1,0,0,-1,0,-1,0,0,0,1
3,2,0,1,0,0,0,0,0,0,0,0,0,0,0,0,0,1,40,2,2,0,0,0,0,0,0,0,0,0,0,0,0,0,0,0,8,27,0,0,1,0,0,1,0,0,0,0,0,0,0,0,0,0,0,0,0,13,1,0,0,0,0,0,0,0,0,0,0,0,0,0,0,0,0,12,-1,-1,-1,-1,-1,-1,-1,-1,-1,-1,-1,-1,-1,-1,-1,-1,-1,-1,-1,-1,0,0.178011,0,-1,-1,-1,1,4,1,14398,0,0,0,0,0,1
2,1,0,8,0,0,0,0,0,0,0,0,0,0,0,0,0,1,74,2,0,0,0,0,0,0,0,0,0,0,0,0,0,0,0,0,6,18,0,0,0,1,0,8,0,0,0,0,0,0,0,0,0,0,0,0,0,56,0,0,0,0,0,0,0,0,0,0,0,0,0,0,0,0,0,0,-1,-1,-1,-1,-1,-1,-1,-1,-1,-1,-1,-1,-1,-1,-1,-1,-1,-1,-1,-1,0,0.110833,0,19551,5351,127,2,2,1,14397,0,0,0,0,0,1
1,2,0,2,0,0,0,0,0,0,0,0,0,0,0,0,0,1,31,1,2,0,0,0,0,0,0,0,0,0,0,0,0,0,0,0,10,26,0,0,0,0,0,2,0,0,0,0,0,0,0,0,0,0,0,0,0,5,0,0,0,0,0,0,0,0,0,0,0,0,0,0,0,0,0,0,-1,-1,-1,-1,-1,-1,-1,-1,-1,-1,-1,-1,-1,-1,-1,-1,-1,-1,-1,-1,0,0.785321,1,46606,50,314,1,2,5,42,1,1,0,0,0,1
1,0,0,2,0,1,0,0,0,0,0,0,0,0,0,0,0,1,21,1,0,0,0,0,0,0,0,0,0,0,0,0,0,0,0,0,3,11,0,0,0,0,0,2,0,0,0,0,0,0,0,0,0,0,0,0,0,4,0,0,0,0,0,0,0,0,0,0,0,0,0,0,0,0,0,0,0,0,0,0,0,1,0,0,0,0,0,0,0,0,0,0,0,6,0,1,0,0.81797,0,4835,3850,167,1,4,0,88,0,0,0,0,0,1
1,0,0,2,0,0,0,0,0,0,0,0,0,0,0,0,0,1,39,1,0,0,0,0,0,0,0,0,0,0,0,0,0,0,0,0,10,33,0,0,0,0,0,2,0,0,0,0,0,0,0,0,0,0,0,0,0,6,0,0,0,0,0,0,0,0,0,0,0,0,0,0,0,0,0,0,-1,-1,-1,-1,-1,-1,-1,-1,-1,-1,-1,-1,-1,-1,-1,-1,-1,-1,-1,-1,0,1.149989,1,20013,2142,48,1,2,1,14393,0,0,0,0,0,1
2,0,0,3,0,0,0,0,0,0,0,0,0,0,0,0,0,1,38,2,0,0,0,0,0,0,0,0,0,0,0,0,0,0,0,0,6,16,0,0,0,0,0,3,0,0,0,0,0,0,0,0,0,0,0,0,0,22,0,0,0,0,0,0,0,0,0,0,0,0,0,0,0,0,0,0,-1,-1,-1,-1,-1,-1,-1,-1,-1,-1,-1,-1,-1,-1,-1,-1,-1,-1,-1,-1,0,0.258912,0,15169,-1,-1,1,4,5,185,1,0,0,0,0,1
2,0,0,3,0,0,0,0,0,0,0,0,0,0,0,0,0,1,32,1,0,0,0,0,0,0,0,0,0,0,0,0,0,0,0,0,4,12,0,0,1,0,0,3,0,0,0,0,0,0,0,0,0,0,0,0,0,20,1,0,0,0,0,0,0,0,0,0,0,0,0,0,0,0,0,9,-1,-1,-1,-1,-1,-1,-1,-1,-1,-1,-1,-1,-1,-1,-1,-1,-1,-1,-1,-1,0,0.588827,1,20013,3777,239,1,2,1,14390,1,0,0,0,0,1
2,0,0,3,0,0,0,0,0,0,0,0,0,0,0,0,0,1,41,2,0,0,0,0,0,0,0,0,0,0,0,0,0,0,0,0,6,16,0,0,0,0,0,3,0,0,0,0,0,0,0,0,0,0,0,0,0,25,0,0,0,0,0,0,0,0,0,0,0,0,0,0,0,0,0,0,-1,-1,-1,-1,-1,-1,-1,-1,-1,-1,-1,-1,-1,-1,-1,-1,-1,-1,-1,-1,0,0.188582,0,15169,-1,-1,1,4,5,127,1,0,0,0,0,1
2,0,0,1,0,0,0,0,0,0,0,0,0,0,0,0,0,1,19,2,0,0,0,0,0,0,0,0,0,0,0,0,0,0,0,0,5,18,0,0,0,0,0,1,0,0,0,0,0,0,0,0,0,0,0,0,0,1,0,0,0,0,0,0,0,0,0,0,0,0,0,0,0,0,0,0,-1,-1,-1,-1,-1,-1,-1,-1,-1,-1,-1,-1,-1,-1,-1,-1,-1,-1,-1,-1,0,1.46009,1,22612,4413,334,1,2,6,69,0,0,0,0,0,0
2,0,0,0,0,0,0,0,0,0,0,0,0,0,0,0,0,1,21,2,0,0,0,0,0,0,0,0,0,0,0,0,0,0,0,0,8,21,0,0,-1,-1,-1,-1,-1,-1,-1,-1,-1,-1,-1,-1,-1,-1,-1,-1,-1,-1,-1,-1,-1,-1,-1,-1,-1,-1,-1,-1,-1,-1,-1,-1,-1,-1,-1,-1,-1,-1,-1,-1,-1,-1,-1,-1,-1,-1,-1,-1,-1,-1,-1,-1,-1,-1,-1,-1,0,0.771984,0,14061,6372,201,1,3,0,3599,0,0,0,0,0,0
2,2,0,0,0,0,0,0,0,0,0,0,0,0,0,0,0,1,30,2,2,0,0,0,0,0,0,0,0,0,0,0,0,0,0,0,11,30,0,0,-1,-1,-1,-1,-1,-1,-1,-1,-1,-1,-1,-1,-1,-1,-1,-1,-1,-1,-1,-1,-1,-1,-1,-1,-1,-1,-1,-1,-1,-1,-1,-1,-1,-1,-1,-1,-1,-1,-1,-1,-1,-1,-1,-1,-1,-1,-1,-1,-1,-1,-1,-1,-1,-1,-1,-1,0,0.404028,0,15169,-1,-1,1,4,0,125,1,0,0,0,0,0
2,0,0,0,0,0,0,0,0,0,0,0,0,0,0,0,0,1,16,2,0,0,0,0,0,0,0,0,0,0,0,0,0,0,0,0,3,16,0,0,-1,-1,-1,-1,-1,-1,-1,-1,-1,-1,-1,-1,-1,-1,-1,-1,-1,-1,-1,-1,-1,-1,-1,-1,-1,-1,-1,-1,-1,-1,-1,-1,-1,-1,-1,-1,-1,-1,-1,-1,-1,-1,-1,-1,-1,-1,-1,-1,-1,-1,-1,-1,-1,-1,-1,-1,0,0.491964,-1,198849,6205,1829,1,4,2,21599,1,1,0,0,0,0
2,1,0,0,0,0,0,0,0,0,0,0,0,0,0,0,0,1,25,2,1,0,0,0,0,0,0,0,0,0,0,0,0,0,0,0,8,25,0,0,-1,-1,-1,-1,-1,-1,-1,-1,-1,-1,-1,-1,-1,-1,-1,-1,-1,-1,-1,-1,-1,-1,-1,-1,-1,-1,-1,-1,-1,-1,-1,-1,-1,-1,-1,-1,-1,-1,-1,-1,-1,-1,-1,-1,-1,-1,-1,-1,-1,-1,-1,-1,-1,-1,-1,-1,0,0.129983,1,49981,2912,9,5,2,1,299,1,1,0,0,0,0
1,1,0,1,0,0,0,0,0,0,0,0,0,0,0,0,0,1,58,1,0,0,0,0,0,0,0,0,0,0,0,0,0,0,0,0,5,14,0,0,0,1,0,1,0,0,0,0,0,0,0,0,0,0,0,0,0,44,0,1,0,0,0,0,0,0,0,0,0,0,0,0,0,0,0,43,-1,-1,-1,-1,-1,-1,-1,-1,-1,-1,-1,-1,-1,-1,-1,-1,-1,-1,-1,-1,0,0.301425,0,13335,143,221,2,2,1,291,1,0,0,0,0,1
2,0,3,3,0,0,0,0,0,0,0,0,0,0,0,0,0,1,80,2,0,0,0,0,0,0,0,0,0,0,0,0,0,0,0,0,5,18,0,0,0,0,0,3,0,0,0,0,0,0,0,0,0,0,0,0,0,43,0,0,0,0,0,0,0,0,0,0,0,0,0,0,0,0,0,32,-1,-1,-1,-1,-1,-1,-1,-1,-1,-1,-1,-1,-1,-1,-1,-1,-1,-1,-1,-1,0,0.495154,0,8075,-1,-1,1,2,1,53,1,0,0,0,0,1
1,0,0,0,0,0,0,0,0,0,0,0,0,0,0,0,0,1,9,1,0,0,0,0,0,0,0,0,0,0,0,0,0,0,0,0,3,9,0,0,-1,-1,-1,-1,-1,-1,-1,-1,-1,-1,-1,-1,-1,-1,-1,-1,-1,-1,-1,-1,-1,-1,-1,-1,-1,-1,-1,-1,-1,-1,-1,-1,-1,-1,-1,-1,-1,-1,-1,-1,-1,-1,-1,-1,-1,-1,-1,-1,-1,-1,-1,-1,-1,-1,-1,-1,0,0.584415,-1,57487,5586,257,1,2,1,3580,1,1,0,0,0,0
3,0,5,5,0,0,0,0,0,0,0,0,0,0,0,0,0,1,84,2,0,0,0,0,0,0,0,0,0,0,0,0,0,0,0,0,1,11,0,0,1,0,5,5,0,0,0,0,0,0,0,0,0,0,0,0,0,73,1,0,5,0,0,0,0,0,0,0,0,0,0,0,0,0,0,51,-1,-1,-1,-1,-1,-1,-1,-1,-1,-1,-1,-1,-1,-1,-1,-1,-1,-1,-1,-1,0,0.5188649999999999,0,-1,10672,283,4,4,2,137,1,1,0,0,0,0
2,6,0,12,1,5,0,4,0,0,0,0,0,0,0,0,0,1,264,1,0,0,0,0,0,0,0,0,0,0,0,0,0,0,0,0,3,10,0,0,1,5,0,12,0,0,0,0,0,0,0,0,0,0,0,0,0,169,1,0,0,0,0,0,0,0,0,0,0,0,0,0,0,0,0,9,0,1,0,0,1,5,0,4,0,0,0,0,0,0,0,0,0,85,0,4,0,3.382092,1,26496,1482,709,1,2,1,10724,0,1,0,0,0,1
2,0,0,1,0,0,0,0,0,0,0,0,0,0,0,0,0,1,23,2,0,0,0,0,0,0,0,0,0,0,0,0,0,0,0,0,7,22,0,0,0,0,0,1,0,0,0,0,0,0,0,0,0,0,0,0,0,1,0,0,0,0,0,0,0,0,0,0,0,0,0,0,0,0,0,0,-1,-1,-1,-1,-1,-1,-1,-1,-1,-1,-1,-1,-1,-1,-1,-1,-1,-1,-1,-1,0,0.370115,0,15169,-1,-1,1,4,0,12,1,0,0,0,0,0
2,0,0,7,0,0,0,0,0,0,0,0,0,0,0,0,1,1,60,1,0,0,0,0,0,0,0,0,0,0,0,0,0,0,0,0,6,17,0,0,1,0,0,7,0,0,0,0,0,0,0,0,0,0,0,0,1,43,1,0,0,0,0,0,0,0,0,0,0,0,0,0,0,0,0,9,-1,-1,-1,-1,-1,-1,-1,-1,-1,-1,-1,-1,-1,-1,-1,-1,-1,-1,-1,-1,0,1.746319,-1,18229,3257,394,1,2,5,14389,1,0,0,0,0,1
3,1,0,3,0,0,0,0,0,0,0,0,0,0,0,0,0,2,38,2,1,0,0,0,0,0,0,0,0,0,0,0,0,0,0,0,3,14,0,0,1,0,0,3,0,0,0,0,0,0,0,0,0,0,0,0,0,24,1,0,0,0,0,0,0,0,0,0,0,0,0,0,0,0,0,7,-1,-1,-1,-1,-1,-1,-1,-1,-1,-1,-1,-1,-1,-1,-1,-1,-1,-1,-1,-1,0,1.464756,-1,14061,7455,579,1,3,2,2796,1,1,0,0,0,0
2,0,0,1,0,0,0,0,0,0,0,0,0,0,0,0,0,1,27,2,0,0,0,0,0,0,0,0,0,0,0,0,0,0,0,0,8,26,0,0,0,0,0,1,0,0,0,0,0,0,0,0,0,0,0,0,0,1,0,0,0,0,0,0,0,0,0,0,0,0,0,0,0,0,0,0,-1,-1,-1,-1,-1,-1,-1,-1,-1,-1,-1,-1,-1,-1,-1,-1,-1,-1,-1,-1,0,0.353312,0,13335,-1,-1,5,2,0,286,1,1,0,0,0,1
2,0,0,0,0,0,0,0,0,0,0,0,0,0,0,0,0,1,15,2,0,0,0,0,0,0,0,0,0,0,0,0,0,0,0,0,4,15,0,0,-1,-1,-1,-1,-1,-1,-1,-1,-1,-1,-1,-1,-1,-1,-1,-1,-1,-1,-1,-1,-1,-1,-1,-1,-1,-1,-1,-1,-1,-1,-1,-1,-1,-1,-1,-1,-1,-1,-1,-1,-1,-1,-1,-1,-1,-1,-1,-1,-1,-1,-1,-1,-1,-1,-1,-1,0,0.147841,0,26415,7506,162,1,5,0,663,0,1,0,0,0,0
2,0,0,1,0,0,0,0,0,0,0,0,0,0,0,0,0,1,15,2,0,0,0,0,0,0,0,0,0,0,0,0,0,0,0,0,3,14,0,0,0,0,0,1,0,0,0,0,0,0,0,0,0,0,0,0,0,1,0,0,0,0,0,0,0,0,0,0,0,0,0,0,0,0,0,0,-1,-1,-1,-1,-1,-1,-1,-1,-1,-1,-1,-1,-1,-1,-1,-1,-1,-1,-1,-1,0,0.16106900000000002,-1,60781,3504,147,1,3,1,14392,1,0,0,0,0,0
1,0,0,5,0,0,0,0,0,0,0,0,0,0,0,0,0,1,67,1,0,0,0,0,0,0,0,0,0,0,0,0,0,0,0,0,10,27,0,0,0,0,0,5,0,0,0,0,0,0,0,0,0,0,0,0,0,40,0,0,0,0,0,0,0,0,0,0,0,0,0,0,0,0,0,0,-1,-1,-1,-1,-1,-1,-1,-1,-1,-1,-1,-1,-1,-1,-1,-1,-1,-1,-1,-1,0,0.93804,0,19994,6056,152,1,2,1,3596,0,0,0,0,0,1
2,0,0,2,0,0,0,0,0,0,0,0,0,0,0,0,0,1,31,1,0,0,0,0,0,0,0,0,0,0,0,0,0,0,0,0,7,17,0,0,1,0,0,2,0,0,0,0,0,0,0,0,0,0,0,0,0,14,1,0,0,0,0,0,0,0,0,0,0,0,0,0,0,0,0,6,-1,-1,-1,-1,-1,-1,-1,-1,-1,-1,-1,-1,-1,-1,-1,-1,-1,-1,-1,-1,0,0.17441099999999998,0,36024,2936,716,1,2,2,588,0,1,0,0,0,1
1,0,0,0,0,0,0,0,0,0,0,0,0,0,0,0,0,1,9,1,0,0,0,0,0,0,0,0,0,0,0,0,0,0,0,0,4,9,0,0,-1,-1,-1,-1,-1,-1,-1,-1,-1,-1,-1,-1,-1,-1,-1,-1,-1,-1,-1,-1,-1,-1,-1,-1,-1,-1,-1,-1,-1,-1,-1,-1,-1,-1,-1,-1,-1,-1,-1,-1,-1,-1,-1,-1,-1,-1,-1,-1,-1,-1,-1,-1,-1,-1,-1,-1,0,0.5946520000000001,0,197068,6375,200,1,6,2,49,1,1,0,0,0,0
2,0,0,2,0,0,0,0,0,0,0,0,0,0,0,0,0,1,25,2,0,0,0,0,0,0,0,0,0,0,0,0,0,0,0,0,3,10,0,0,0,0,0,2,0,0,0,0,0,0,0,0,0,0,0,0,0,15,0,0,0,0,0,0,0,0,0,0,0,0,0,0,0,0,0,5,-1,-1,-1,-1,-1,-1,-1,-1,-1,-1,-1,-1,-1,-1,-1,-1,-1,-1,-1,-1,0,0.658428,0,24446,-1,-1,1,2,1,14356,0,1,0,0,0,1
2,0,0,1,0,0,0,0,0,0,0,0,0,0,0,0,0,1,25,2,0,0,0,0,0,0,0,0,0,0,0,0,0,0,0,0,3,17,0,0,0,0,0,1,0,0,0,0,0,0,0,0,0,0,0,0,0,8,0,0,0,0,0,0,0,0,0,0,0,0,0,0,0,0,0,7,-1,-1,-1,-1,-1,-1,-1,-1,-1,-1,-1,-1,-1,-1,-1,-1,-1,-1,-1,-1,0,0.413457,1,3595,2975,310,1,2,1,2669,1,2,0,0,0,1
1,0,0,0,0,0,0,0,0,0,0,0,0,0,0,0,0,1,12,1,0,0,0,0,0,0,0,0,0,0,0,0,0,0,0,0,3,12,0,0,-1,-1,-1,-1,-1,-1,-1,-1,-1,-1,-1,-1,-1,-1,-1,-1,-1,-1,-1,-1,-1,-1,-1,-1,-1,-1,-1,-1,-1,-1,-1,-1,-1,-1,-1,-1,-1,-1,-1,-1,-1,-1,-1,-1,-1,-1,-1,-1,-1,-1,-1,-1,-1,-1,-1,-1,0,1.04437,0,13335,7,357,2,2,0,293,0,0,0,0,0,1
3,0,0,4,0,0,0,0,0,0,0,0,0,0,0,0,0,1,47,2,0,0,0,0,0,0,0,0,0,0,0,0,0,0,0,0,5,18,0,0,1,0,0,4,0,0,0,0,0,0,0,0,0,0,0,0,0,29,1,0,0,0,0,0,0,0,0,0,0,0,0,0,0,0,0,10,-1,-1,-1,-1,-1,-1,-1,-1,-1,-1,-1,-1,-1,-1,-1,-1,-1,-1,-1,-1,0,0.932368,0,7393,7329,1435,1,2,1,7198,1,0,0,0,0,1
1,0,0,0,0,0,0,0,0,0,0,0,0,0,0,0,0,1,10,1,0,0,0,0,0,0,0,0,0,0,0,0,0,0,0,0,3,10,0,0,-1,-1,-1,-1,-1,-1,-1,-1,-1,-1,-1,-1,-1,-1,-1,-1,-1,-1,-1,-1,-1,-1,-1,-1,-1,-1,-1,-1,-1,-1,-1,-1,-1,-1,-1,-1,-1,-1,-1,-1,-1,-1,-1,-1,-1,-1,-1,-1,-1,-1,-1,-1,-1,-1,-1,-1,0,0.330598,0,30968,8,356,1,2,0,3590,0,0,0,0,0,0
2,0,0,0,0,0,0,0,0,0,0,0,0,0,0,0,0,1,11,2,0,0,0,0,0,0,0,0,0,0,0,0,0,0,0,0,0,11,0,0,-1,-1,-1,-1,-1,-1,-1,-1,-1,-1,-1,-1,-1,-1,-1,-1,-1,-1,-1,-1,-1,-1,-1,-1,-1,-1,-1,-1,-1,-1,-1,-1,-1,-1,-1,-1,-1,-1,-1,-1,-1,-1,-1,-1,-1,-1,-1,-1,-1,-1,-1,-1,-1,-1,-1,-1,0,-1.0,0,-1,-1,-1,-1,4,0,-1,0,-1,0,0,0,0
2,0,0,1,0,0,0,0,0,0,0,0,0,0,0,0,0,1,23,2,0,0,0,0,0,0,0,0,0,0,0,0,0,0,0,0,5,22,0,1,0,0,0,1,0,0,0,0,0,0,0,0,0,0,0,0,0,1,0,0,0,0,0,0,0,0,0,0,0,0,0,0,0,0,0,0,-1,-1,-1,-1,-1,-1,-1,-1,-1,-1,-1,-1,-1,-1,-1,-1,-1,-1,-1,-1,0,2.428703,1,20013,2131,59,1,2,1,14389,0,0,0,0,0,0
2,0,0,0,0,0,0,0,0,0,0,0,0,0,0,0,0,1,24,2,0,0,0,0,0,0,0,0,0,0,0,0,0,0,0,0,6,24,0,0,-1,-1,-1,-1,-1,-1,-1,-1,-1,-1,-1,-1,-1,-1,-1,-1,-1,-1,-1,-1,-1,-1,-1,-1,-1,-1,-1,-1,-1,-1,-1,-1,-1,-1,-1,-1,-1,-1,-1,-1,-1,-1,-1,-1,-1,-1,-1,-1,-1,-1,-1,-1,-1,-1,-1,-1,0,0.343107,-1,61969,6027,181,2,2,0,299,0,0,0,0,0,0
1,0,0,1,0,0,0,0,0,0,0,0,0,0,0,0,0,1,13,1,0,0,0,0,0,0,0,0,0,0,0,0,0,0,0,0,5,12,0,0,0,0,0,1,0,0,0,0,0,0,0,0,0,0,0,0,0,1,0,0,0,0,0,0,0,0,0,0,0,0,0,0,0,0,0,0,-1,-1,-1,-1,-1,-1,-1,-1,-1,-1,-1,-1,-1,-1,-1,-1,-1,-1,-1,-1,0,0.463148,-1,54290,50,314,1,2,1,14391,1,0,0,0,0,1
1,0,2,2,0,2,0,1,0,0,0,0,0,0,0,0,0,1,63,1,0,0,0,0,0,0,0,0,0,0,0,0,0,0,0,0,3,13,0,0,0,0,0,2,0,0,0,0,0,0,0,0,0,0,0,0,0,8,0,0,0,0,0,0,0,0,0,0,0,0,0,0,0,0,0,5,0,0,2,0,0,2,0,1,0,0,0,0,0,0,0,0,0,42,0,2,0,0.712741,1,262254,223,141,1,3,7,591,1,0,0,0,0,1
2,0,0,1,0,0,0,0,0,0,0,0,0,0,0,0,0,1,16,2,0,0,0,0,0,0,0,0,0,0,0,0,0,0,0,0,3,15,0,0,0,0,0,1,0,0,0,0,0,0,0,0,0,0,0,0,0,1,0,0,0,0,0,0,0,0,0,0,0,0,0,0,0,0,0,0,-1,-1,-1,-1,-1,-1,-1,-1,-1,-1,-1,-1,-1,-1,-1,-1,-1,-1,-1,-1,0,0.292643,0,6354,-1,-1,1,5,3,291,0,0,0,0,0,1
2,0,0,1,0,0,0,0,0,0,0,0,0,0,0,0,0,1,19,2,0,0,0,0,0,0,0,0,0,0,0,0,0,0,0,0,4,13,0,0,0,0,0,1,0,0,0,0,0,0,0,0,0,0,0,0,0,6,0,0,0,0,0,0,0,0,0,0,0,0,0,0,0,0,0,5,-1,-1,-1,-1,-1,-1,-1,-1,-1,-1,-1,-1,-1,-1,-1,-1,-1,-1,-1,-1,0,0.024497,1,54113,5414,795,4,4,3,2241,1,2,0,0,0,0
2,0,0,3,0,0,0,0,0,0,0,0,0,0,0,0,0,1,39,2,0,0,0,0,0,0,0,0,0,0,0,0,0,0,0,0,9,28,0,0,0,0,0,3,0,0,0,0,0,0,0,0,0,0,0,0,0,11,0,0,0,0,0,0,0,0,0,0,0,0,0,0,0,0,0,0,-1,-1,-1,-1,-1,-1,-1,-1,-1,-1,-1,-1,-1,-1,-1,-1,-1,-1,-1,-1,0,0.91402,0,47583,-1,-1,1,1,1,53,1,0,0,0,0,1
1,0,0,1,0,0,0,0,0,0,0,0,0,0,0,0,0,1,21,1,0,0,0,0,0,0,0,0,0,0,0,0,0,0,0,0,9,20,0,0,0,0,0,1,0,0,0,0,0,0,0,0,0,0,0,0,0,1,0,0,0,0,0,0,0,0,0,0,0,0,0,0,0,0,0,0,-1,-1,-1,-1,-1,-1,-1,-1,-1,-1,-1,-1,-1,-1,-1,-1,-1,-1,-1,-1,0,0.249483,0,36454,4067,315,1,2,1,14268,0,1,0,0,0,1
3,0,0,1,0,0,0,0,0,0,0,0,0,0,0,0,0,1,35,2,0,0,0,0,0,0,0,0,0,0,0,0,0,0,0,0,7,24,0,0,1,0,0,1,0,0,0,0,0,0,0,0,0,0,0,0,0,11,1,0,0,0,0,0,0,0,0,0,0,0,0,0,0,0,0,10,-1,-1,-1,-1,-1,-1,-1,-1,-1,-1,-1,-1,-1,-1,-1,-1,-1,-1,-1,-1,0,0.107936,0,16276,-1,-1,1,2,1,3937,1,0,0,0,0,1
1,0,1,1,0,0,0,0,0,0,0,0,0,0,0,0,0,1,20,1,0,0,0,0,0,0,0,0,0,0,0,0,0,0,0,0,5,14,0,0,0,0,1,1,0,0,0,0,0,0,0,0,0,0,0,0,0,6,0,0,1,0,0,0,0,0,0,0,0,0,0,0,0,0,0,5,-1,-1,-1,-1,-1,-1,-1,-1,-1,-1,-1,-1,-1,-1,-1,-1,-1,-1,-1,-1,0,1.024032,0,13335,304,60,2,2,0,250,1,0,0,0,0,1
1,0,0,0,0,0,0,0,0,0,0,0,0,0,0,0,0,1,12,1,0,0,0,0,0,0,0,0,0,0,0,0,0,0,0,0,3,12,0,0,-1,-1,-1,-1,-1,-1,-1,-1,-1,-1,-1,-1,-1,-1,-1,-1,-1,-1,-1,-1,-1,-1,-1,-1,-1,-1,-1,-1,-1,-1,-1,-1,-1,-1,-1,-1,-1,-1,-1,-1,-1,-1,-1,-1,-1,-1,-1,-1,-1,-1,-1,-1,-1,-1,-1,-1,0,0.288212,0,14618,743,15,4,4,0,52,0,0,0,0,0,0
2,0,0,3,0,0,0,0,0,0,0,0,0,0,0,0,0,1,39,2,0,0,0,0,0,0,0,0,0,0,0,0,0,0,0,0,6,16,0,0,0,0,0,3,0,0,0,0,0,0,0,0,0,0,0,0,0,23,0,0,0,0,0,0,0,0,0,0,0,0,0,0,0,0,0,0,-1,-1,-1,-1,-1,-1,-1,-1,-1,-1,-1,-1,-1,-1,-1,-1,-1,-1,-1,-1,0,0.185207,0,15169,-1,-1,1,4,5,196,1,2,0,0,0,1
1,0,0,1,0,0,0,0,0,0,0,0,0,0,0,0,0,1,49,1,0,0,0,0,0,0,0,0,0,0,0,0,0,0,0,0,5,16,0,0,0,0,0,1,0,0,0,0,0,0,0,0,0,0,0,0,0,1,0,0,0,0,0,0,0,0,0,0,0,0,0,0,0,0,0,0,0,0,0,0,0,0,0,0,0,0,0,0,0,0,0,0,0,32,0,0,0,0.965388,0,63356,269,95,3,4,0,0,1,0,0,0,0,1
1,0,0,2,0,0,0,0,0,0,0,0,0,0,0,0,0,1,22,1,0,0,0,0,0,0,0,0,0,0,0,0,0,0,0,0,4,14,0,0,0,0,0,2,0,0,0,0,0,0,0,0,0,0,0,0,0,8,0,0,0,0,0,0,0,0,0,0,0,0,0,0,0,0,0,0,-1,-1,-1,-1,-1,-1,-1,-1,-1,-1,-1,-1,-1,-1,-1,-1,-1,-1,-1,-1,0,0.245682,-1,-1,-1,-1,1,3,1,55,1,1,0,0,0,1
3,0,0,0,0,0,0,0,0,0,0,0,0,0,0,0,0,1,15,3,0,0,0,0,0,0,0,0,0,0,0,0,0,0,0,0,3,15,0,0,-1,-1,-1,-1,-1,-1,-1,-1,-1,-1,-1,-1,-1,-1,-1,-1,-1,-1,-1,-1,-1,-1,-1,-1,-1,-1,-1,-1,-1,-1,-1,-1,-1,-1,-1,-1,-1,-1,-1,-1,-1,-1,-1,-1,-1,-1,-1,-1,-1,-1,-1,-1,-1,-1,-1,-1,0,-1.0,0,-1,-1,-1,-1,5,0,-1,0,-1,0,0,0,0
2,1,0,6,0,0,0,0,0,0,0,0,0,0,0,0,1,1,48,2,1,0,0,0,0,0,0,0,0,0,0,0,0,0,0,0,5,18,0,0,0,0,0,6,0,0,0,0,0,0,0,0,0,0,0,0,1,30,0,0,0,0,0,0,0,0,0,0,0,0,0,0,0,0,0,0,-1,-1,-1,-1,-1,-1,-1,-1,-1,-1,-1,-1,-1,-1,-1,-1,-1,-1,-1,-1,0,6.235165,0,10126,-1,-1,1,2,0,29,0,0,0,0,0,1
2,0,0,0,0,0,0,0,0,0,0,0,0,0,0,0,0,1,19,2,0,0,0,0,0,0,0,0,0,0,0,0,0,0,0,0,4,19,0,0,-1,-1,-1,-1,-1,-1,-1,-1,-1,-1,-1,-1,-1,-1,-1,-1,-1,-1,-1,-1,-1,-1,-1,-1,-1,-1,-1,-1,-1,-1,-1,-1,-1,-1,-1,-1,-1,-1,-1,-1,-1,-1,-1,-1,-1,-1,-1,-1,-1,-1,-1,-1,-1,-1,-1,-1,0,-1.0,0,-1,-1,-1,-1,4,0,-1,0,-1,0,0,0,0
2,0,0,0,0,0,0,0,0,0,0,0,0,0,0,0,0,1,16,2,0,0,0,0,0,0,0,0,0,0,0,0,0,0,0,0,3,16,0,0,-1,-1,-1,-1,-1,-1,-1,-1,-1,-1,-1,-1,-1,-1,-1,-1,-1,-1,-1,-1,-1,-1,-1,-1,-1,-1,-1,-1,-1,-1,-1,-1,-1,-1,-1,-1,-1,-1,-1,-1,-1,-1,-1,-1,-1,-1,-1,-1,-1,-1,-1,-1,-1,-1,-1,-1,0,0.584011,0,16509,3089,563,1,3,1,6,0,2,0,0,0,0
2,1,0,0,0,0,0,0,0,0,0,0,0,0,0,0,0,1,24,2,1,0,0,0,0,0,0,0,0,0,0,0,0,0,0,0,9,24,0,0,-1,-1,-1,-1,-1,-1,-1,-1,-1,-1,-1,-1,-1,-1,-1,-1,-1,-1,-1,-1,-1,-1,-1,-1,-1,-1,-1,-1,-1,-1,-1,-1,-1,-1,-1,-1,-1,-1,-1,-1,-1,-1,-1,-1,-1,-1,-1,-1,-1,-1,-1,-1,-1,-1,-1,-1,0,0.4687,0,16509,-1,-1,2,3,1,51,0,3,0,0,0,0
2,0,0,0,0,0,0,0,0,0,0,0,0,0,0,0,0,1,20,2,0,0,0,0,0,0,0,0,0,0,0,0,0,0,0,0,6,20,0,0,-1,-1,-1,-1,-1,-1,-1,-1,-1,-1,-1,-1,-1,-1,-1,-1,-1,-1,-1,-1,-1,-1,-1,-1,-1,-1,-1,-1,-1,-1,-1,-1,-1,-1,-1,-1,-1,-1,-1,-1,-1,-1,-1,-1,-1,-1,-1,-1,-1,-1,-1,-1,-1,-1,-1,-1,0,0.203627,-1,32787,7429,239,1,2,1,599,0,0,0,0,0,0
2,0,0,0,0,0,0,0,0,0,0,0,0,0,0,0,0,1,21,2,0,0,0,0,0,0,0,0,0,0,0,0,0,0,0,0,6,21,0,0,-1,-1,-1,-1,-1,-1,-1,-1,-1,-1,-1,-1,-1,-1,-1,-1,-1,-1,-1,-1,-1,-1,-1,-1,-1,-1,-1,-1,-1,-1,-1,-1,-1,-1,-1,-1,-1,-1,-1,-1,-1,-1,-1,-1,-1,-1,-1,-1,-1,-1,-1,-1,-1,-1,-1,-1,0,0.731216,0,14415,5936,272,1,3,1,3599,0,1,0,0,0,0
2,1,0,4,0,1,0,0,0,0,0,0,0,0,0,0,0,1,87,1,0,0,0,0,0,0,0,0,0,0,0,0,0,0,0,0,9,25,0,0,1,1,0,4,0,0,0,0,0,0,0,0,0,0,0,0,0,46,1,0,0,0,0,0,0,0,0,0,0,0,0,0,0,0,0,13,0,0,0,0,0,1,0,0,0,0,0,0,0,0,0,0,0,16,0,1,0,0.20469,0,26496,1687,138,1,2,2,597,0,0,0,0,0,1
2,0,0,0,0,0,0,0,0,0,0,0,0,0,0,0,0,1,14,2,0,0,0,0,0,0,0,0,0,0,0,0,0,0,0,0,4,14,0,0,-1,-1,-1,-1,-1,-1,-1,-1,-1,-1,-1,-1,-1,-1,-1,-1,-1,-1,-1,-1,-1,-1,-1,-1,-1,-1,-1,-1,-1,-1,-1,-1,-1,-1,-1,-1,-1,-1,-1,-1,-1,-1,-1,-1,-1,-1,-1,-1,-1,-1,-1,-1,-1,-1,-1,-1,0,0.4454770000000001,0,133618,6060,148,1,2,1,3598,0,1,0,0,0,0
1,0,0,1,0,0,0,0,0,0,0,0,0,0,0,0,0,1,26,1,0,0,0,0,0,0,0,0,0,0,0,0,0,0,0,0,9,25,0,0,0,0,0,1,0,0,0,0,0,0,0,0,0,0,0,0,0,1,0,0,0,0,0,0,0,0,0,0,0,0,0,0,0,0,0,0,-1,-1,-1,-1,-1,-1,-1,-1,-1,-1,-1,-1,-1,-1,-1,-1,-1,-1,-1,-1,0,0.773544,0,22612,247,117,1,2,1,1183,1,0,0,0,0,1
1,0,0,2,0,0,0,0,0,0,0,0,0,0,0,0,0,1,23,1,0,0,0,0,0,0,0,0,0,0,0,0,0,0,0,0,4,11,0,0,0,0,0,2,0,0,0,0,0,0,0,0,0,0,0,0,0,12,0,0,0,0,0,0,0,0,0,0,0,0,0,0,0,0,0,5,-1,-1,-1,-1,-1,-1,-1,-1,-1,-1,-1,-1,-1,-1,-1,-1,-1,-1,-1,-1,0,8.662241,-1,46606,2517,39,1,2,5,14383,1,1,0,0,0,1
2,0,0,6,0,3,0,0,0,0,0,0,0,0,0,0,0,1,547,1,0,0,0,0,0,0,0,0,0,0,0,0,0,0,0,0,12,27,0,0,1,0,0,6,0,2,0,0,0,0,0,0,0,0,0,0,0,32,1,0,0,0,0,0,0,0,0,0,0,0,0,0,0,0,0,9,0,0,0,0,0,1,0,0,0,0,0,0,0,0,0,0,0,488,0,1,0,0.105273,1,16276,2875,46,1,2,1,272,0,0,0,0,0,1
2,1,0,0,0,0,0,0,0,0,0,0,0,0,0,0,0,1,17,2,1,0,0,0,0,0,0,0,0,0,0,0,0,0,0,0,3,17,0,0,-1,-1,-1,-1,-1,-1,-1,-1,-1,-1,-1,-1,-1,-1,-1,-1,-1,-1,-1,-1,-1,-1,-1,-1,-1,-1,-1,-1,-1,-1,-1,-1,-1,-1,-1,-1,-1,-1,-1,-1,-1,-1,-1,-1,-1,-1,-1,-1,-1,-1,-1,-1,-1,-1,-1,-1,0,0.653489,0,36024,4967,145,1,2,1,3599,0,0,0,0,0,0
1,0,0,0,0,0,0,0,0,0,0,0,0,0,0,0,0,1,14,1,0,0,0,0,0,0,0,0,0,0,0,0,0,0,0,0,4,14,0,0,-1,-1,-1,-1,-1,-1,-1,-1,-1,-1,-1,-1,-1,-1,-1,-1,-1,-1,-1,-1,-1,-1,-1,-1,-1,-1,-1,-1,-1,-1,-1,-1,-1,-1,-1,-1,-1,-1,-1,-1,-1,-1,-1,-1,-1,-1,-1,-1,-1,-1,-1,-1,-1,-1,-1,-1,0,0.912025,-1,40034,4528,219,1,2,0,271,0,0,0,0,0,0
2,0,0,0,0,0,0,0,0,0,0,0,0,0,0,0,0,1,16,2,0,0,0,0,0,0,0,0,0,0,0,0,0,0,0,0,4,16,0,0,-1,-1,-1,-1,-1,-1,-1,-1,-1,-1,-1,-1,-1,-1,-1,-1,-1,-1,-1,-1,-1,-1,-1,-1,-1,-1,-1,-1,-1,-1,-1,-1,-1,-1,-1,-1,-1,-1,-1,-1,-1,-1,-1,-1,-1,-1,-1,-1,-1,-1,-1,-1,-1,-1,-1,-1,0,0.276167,1,16276,7606,62,1,2,5,591,0,0,0,0,0,0
2,0,0,3,0,0,0,0,0,0,0,0,0,0,0,0,0,1,35,1,0,0,0,0,0,0,0,0,0,0,0,0,0,0,0,0,5,14,0,0,1,0,0,3,0,0,0,0,0,0,0,0,0,0,0,0,0,21,1,0,0,0,0,0,0,0,0,0,0,0,0,0,0,0,0,10,-1,-1,-1,-1,-1,-1,-1,-1,-1,-1,-1,-1,-1,-1,-1,-1,-1,-1,-1,-1,0,2.443422,-1,46606,2552,369,1,2,1,14389,1,0,0,0,0,1
2,0,0,3,0,0,0,0,0,0,0,0,0,0,0,0,0,1,38,2,0,0,0,0,0,0,0,0,0,0,0,0,0,0,0,0,6,24,0,0,0,0,0,3,0,0,0,0,0,0,0,0,0,0,0,0,0,14,0,0,0,0,0,0,0,0,0,0,0,0,0,0,0,0,0,0,-1,-1,-1,-1,-1,-1,-1,-1,-1,-1,-1,-1,-1,-1,-1,-1,-1,-1,-1,-1,0,0.43665,1,24940,2094,-1,1,2,1,14392,0,0,0,0,0,1
2,0,0,1,0,0,0,0,0,0,0,0,0,0,0,0,0,1,43,2,0,0,0,0,0,0,0,0,0,0,0,0,0,0,0,0,7,23,0,0,0,0,0,1,0,0,0,0,0,0,0,0,0,0,0,0,0,20,0,0,0,0,0,0,0,0,0,0,0,0,0,0,0,0,0,19,-1,-1,-1,-1,-1,-1,-1,-1,-1,-1,-1,-1,-1,-1,-1,-1,-1,-1,-1,-1,0,0.876876,-1,26496,3334,683,1,2,2,577,1,1,0,0,0,1
2,1,0,1,0,0,0,0,0,0,0,0,0,0,0,0,0,2,35,2,1,0,0,0,0,0,0,0,0,0,0,0,0,0,0,0,14,34,0,0,0,0,0,1,0,0,0,0,0,0,0,0,0,0,0,0,0,1,0,0,0,0,0,0,0,0,0,0,0,0,0,0,0,0,0,0,-1,-1,-1,-1,-1,-1,-1,-1,-1,-1,-1,-1,-1,-1,-1,-1,-1,-1,-1,-1,0,0.340852,0,13335,-1,-1,5,2,0,297,1,1,0,0,0,1
3,0,0,6,0,0,0,0,0,0,0,0,0,0,0,0,0,1,53,2,0,0,0,0,0,0,0,0,0,0,0,0,0,0,0,0,5,18,0,0,1,0,0,6,0,0,0,0,0,0,0,0,0,0,0,0,0,35,1,0,0,0,0,0,0,0,0,0,0,0,0,0,0,0,0,7,-1,-1,-1,-1,-1,-1,-1,-1,-1,-1,-1,-1,-1,-1,-1,-1,-1,-1,-1,-1,0,-1.0,0,-1,-1,-1,-1,4,0,-1,0,-1,0,0,0,1
2,0,0,1,0,0,0,0,0,0,0,0,0,0,0,0,0,1,24,2,0,0,0,0,0,0,0,0,0,0,0,0,0,0,0,0,6,23,0,0,0,0,0,1,0,0,0,0,0,0,0,0,0,0,0,0,0,1,0,0,0,0,0,0,0,0,0,0,0,0,0,0,0,0,0,0,-1,-1,-1,-1,-1,-1,-1,-1,-1,-1,-1,-1,-1,-1,-1,-1,-1,-1,-1,-1,0,0.624393,0,15169,-1,-1,1,4,0,251,1,0,0,0,0,0
1,3,0,1,0,0,0,0,0,0,0,0,0,0,0,0,0,1,25,1,3,0,0,0,0,0,0,0,0,0,0,0,0,0,0,0,7,24,0,0,0,0,0,1,0,0,0,0,0,0,0,0,0,0,0,0,0,1,0,0,0,0,0,0,0,0,0,0,0,0,0,0,0,0,0,0,-1,-1,-1,-1,-1,-1,-1,-1,-1,-1,-1,-1,-1,-1,-1,-1,-1,-1,-1,-1,0,1.223057,0,31624,-1,-1,1,4,0,292,0,0,0,0,0,1
1,0,0,1,0,0,0,0,0,0,0,0,0,0,0,0,0,1,17,1,0,0,0,0,0,0,0,0,0,0,0,0,0,0,0,0,5,16,0,0,0,0,0,1,0,0,0,0,0,0,0,0,0,0,0,0,0,1,0,0,0,0,0,0,0,0,0,0,0,0,0,0,0,0,0,0,-1,-1,-1,-1,-1,-1,-1,-1,-1,-1,-1,-1,-1,-1,-1,-1,-1,-1,-1,-1,0,0.303243,0,200019,28,336,1,4,2,3597,1,0,0,0,0,1
2,0,0,0,0,0,0,0,0,0,0,0,0,0,0,0,0,1,10,2,0,0,0,0,0,0,0,0,0,0,0,0,0,0,0,0,2,10,0,0,-1,-1,-1,-1,-1,-1,-1,-1,-1,-1,-1,-1,-1,-1,-1,-1,-1,-1,-1,-1,-1,-1,-1,-1,-1,-1,-1,-1,-1,-1,-1,-1,-1,-1,-1,-1,-1,-1,-1,-1,-1,-1,-1,-1,-1,-1,-1,-1,-1,-1,-1,-1,-1,-1,-1,-1,0,0.5855130000000001,-1,19551,-1,-1,-1,3,0,-1,1,1,0,0,0,0
1,0,0,2,0,0,0,0,0,0,0,0,0,0,0,0,0,1,31,1,0,0,0,0,0,0,0,0,0,0,0,0,0,0,0,0,7,21,0,0,0,0,0,2,0,0,0,0,0,0,0,0,0,0,0,0,0,10,0,0,0,0,0,0,0,0,0,0,0,0,0,0,0,0,0,0,-1,-1,-1,-1,-1,-1,-1,-1,-1,-1,-1,-1,-1,-1,-1,-1,-1,-1,-1,-1,0,0.293208,1,20013,1860,330,1,4,1,14383,0,0,0,0,0,1
2,0,2,4,0,1,0,0,0,0,0,0,0,0,0,0,0,1,57,1,0,0,0,0,0,0,0,0,0,0,0,0,0,0,0,0,6,19,0,0,1,0,2,4,0,0,0,0,0,0,0,0,0,0,0,0,0,29,1,0,0,0,0,0,0,0,0,0,0,0,0,0,0,0,0,10,0,0,0,0,0,1,0,0,0,0,0,0,0,0,0,0,0,9,0,1,0,0.723374,0,6428,6598,340,1,2,1,3744,1,0,0,0,0,1
3,0,0,4,1,2,1,2,0,0,0,0,0,0,0,0,0,2,128,1,0,0,0,0,0,0,0,0,0,0,0,0,0,0,0,0,5,13,0,0,0,0,0,3,0,0,0,0,0,0,0,0,0,0,0,0,0,39,0,0,0,0,0,0,0,0,0,0,0,0,0,0,0,0,0,0,2,0,0,1,1,2,1,2,0,0,0,0,0,0,0,0,0,76,1,2,1,0.5075529999999999,-1,263237,3309,372,1,4,1,14043,0,0,0,0,0,1
1,0,0,3,0,0,0,0,0,0,0,0,0,0,0,0,0,1,29,1,0,0,0,0,0,0,0,0,0,0,0,0,0,0,0,0,6,12,0,0,0,0,0,3,0,0,0,0,0,0,0,0,0,0,0,0,0,17,0,0,0,0,0,0,0,0,0,0,0,0,0,0,0,0,0,7,-1,-1,-1,-1,-1,-1,-1,-1,-1,-1,-1,-1,-1,-1,-1,-1,-1,-1,-1,-1,0,0.678892,0,133618,1789,36,1,2,1,3586,0,1,0,0,0,1
1,0,0,1,0,0,0,0,0,0,0,0,0,0,0,0,0,1,12,1,0,0,0,0,0,0,0,0,0,0,0,0,0,0,0,0,4,11,0,0,0,0,0,1,0,0,0,0,0,0,0,0,0,0,0,0,0,1,0,0,0,0,0,0,0,0,0,0,0,0,0,0,0,0,0,0,-1,-1,-1,-1,-1,-1,-1,-1,-1,-1,-1,-1,-1,-1,-1,-1,-1,-1,-1,-1,0,0.153196,0,51167,3080,937,1,4,2,3590,0,0,0,0,0,0
1,0,0,0,0,0,0,0,0,0,0,0,0,0,0,0,0,1,14,1,0,0,0,0,0,0,0,0,0,0,0,0,0,0,0,0,5,14,0,0,-1,-1,-1,-1,-1,-1,-1,-1,-1,-1,-1,-1,-1,-1,-1,-1,-1,-1,-1,-1,-1,-1,-1,-1,-1,-1,-1,-1,-1,-1,-1,-1,-1,-1,-1,-1,-1,-1,-1,-1,-1,-1,-1,-1,-1,-1,-1,-1,-1,-1,-1,-1,-1,-1,-1,-1,0,0.372912,0,14618,380,16,3,2,0,295,0,0,0,0,0,0
2,0,0,0,0,0,0,0,0,0,0,0,0,0,0,0,0,1,23,2,0,0,0,0,0,0,0,0,0,0,0,0,0,0,0,0,5,23,0,0,-1,-1,-1,-1,-1,-1,-1,-1,-1,-1,-1,-1,-1,-1,-1,-1,-1,-1,-1,-1,-1,-1,-1,-1,-1,-1,-1,-1,-1,-1,-1,-1,-1,-1,-1,-1,-1,-1,-1,-1,-1,-1,-1,-1,-1,-1,-1,-1,-1,-1,-1,-1,-1,-1,-1,-1,0,0.346617,0,14618,16,348,2,4,0,52,0,1,0,0,0,0
2,2,0,6,0,0,0,0,0,0,0,0,0,0,0,0,0,1,98,1,2,0,0,0,0,0,0,0,0,0,0,0,0,0,0,0,8,18,0,0,1,0,0,6,0,0,0,0,0,0,0,0,0,0,0,0,0,80,1,0,0,0,0,0,0,0,0,0,0,0,0,0,0,0,0,5,-1,-1,-1,-1,-1,-1,-1,-1,-1,-1,-1,-1,-1,-1,-1,-1,-1,-1,-1,-1,0,0.321212,-1,5588,-1,-1,1,3,1,9281,1,0,0,0,0,1
2,0,0,0,0,0,0,0,0,0,0,0,0,0,0,0,0,1,17,2,0,0,0,0,0,0,0,0,0,0,0,0,0,0,0,0,5,17,0,0,-1,-1,-1,-1,-1,-1,-1,-1,-1,-1,-1,-1,-1,-1,-1,-1,-1,-1,-1,-1,-1,-1,-1,-1,-1,-1,-1,-1,-1,-1,-1,-1,-1,-1,-1,-1,-1,-1,-1,-1,-1,-1,-1,-1,-1,-1,-1,-1,-1,-1,-1,-1,-1,-1,-1,-1,0,-1.0,0,-1,424,305,-1,4,0,-1,0,-1,0,0,0,0
2,0,0,0,0,0,0,0,0,0,0,0,0,0,0,0,0,1,24,2,0,0,0,0,0,0,0,0,0,0,0,0,0,0,0,0,8,24,0,0,-1,-1,-1,-1,-1,-1,-1,-1,-1,-1,-1,-1,-1,-1,-1,-1,-1,-1,-1,-1,-1,-1,-1,-1,-1,-1,-1,-1,-1,-1,-1,-1,-1,-1,-1,-1,-1,-1,-1,-1,-1,-1,-1,-1,-1,-1,-1,-1,-1,-1,-1,-1,-1,-1,-1,-1,0,0.40057,0,2635,-1,-1,2,4,1,291,1,1,0,0,0,0
2,1,0,5,0,0,0,0,0,0,0,0,0,0,0,0,0,1,91,2,0,0,0,0,0,0,0,0,0,0,0,0,0,0,0,0,5,15,0,0,0,1,0,5,0,0,0,0,0,0,0,0,0,0,0,0,0,76,0,0,0,0,0,0,0,0,0,0,0,0,0,0,0,0,0,8,-1,-1,-1,-1,-1,-1,-1,-1,-1,-1,-1,-1,-1,-1,-1,-1,-1,-1,-1,-1,0,0.2737,-1,15169,-1,-1,1,4,5,291,1,0,0,0,0,1
2,0,0,3,0,0,0,0,0,0,0,0,0,0,0,0,0,1,44,2,0,0,0,0,0,0,0,0,0,0,0,0,0,0,0,0,6,16,0,0,0,0,0,3,0,0,0,0,0,0,0,0,0,0,0,0,0,28,0,0,0,0,0,0,0,0,0,0,0,0,0,0,0,0,0,4,-1,-1,-1,-1,-1,-1,-1,-1,-1,-1,-1,-1,-1,-1,-1,-1,-1,-1,-1,-1,0,0.252043,0,15169,-1,-1,1,4,5,283,1,0,0,0,0,1
3,1,0,5,0,0,0,0,0,0,0,0,0,0,0,0,0,1,64,2,0,0,0,0,0,0,0,0,0,0,0,0,0,0,0,0,11,27,0,0,1,1,0,5,0,0,0,0,0,0,0,0,0,0,0,0,0,37,1,0,0,0,0,0,0,0,0,0,0,0,0,0,0,0,0,10,-1,-1,-1,-1,-1,-1,-1,-1,-1,-1,-1,-1,-1,-1,-1,-1,-1,-1,-1,-1,0,0.51852,1,20013,2991,661,1,2,1,5296,1,0,0,0,0,1
2,0,0,1,0,0,0,0,0,0,0,0,0,0,0,0,0,1,17,2,0,0,0,0,0,0,0,0,0,0,0,0,0,0,0,0,3,16,0,0,0,0,0,1,0,0,0,0,0,0,0,0,0,0,0,0,0,1,0,0,0,0,0,0,0,0,0,0,0,0,0,0,0,0,0,0,-1,-1,-1,-1,-1,-1,-1,-1,-1,-1,-1,-1,-1,-1,-1,-1,-1,-1,-1,-1,0,1.136523,0,20401,513,216,1,2,1,7189,0,0,0,0,0,0
3,0,0,0,0,0,0,0,0,0,0,0,0,0,0,0,0,1,17,3,0,0,0,0,0,0,0,0,0,0,0,0,0,0,0,0,3,17,0,0,-1,-1,-1,-1,-1,-1,-1,-1,-1,-1,-1,-1,-1,-1,-1,-1,-1,-1,-1,-1,-1,-1,-1,-1,-1,-1,-1,-1,-1,-1,-1,-1,-1,-1,-1,-1,-1,-1,-1,-1,-1,-1,-1,-1,-1,-1,-1,-1,-1,-1,-1,-1,-1,-1,-1,-1,0,3.102684,0,8075,-1,-1,1,4,1,3595,1,1,0,0,0,0
3,0,0,1,0,0,0,0,0,0,0,0,0,0,0,0,0,1,15,3,0,0,0,0,0,0,0,0,0,0,0,0,0,0,0,0,2,14,0,0,0,0,0,1,0,0,0,0,0,0,0,0,0,0,0,0,0,1,0,0,0,0,0,0,0,0,0,0,0,0,0,0,0,0,0,0,-1,-1,-1,-1,-1,-1,-1,-1,-1,-1,-1,-1,-1,-1,-1,-1,-1,-1,-1,-1,0,1.038849,0,13335,7982,1148,1,2,5,298,1,1,0,0,0,0
3,6,0,8,0,0,0,0,0,0,0,0,0,0,0,0,0,1,145,2,0,0,0,0,0,0,0,0,0,0,0,0,0,0,0,0,7,20,0,0,1,6,0,8,0,0,0,0,0,0,0,0,0,0,0,0,0,125,0,5,0,0,0,0,0,0,0,0,0,0,0,0,0,0,0,74,-1,-1,-1,-1,-1,-1,-1,-1,-1,-1,-1,-1,-1,-1,-1,-1,-1,-1,-1,-1,0,0.363121,-1,11377,-1,-1,2,6,2,38,0,1,0,0,0,1
1,0,0,1,0,0,0,0,0,0,0,0,0,0,0,0,0,1,16,1,0,0,0,0,0,0,0,0,0,0,0,0,0,0,0,0,3,10,0,0,0,0,0,1,0,0,0,0,0,0,0,0,0,0,0,0,0,6,0,0,0,0,0,0,0,0,0,0,0,0,0,0,0,0,0,5,-1,-1,-1,-1,-1,-1,-1,-1,-1,-1,-1,-1,-1,-1,-1,-1,-1,-1,-1,-1,0,0.738496,0,19237,6517,56,1,2,1,294,0,0,0,0,0,1
1,0,0,1,0,0,0,0,0,0,0,0,0,0,0,0,0,1,24,1,0,0,0,0,0,0,0,0,0,0,0,0,0,0,0,0,3,11,0,0,0,0,0,1,0,0,0,0,0,0,0,0,0,0,0,0,0,13,0,0,0,0,0,0,0,0,0,0,0,0,0,0,0,0,0,12,-1,-1,-1,-1,-1,-1,-1,-1,-1,-1,-1,-1,-1,-1,-1,-1,-1,-1,-1,-1,0,0.269747,1,13414,6832,472,2,12,5,469,1,0,0,0,0,0
2,0,0,4,0,1,0,0,0,0,0,0,0,0,0,0,0,1,73,2,0,0,0,0,0,0,0,0,0,0,0,0,0,0,0,0,6,16,0,0,0,0,0,4,0,0,0,0,0,0,0,0,0,0,0,0,0,46,0,0,0,0,0,0,0,0,0,0,0,0,0,0,0,0,0,4,0,0,0,0,0,1,0,0,0,0,0,0,0,0,0,0,0,11,0,1,0,0.271516,-1,15169,-1,-1,1,4,5,291,1,0,0,0,0,1
2,0,0,0,0,0,0,0,0,0,0,0,0,0,0,0,0,1,13,2,0,0,0,0,0,0,0,0,0,0,0,0,0,0,0,0,3,13,0,0,-1,-1,-1,-1,-1,-1,-1,-1,-1,-1,-1,-1,-1,-1,-1,-1,-1,-1,-1,-1,-1,-1,-1,-1,-1,-1,-1,-1,-1,-1,-1,-1,-1,-1,-1,-1,-1,-1,-1,-1,-1,-1,-1,-1,-1,-1,-1,-1,-1,-1,-1,-1,-1,-1,-1,-1,0,0.986367,1,4766,-1,-1,2,2,2,6970,1,0,0,0,0,0
6,1,0,11,1,2,0,1,0,0,0,0,0,0,0,0,0,3,111,2,0,0,0,0,0,0,0,0,0,0,0,0,0,0,0,0,1,15,0,0,0,0,0,1,0,0,0,0,0,0,0,0,0,0,0,0,0,7,0,0,0,0,0,0,0,0,0,0,0,0,0,0,0,0,0,6,4,1,0,10,1,2,0,1,0,0,0,0,0,0,0,0,0,89,1,2,0,0.987864,0,23650,2600,321,1,2,0,598,0,0,0,0,0,1
2,0,0,2,0,0,0,0,0,0,0,0,0,0,0,0,0,1,30,1,0,0,0,0,0,0,0,0,0,0,0,0,0,0,0,0,5,15,0,0,1,0,0,2,0,0,0,0,0,0,0,0,0,0,0,0,0,15,1,0,0,0,0,0,0,0,0,0,0,0,0,0,0,0,0,9,-1,-1,-1,-1,-1,-1,-1,-1,-1,-1,-1,-1,-1,-1,-1,-1,-1,-1,-1,-1,0,-1.0,0,32097,55,309,1,2,1,3136,0,-1,0,0,0,1
4,0,0,0,0,0,0,0,0,0,0,0,0,0,0,0,0,1,26,4,0,0,0,0,0,0,0,0,0,0,0,0,0,0,0,0,9,26,0,0,-1,-1,-1,-1,-1,-1,-1,-1,-1,-1,-1,-1,-1,-1,-1,-1,-1,-1,-1,-1,-1,-1,-1,-1,-1,-1,-1,-1,-1,-1,-1,-1,-1,-1,-1,-1,-1,-1,-1,-1,-1,-1,-1,-1,-1,-1,-1,-1,-1,-1,-1,-1,-1,-1,-1,-1,0,0.361997,0,33182,7840,-1,1,2,1,14386,0,1,0,0,0,0
1,1,0,1,0,0,0,0,0,0,0,0,0,0,0,0,0,1,30,1,1,0,0,0,0,0,0,0,0,0,0,0,0,0,0,0,7,20,0,0,0,0,0,1,0,0,0,0,0,0,0,0,0,0,0,0,0,10,0,0,0,0,0,0,0,0,0,0,0,0,0,0,0,0,0,9,-1,-1,-1,-1,-1,-1,-1,-1,-1,-1,-1,-1,-1,-1,-1,-1,-1,-1,-1,-1,0,0.309116,-1,202023,658,71,1,2,2,3589,0,4,0,0,0,1
1,0,0,5,0,0,0,0,0,0,0,0,0,0,0,0,0,1,48,1,0,0,0,0,0,0,0,0,0,0,0,0,0,0,0,0,5,15,0,0,0,0,0,5,0,0,0,0,0,0,0,0,0,0,0,0,0,33,0,0,0,0,0,0,0,0,0,0,0,0,0,0,0,0,0,0,-1,-1,-1,-1,-1,-1,-1,-1,-1,-1,-1,-1,-1,-1,-1,-1,-1,-1,-1,-1,0,0.3789030000000001,1,-1,2672,249,2,2,1,14379,0,0,0,0,0,1
2,0,0,0,0,0,0,0,0,0,0,0,0,0,0,0,0,1,18,2,0,0,0,0,0,0,0,0,0,0,0,0,0,0,0,0,5,18,0,0,-1,-1,-1,-1,-1,-1,-1,-1,-1,-1,-1,-1,-1,-1,-1,-1,-1,-1,-1,-1,-1,-1,-1,-1,-1,-1,-1,-1,-1,-1,-1,-1,-1,-1,-1,-1,-1,-1,-1,-1,-1,-1,-1,-1,-1,-1,-1,-1,-1,-1,-1,-1,-1,-1,-1,-1,0,-1.0,0,-1,-1,-1,-1,2,1,-1,0,-1,0,0,0,0
2,0,0,1,0,0,0,0,0,0,0,0,0,0,0,0,0,1,33,2,0,0,0,0,0,0,0,0,0,0,0,0,0,0,0,0,12,32,0,0,0,0,0,1,0,0,0,0,0,0,0,0,0,0,0,0,0,1,0,0,0,0,0,0,0,0,0,0,0,0,0,0,0,0,0,0,-1,-1,-1,-1,-1,-1,-1,-1,-1,-1,-1,-1,-1,-1,-1,-1,-1,-1,-1,-1,0,-1.0,0,-1,-1,-1,-1,4,0,-1,0,-1,0,0,0,0
2,0,0,3,0,0,0,0,0,0,0,0,0,0,0,0,0,1,41,2,0,0,0,0,0,0,0,0,0,0,0,0,0,0,0,0,6,16,0,0,0,0,0,3,0,0,0,0,0,0,0,0,0,0,0,0,0,25,0,0,0,0,0,0,0,0,0,0,0,0,0,0,0,0,0,0,-1,-1,-1,-1,-1,-1,-1,-1,-1,-1,-1,-1,-1,-1,-1,-1,-1,-1,-1,-1,0,0.192806,0,15169,-1,-1,1,4,5,162,1,0,0,0,0,1
1,0,0,1,0,0,0,0,0,0,0,0,0,0,0,0,0,1,14,1,0,0,0,0,0,0,0,0,0,0,0,0,0,0,0,0,4,13,0,0,0,0,0,1,0,0,0,0,0,0,0,0,0,0,0,0,0,1,0,0,0,0,0,0,0,0,0,0,0,0,0,0,0,0,0,0,-1,-1,-1,-1,-1,-1,-1,-1,-1,-1,-1,-1,-1,-1,-1,-1,-1,-1,-1,-1,0,0.391583,-1,9891,1072,23,1,2,1,9348,0,2,0,0,0,1
3,0,0,0,0,0,0,0,0,0,0,0,0,0,0,0,0,1,33,3,0,0,0,0,0,0,0,0,0,0,0,0,0,0,0,0,10,33,0,0,-1,-1,-1,-1,-1,-1,-1,-1,-1,-1,-1,-1,-1,-1,-1,-1,-1,-1,-1,-1,-1,-1,-1,-1,-1,-1,-1,-1,-1,-1,-1,-1,-1,-1,-1,-1,-1,-1,-1,-1,-1,-1,-1,-1,-1,-1,-1,-1,-1,-1,-1,-1,-1,-1,-1,-1,0,2.125996,1,20013,8234,-1,1,2,1,14385,1,0,0,0,0,0
3,6,0,6,0,0,0,0,0,0,0,0,0,0,0,0,0,1,108,2,1,0,0,0,0,0,0,0,0,0,0,0,0,0,0,0,7,22,0,0,1,5,0,6,0,0,0,0,0,0,0,0,0,0,0,0,0,86,0,4,0,0,0,0,0,0,0,0,0,0,0,0,0,0,0,46,-1,-1,-1,-1,-1,-1,-1,-1,-1,-1,-1,-1,-1,-1,-1,-1,-1,-1,-1,-1,0,1.183515,0,2516,2088,102,1,2,0,14383,0,1,0,0,0,0
3,1,0,4,0,0,0,0,0,0,0,0,0,0,0,0,0,1,57,2,0,0,0,0,0,0,0,0,0,0,0,0,0,0,0,0,3,16,0,0,1,1,0,4,0,0,0,0,0,0,0,0,0,0,0,0,0,41,1,1,0,0,0,0,0,0,0,0,0,0,0,0,0,0,0,16,-1,-1,-1,-1,-1,-1,-1,-1,-1,-1,-1,-1,-1,-1,-1,-1,-1,-1,-1,-1,0,0.127178,-1,203523,-1,-1,1,4,2,291,1,0,0,0,0,1
7,1,0,9,0,0,0,0,0,0,0,0,0,0,0,0,0,3,117,2,0,0,0,0,0,0,0,0,0,0,0,0,0,0,0,0,7,22,0,0,5,1,0,9,0,0,0,0,0,0,0,0,0,0,0,0,0,95,0,0,0,0,0,0,0,0,0,0,0,0,0,0,0,0,0,0,-1,-1,-1,-1,-1,-1,-1,-1,-1,-1,-1,-1,-1,-1,-1,-1,-1,-1,-1,-1,0,0.09248,0,19551,5784,424,2,2,5,14391,1,0,0,0,0,1
2,0,0,0,0,0,0,0,0,0,0,0,0,0,0,0,0,1,23,2,0,0,0,0,0,0,0,0,0,0,0,0,0,0,0,0,7,23,0,0,-1,-1,-1,-1,-1,-1,-1,-1,-1,-1,-1,-1,-1,-1,-1,-1,-1,-1,-1,-1,-1,-1,-1,-1,-1,-1,-1,-1,-1,-1,-1,-1,-1,-1,-1,-1,-1,-1,-1,-1,-1,-1,-1,-1,-1,-1,-1,-1,-1,-1,-1,-1,-1,-1,-1,-1,0,0.671864,0,32244,5244,233,1,5,1,3588,0,1,0,0,0,0
4,0,0,1,0,0,0,0,0,0,0,0,0,0,0,0,0,1,48,3,0,0,0,0,0,0,0,0,0,0,0,0,0,0,0,0,7,22,0,0,1,0,0,1,0,0,0,0,0,0,0,0,0,0,0,0,0,26,1,0,0,0,0,0,0,0,0,0,0,0,0,0,0,0,0,25,-1,-1,-1,-1,-1,-1,-1,-1,-1,-1,-1,-1,-1,-1,-1,-1,-1,-1,-1,-1,0,-1.0,0,-1,-1,-1,-1,6,0,-1,0,-1,0,0,0,0
2,0,0,2,0,0,0,0,0,0,0,0,0,0,0,0,0,1,28,2,0,0,0,0,0,0,0,0,0,0,0,0,0,0,0,0,6,20,0,0,0,0,0,2,0,0,0,0,0,0,0,0,0,0,0,0,0,8,0,0,0,0,0,0,0,0,0,0,0,0,0,0,0,0,0,0,-1,-1,-1,-1,-1,-1,-1,-1,-1,-1,-1,-1,-1,-1,-1,-1,-1,-1,-1,-1,0,-1.0,0,13335,-1,-1,5,2,6,296,0,-1,0,0,0,0
2,0,0,0,0,0,0,0,0,0,0,0,0,0,0,0,0,1,23,2,0,0,0,0,0,0,0,0,0,0,0,0,0,0,0,0,7,23,0,0,-1,-1,-1,-1,-1,-1,-1,-1,-1,-1,-1,-1,-1,-1,-1,-1,-1,-1,-1,-1,-1,-1,-1,-1,-1,-1,-1,-1,-1,-1,-1,-1,-1,-1,-1,-1,-1,-1,-1,-1,-1,-1,-1,-1,-1,-1,-1,-1,-1,-1,-1,-1,-1,-1,-1,-1,0,1.983658,0,22612,4442,305,-1,5,0,-1,0,1,0,0,0,0
2,0,0,0,0,0,0,0,0,0,0,0,0,0,0,0,0,1,16,2,0,0,0,0,0,0,0,0,0,0,0,0,0,0,0,0,4,16,0,0,-1,-1,-1,-1,-1,-1,-1,-1,-1,-1,-1,-1,-1,-1,-1,-1,-1,-1,-1,-1,-1,-1,-1,-1,-1,-1,-1,-1,-1,-1,-1,-1,-1,-1,-1,-1,-1,-1,-1,-1,-1,-1,-1,-1,-1,-1,-1,-1,-1,-1,-1,-1,-1,-1,-1,-1,0,5.530894,-1,32787,5681,162,1,2,1,299,0,0,0,0,0,0
4,0,0,0,0,0,0,0,0,0,0,0,0,0,0,0,0,1,25,4,0,0,0,0,0,0,0,0,0,0,0,0,0,0,0,0,7,25,0,0,-1,-1,-1,-1,-1,-1,-1,-1,-1,-1,-1,-1,-1,-1,-1,-1,-1,-1,-1,-1,-1,-1,-1,-1,-1,-1,-1,-1,-1,-1,-1,-1,-1,-1,-1,-1,-1,-1,-1,-1,-1,-1,-1,-1,-1,-1,-1,-1,-1,-1,-1,-1,-1,-1,-1,-1,0,0.939383,1,20013,7548,-1,1,2,1,14385,1,1,0,0,0,0
2,1,0,5,0,0,0,0,0,0,0,0,0,0,0,0,0,1,40,2,1,0,0,0,0,0,0,0,0,0,0,0,0,0,0,0,4,20,0,0,0,0,0,5,0,0,0,0,0,0,0,0,0,0,0,0,0,20,0,0,0,0,0,0,0,0,0,0,0,0,0,0,0,0,0,0,-1,-1,-1,-1,-1,-1,-1,-1,-1,-1,-1,-1,-1,-1,-1,-1,-1,-1,-1,-1,0,0.344287,0,15491,-1,-1,1,2,1,4946,0,0,0,0,0,1
2,0,0,3,0,0,0,0,0,0,0,0,0,0,0,0,0,1,42,2,0,0,0,0,0,0,0,0,0,0,0,0,0,0,0,0,6,16,0,0,0,0,0,3,0,0,0,0,0,0,0,0,0,0,0,0,0,26,0,0,0,0,0,0,0,0,0,0,0,0,0,0,0,0,0,0,-1,-1,-1,-1,-1,-1,-1,-1,-1,-1,-1,-1,-1,-1,-1,-1,-1,-1,-1,-1,0,0.182036,0,15169,-1,-1,1,4,5,105,1,0,0,0,0,1
2,0,0,4,0,0,0,0,0,0,0,0,0,0,0,0,0,1,69,2,0,0,0,0,0,0,0,0,0,0,0,0,0,0,0,0,7,22,0,0,0,0,0,4,0,0,0,0,0,0,0,0,0,0,0,0,0,47,0,0,0,0,0,0,0,0,0,0,0,0,0,0,0,0,0,0,-1,-1,-1,-1,-1,-1,-1,-1,-1,-1,-1,-1,-1,-1,-1,-1,-1,-1,-1,-1,0,3.154402,-1,30083,5540,1399,1,4,1,3745,1,0,0,0,0,1
2,0,0,1,0,0,0,0,0,0,0,0,0,0,0,0,0,1,14,2,0,0,0,0,0,0,0,0,0,0,0,0,0,0,0,0,3,13,0,0,0,0,0,1,0,0,0,0,0,0,0,0,0,0,0,0,0,1,0,0,0,0,0,0,0,0,0,0,0,0,0,0,0,0,0,0,-1,-1,-1,-1,-1,-1,-1,-1,-1,-1,-1,-1,-1,-1,-1,-1,-1,-1,-1,-1,0,1.230747,0,26347,3506,510,1,3,2,14399,0,0,0,0,0,0
3,0,0,0,0,0,0,0,0,0,0,0,0,0,0,0,0,1,21,3,0,0,0,0,0,0,0,0,0,0,0,0,0,0,0,0,5,21,0,0,-1,-1,-1,-1,-1,-1,-1,-1,-1,-1,-1,-1,-1,-1,-1,-1,-1,-1,-1,-1,-1,-1,-1,-1,-1,-1,-1,-1,-1,-1,-1,-1,-1,-1,-1,-1,-1,-1,-1,-1,-1,-1,-1,-1,-1,-1,-1,-1,-1,-1,-1,-1,-1,-1,-1,-1,0,-1.0,0,-1,-1,-1,1,2,1,3599,0,-1,0,0,0,0
1,1,0,0,0,0,0,0,0,0,0,0,0,0,0,0,0,1,15,1,1,0,0,0,0,0,0,0,0,0,0,0,0,0,0,0,4,15,0,0,-1,-1,-1,-1,-1,-1,-1,-1,-1,-1,-1,-1,-1,-1,-1,-1,-1,-1,-1,-1,-1,-1,-1,-1,-1,-1,-1,-1,-1,-1,-1,-1,-1,-1,-1,-1,-1,-1,-1,-1,-1,-1,-1,-1,-1,-1,-1,-1,-1,-1,-1,-1,-1,-1,-1,-1,0,0.36317,0,13335,4362,20,2,2,2,292,1,1,0,0,0,0
2,0,0,0,0,0,0,0,0,0,0,0,0,0,0,0,0,1,15,2,0,0,0,0,0,0,0,0,0,0,0,0,0,0,0,0,3,15,0,0,-1,-1,-1,-1,-1,-1,-1,-1,-1,-1,-1,-1,-1,-1,-1,-1,-1,-1,-1,-1,-1,-1,-1,-1,-1,-1,-1,-1,-1,-1,-1,-1,-1,-1,-1,-1,-1,-1,-1,-1,-1,-1,-1,-1,-1,-1,-1,-1,-1,-1,-1,-1,-1,-1,-1,-1,0,0.162432,0,13335,706,23,2,2,1,299,1,0,0,0,0,0
3,0,0,0,0,0,0,0,0,0,0,0,0,0,0,0,0,1,19,3,0,0,0,0,0,0,0,0,0,0,0,0,0,0,0,0,4,19,0,0,-1,-1,-1,-1,-1,-1,-1,-1,-1,-1,-1,-1,-1,-1,-1,-1,-1,-1,-1,-1,-1,-1,-1,-1,-1,-1,-1,-1,-1,-1,-1,-1,-1,-1,-1,-1,-1,-1,-1,-1,-1,-1,-1,-1,-1,-1,-1,-1,-1,-1,-1,-1,-1,-1,-1,-1,0,0.074026,-1,61969,639,90,1,2,1,4240,0,0,0,0,0,0
2,0,0,3,0,0,0,0,0,0,0,0,0,0,0,0,0,1,35,2,0,0,0,0,0,0,0,0,0,0,0,0,0,0,0,0,4,18,0,0,0,0,0,3,0,0,0,0,0,0,0,0,0,0,0,0,0,17,0,0,0,0,0,0,0,0,0,0,0,0,0,0,0,0,0,0,-1,-1,-1,-1,-1,-1,-1,-1,-1,-1,-1,-1,-1,-1,-1,-1,-1,-1,-1,-1,0,1.806239,0,49505,1586,239,1,2,1,3599,1,1,0,0,0,1
3,0,0,4,0,0,0,0,0,0,0,0,0,0,0,0,0,1,52,2,0,0,0,0,0,0,0,0,0,0,0,0,0,0,0,0,7,21,0,0,1,0,0,4,0,0,0,0,0,0,0,0,0,0,0,0,0,31,1,0,0,0,0,0,0,0,0,0,0,0,0,0,0,0,0,9,-1,-1,-1,-1,-1,-1,-1,-1,-1,-1,-1,-1,-1,-1,-1,-1,-1,-1,-1,-1,0,0.422903,-1,20013,6596,342,1,2,2,1853,1,0,0,0,0,1
2,0,0,0,0,0,0,0,0,0,0,0,0,0,0,0,0,1,13,2,0,0,0,0,0,0,0,0,0,0,0,0,0,0,0,0,2,13,0,0,-1,-1,-1,-1,-1,-1,-1,-1,-1,-1,-1,-1,-1,-1,-1,-1,-1,-1,-1,-1,-1,-1,-1,-1,-1,-1,-1,-1,-1,-1,-1,-1,-1,-1,-1,-1,-1,-1,-1,-1,-1,-1,-1,-1,-1,-1,-1,-1,-1,-1,-1,-1,-1,-1,-1,-1,0,0.296983,0,14618,56,308,2,4,0,16,0,1,0,0,0,0
1,1,0,0,0,0,0,0,0,0,0,0,0,0,0,0,0,1,13,1,1,0,0,0,0,0,0,0,0,0,0,0,0,0,0,0,3,13,0,0,-1,-1,-1,-1,-1,-1,-1,-1,-1,-1,-1,-1,-1,-1,-1,-1,-1,-1,-1,-1,-1,-1,-1,-1,-1,-1,-1,-1,-1,-1,-1,-1,-1,-1,-1,-1,-1,-1,-1,-1,-1,-1,-1,-1,-1,-1,-1,-1,-1,-1,-1,-1,-1,-1,-1,-1,0,0.210707,-1,13335,36,328,2,2,1,292,1,0,0,0,0,1
2,0,0,3,0,0,0,0,0,0,0,0,0,0,0,0,0,1,31,2,0,0,0,0,0,0,0,0,0,0,0,0,0,0,0,0,3,14,0,0,0,0,0,3,0,0,0,0,0,0,0,0,0,0,0,0,0,17,0,0,0,0,0,0,0,0,0,0,0,0,0,0,0,0,0,0,-1,-1,-1,-1,-1,-1,-1,-1,-1,-1,-1,-1,-1,-1,-1,-1,-1,-1,-1,-1,0,2.207552,0,50613,-1,-1,1,2,1,14396,1,0,0,0,0,1
3,0,0,2,0,0,0,0,0,0,0,0,0,0,0,0,0,1,50,2,0,0,0,0,0,0,0,0,0,0,0,0,0,0,0,0,5,20,0,0,1,0,0,2,0,0,0,0,0,0,0,0,0,0,0,0,0,30,1,0,0,0,0,0,0,0,0,0,0,0,0,0,0,0,0,17,-1,-1,-1,-1,-1,-1,-1,-1,-1,-1,-1,-1,-1,-1,-1,-1,-1,-1,-1,-1,0,0.674718,0,7296,7694,1435,1,2,1,7198,0,0,0,0,0,0
1,1,0,1,0,0,0,0,0,0,0,0,0,0,0,0,0,1,13,1,1,0,0,0,0,0,0,0,0,0,0,0,0,0,0,0,3,12,0,0,0,0,0,1,0,0,0,0,0,0,0,0,0,0,0,0,0,1,0,0,0,0,0,0,0,0,0,0,0,0,0,0,0,0,0,0,-1,-1,-1,-1,-1,-1,-1,-1,-1,-1,-1,-1,-1,-1,-1,-1,-1,-1,-1,-1,0,-1.0,0,-1,396,333,-1,2,0,-1,0,-1,0,0,0,1
1,0,0,0,0,0,0,0,0,0,0,0,0,0,0,0,0,1,22,1,0,0,0,0,0,0,0,0,0,0,0,0,0,0,0,0,8,22,0,0,-1,-1,-1,-1,-1,-1,-1,-1,-1,-1,-1,-1,-1,-1,-1,-1,-1,-1,-1,-1,-1,-1,-1,-1,-1,-1,-1,-1,-1,-1,-1,-1,-1,-1,-1,-1,-1,-1,-1,-1,-1,-1,-1,-1,-1,-1,-1,-1,-1,-1,-1,-1,-1,-1,-1,-1,0,1.2598200000000002,1,-1,6973,1062,1,2,3,290,0,2,0,0,0,0
2,0,0,2,0,0,0,0,0,0,0,0,0,0,0,0,0,1,31,1,0,0,0,0,0,0,0,0,0,0,0,0,0,0,0,0,6,16,0,0,1,0,0,2,0,0,0,0,0,0,0,0,0,0,0,0,0,15,1,0,0,0,0,0,0,0,0,0,0,0,0,0,0,0,0,9,-1,-1,-1,-1,-1,-1,-1,-1,-1,-1,-1,-1,-1,-1,-1,-1,-1,-1,-1,-1,0,2.70705,-1,20013,3267,19,1,2,1,9217,0,0,0,0,0,1
3,3,0,7,0,0,0,0,0,0,0,0,0,0,0,0,0,1,72,2,0,0,0,0,0,0,0,0,0,0,0,0,0,0,0,0,13,27,0,0,1,3,0,7,0,0,0,0,0,0,0,0,0,0,0,0,0,45,1,0,0,0,0,0,0,0,0,0,0,0,0,0,0,0,0,12,-1,-1,-1,-1,-1,-1,-1,-1,-1,-1,-1,-1,-1,-1,-1,-1,-1,-1,-1,-1,0,0.35714,1,20013,1079,16,1,2,1,3867,1,0,0,0,0,1
2,2,0,3,0,0,0,0,0,0,0,0,0,0,0,0,0,1,46,2,2,0,0,0,0,0,0,0,0,0,0,0,0,0,0,0,8,26,0,0,0,0,0,3,0,0,0,0,0,0,0,0,0,0,0,0,0,20,0,0,0,0,0,0,0,0,0,0,0,0,0,0,0,0,0,6,-1,-1,-1,-1,-1,-1,-1,-1,-1,-1,-1,-1,-1,-1,-1,-1,-1,-1,-1,-1,0,1.915713,0,32748,5719,124,1,2,1,2064,1,2,0,0,0,1
1,0,0,0,0,0,0,0,0,0,0,0,0,0,0,0,0,1,21,1,0,0,0,0,0,0,0,0,0,0,0,0,0,0,0,0,5,21,0,0,-1,-1,-1,-1,-1,-1,-1,-1,-1,-1,-1,-1,-1,-1,-1,-1,-1,-1,-1,-1,-1,-1,-1,-1,-1,-1,-1,-1,-1,-1,-1,-1,-1,-1,-1,-1,-1,-1,-1,-1,-1,-1,-1,-1,-1,-1,-1,-1,-1,-1,-1,-1,-1,-1,-1,-1,0,0.162907,0,30148,5865,1074,1,2,1,7192,1,1,0,0,0,0
3,0,0,3,0,0,0,0,0,0,0,0,0,0,0,0,0,2,37,1,0,0,0,0,0,0,0,0,0,0,0,0,0,0,0,0,7,14,0,0,2,0,0,3,0,0,0,0,0,0,0,0,0,0,0,0,0,23,0,0,0,0,0,0,0,0,0,0,0,0,0,0,0,0,0,0,-1,-1,-1,-1,-1,-1,-1,-1,-1,-1,-1,-1,-1,-1,-1,-1,-1,-1,-1,-1,0,0.786431,0,45731,648,81,1,2,1,14395,0,0,0,0,0,1
1,2,0,2,0,0,0,0,0,0,0,0,0,0,0,0,0,1,27,1,1,0,0,0,0,0,0,0,0,0,0,0,0,0,0,0,3,11,0,0,0,1,0,2,0,0,0,0,0,0,0,0,0,0,0,0,0,16,0,0,0,0,0,0,0,0,0,0,0,0,0,0,0,0,0,0,-1,-1,-1,-1,-1,-1,-1,-1,-1,-1,-1,-1,-1,-1,-1,-1,-1,-1,-1,-1,0,0.32912600000000003,-1,22612,42,322,1,2,3,1014,1,1,0,0,0,1
1,0,0,0,0,0,0,0,0,0,0,0,0,0,0,0,0,1,12,1,0,0,0,0,0,0,0,0,0,0,0,0,0,0,0,0,4,12,0,0,-1,-1,-1,-1,-1,-1,-1,-1,-1,-1,-1,-1,-1,-1,-1,-1,-1,-1,-1,-1,-1,-1,-1,-1,-1,-1,-1,-1,-1,-1,-1,-1,-1,-1,-1,-1,-1,-1,-1,-1,-1,-1,-1,-1,-1,-1,-1,-1,-1,-1,-1,-1,-1,-1,-1,-1,0,2.12568,0,13335,8049,1080,2,2,5,299,1,1,0,0,0,0
5,0,1,4,0,1,0,0,0,0,0,0,0,0,0,0,0,2,72,3,0,0,0,0,0,0,0,0,0,0,0,0,0,0,0,0,9,26,0,0,2,0,0,4,0,0,0,0,0,0,0,0,0,0,0,0,0,37,1,0,0,0,0,0,0,0,0,0,0,0,0,0,0,0,0,9,0,0,1,0,0,1,0,0,0,0,0,0,0,0,0,0,0,9,0,0,0,1.051976,0,24446,-1,-1,1,2,1,8965,0,0,0,0,0,1
2,0,0,2,0,0,0,0,0,0,0,0,0,0,0,0,0,1,39,1,0,0,0,0,0,0,0,0,0,0,0,0,0,0,0,0,5,13,0,0,1,0,0,2,0,0,0,0,0,0,0,0,0,0,0,0,0,26,1,0,0,0,0,0,0,0,0,0,0,0,0,0,0,0,0,17,-1,-1,-1,-1,-1,-1,-1,-1,-1,-1,-1,-1,-1,-1,-1,-1,-1,-1,-1,-1,0,-1.0,1,19994,6903,1132,1,2,2,14988,0,-1,0,0,0,0
1,1,0,5,0,0,0,0,0,0,0,0,0,0,0,0,0,1,54,1,1,0,0,0,0,0,0,0,0,0,0,0,0,0,0,0,6,17,0,0,0,0,0,5,0,0,0,0,0,0,0,0,0,0,0,0,0,37,0,0,0,0,0,0,0,0,0,0,0,0,0,0,0,0,0,0,-1,-1,-1,-1,-1,-1,-1,-1,-1,-1,-1,-1,-1,-1,-1,-1,-1,-1,-1,-1,0,0.599052,0,394695,1582,243,1,2,1,14391,0,0,0,0,0,1
2,1,0,0,0,0,0,0,0,0,0,0,0,0,0,0,0,2,17,2,1,0,0,0,0,0,0,0,0,0,0,0,0,0,0,0,4,17,0,0,-1,-1,-1,-1,-1,-1,-1,-1,-1,-1,-1,-1,-1,-1,-1,-1,-1,-1,-1,-1,-1,-1,-1,-1,-1,-1,-1,-1,-1,-1,-1,-1,-1,-1,-1,-1,-1,-1,-1,-1,-1,-1,-1,-1,-1,-1,-1,-1,-1,-1,-1,-1,-1,-1,-1,-1,0,-1.0,0,-1,-1,-1,-1,2,1,-1,0,-1,0,0,0,0
1,0,0,2,0,0,0,0,0,0,0,0,0,0,0,0,0,1,24,1,0,0,0,0,0,0,0,0,0,0,0,0,0,0,0,0,5,14,0,0,0,0,0,2,0,0,0,0,0,0,0,0,0,0,0,0,0,10,0,0,0,0,0,0,0,0,0,0,0,0,0,0,0,0,0,0,-1,-1,-1,-1,-1,-1,-1,-1,-1,-1,-1,-1,-1,-1,-1,-1,-1,-1,-1,-1,0,1.972471,1,46606,2990,296,1,2,1,14399,1,0,0,0,0,1
2,0,0,0,0,0,0,0,0,0,0,0,0,0,0,0,0,1,13,2,0,0,0,0,0,0,0,0,0,0,0,0,0,0,0,0,3,13,0,0,-1,-1,-1,-1,-1,-1,-1,-1,-1,-1,-1,-1,-1,-1,-1,-1,-1,-1,-1,-1,-1,-1,-1,-1,-1,-1,-1,-1,-1,-1,-1,-1,-1,-1,-1,-1,-1,-1,-1,-1,-1,-1,-1,-1,-1,-1,-1,-1,-1,-1,-1,-1,-1,-1,-1,-1,0,0.218255,-1,32787,50,314,1,2,1,299,0,0,0,0,0,0
1,0,0,2,0,0,0,0,0,0,0,0,0,0,0,0,0,1,15,1,0,0,0,0,0,0,0,0,0,0,0,0,0,0,0,0,1,7,0,0,0,0,0,2,0,0,0,0,0,0,0,0,0,0,0,0,0,8,0,0,0,0,0,0,0,0,0,0,0,0,0,0,0,0,0,0,-1,-1,-1,-1,-1,-1,-1,-1,-1,-1,-1,-1,-1,-1,-1,-1,-1,-1,-1,-1,0,0.708758,-1,32244,3158,493,1,2,5,545,1,4,0,0,1,1
1,1,0,4,0,0,0,0,0,0,0,0,0,0,0,0,0,1,56,1,0,0,0,0,0,0,0,0,0,0,0,0,0,0,0,0,10,26,0,0,0,1,0,4,0,0,0,0,0,0,0,0,0,0,0,0,0,30,0,0,0,0,0,0,0,0,0,0,0,0,0,0,0,0,0,6,-1,-1,-1,-1,-1,-1,-1,-1,-1,-1,-1,-1,-1,-1,-1,-1,-1,-1,-1,-1,0,-1.0,-1,33494,4579,168,1,2,1,291,0,-1,0,0,0,1
2,2,0,5,0,0,0,0,0,0,0,0,0,0,0,0,0,1,80,2,1,0,0,0,0,0,0,0,0,0,0,0,0,0,0,0,6,19,0,0,0,1,0,5,0,0,0,0,0,0,0,0,0,0,0,0,0,61,0,0,0,0,0,0,0,0,0,0,0,0,0,0,0,0,0,0,-1,-1,-1,-1,-1,-1,-1,-1,-1,-1,-1,-1,-1,-1,-1,-1,-1,-1,-1,-1,0,0.511055,0,31017,1623,201,1,2,1,7221,0,0,0,0,0,1
3,0,0,1,0,1,1,0,0,0,0,0,0,0,0,0,0,2,43,2,0,0,0,0,0,0,0,0,0,0,0,0,0,0,0,0,6,16,0,0,0,0,0,1,0,0,0,0,0,0,0,0,0,0,0,0,0,1,0,0,0,0,0,0,0,0,0,0,0,0,0,0,0,0,0,0,1,0,0,0,0,1,1,0,0,0,0,0,0,0,0,0,0,26,1,1,1,0.152289,-1,32244,328,36,1,2,1,14389,1,1,0,0,0,1
6,1,0,2,0,0,0,0,0,0,0,0,0,0,0,0,0,2,53,2,1,0,0,0,0,0,0,0,0,0,0,0,0,0,0,0,9,29,0,0,4,0,0,2,0,0,0,0,0,0,0,0,0,0,0,0,0,24,1,0,0,0,0,0,0,0,0,0,0,0,0,0,0,0,0,9,-1,-1,-1,-1,-1,-1,-1,-1,-1,-1,-1,-1,-1,-1,-1,-1,-1,-1,-1,-1,0,1.5706209999999998,0,53057,-1,-1,1,4,0,3585,1,3,0,0,0,1
2,0,0,0,0,0,0,0,0,0,0,0,0,0,0,0,0,1,21,2,0,0,0,0,0,0,0,0,0,0,0,0,0,0,0,0,5,21,0,0,-1,-1,-1,-1,-1,-1,-1,-1,-1,-1,-1,-1,-1,-1,-1,-1,-1,-1,-1,-1,-1,-1,-1,-1,-1,-1,-1,-1,-1,-1,-1,-1,-1,-1,-1,-1,-1,-1,-1,-1,-1,-1,-1,-1,-1,-1,-1,-1,-1,-1,-1,-1,-1,-1,-1,-1,0,0.375225,0,15169,-1,-1,1,4,0,113,1,0,0,0,0,0
3,0,0,2,0,0,0,0,0,0,0,0,0,0,0,0,0,1,40,2,0,0,0,0,0,0,0,0,0,0,0,0,0,0,0,0,5,17,0,0,1,0,0,2,0,0,0,0,0,0,0,0,0,0,0,0,0,23,1,0,0,0,0,0,0,0,0,0,0,0,0,0,0,0,0,10,-1,-1,-1,-1,-1,-1,-1,-1,-1,-1,-1,-1,-1,-1,-1,-1,-1,-1,-1,-1,0,-1.0,-1,8426,-1,-1,1,2,1,5706,1,0,0,0,0,1
2,0,0,1,0,0,0,0,0,0,0,0,0,0,0,0,0,1,20,2,0,0,0,0,0,0,0,0,0,0,0,0,0,0,0,0,5,19,0,0,0,0,0,1,0,0,0,0,0,0,0,0,0,0,0,0,0,1,0,0,0,0,0,0,0,0,0,0,0,0,0,0,0,0,0,0,-1,-1,-1,-1,-1,-1,-1,-1,-1,-1,-1,-1,-1,-1,-1,-1,-1,-1,-1,-1,0,-1.0,0,-1,-1,-1,-1,4,0,-1,0,-1,0,0,0,1
1,0,0,2,0,0,0,0,0,0,0,0,0,0,0,0,0,1,22,1,0,0,0,0,0,0,0,0,0,0,0,0,0,0,0,0,5,13,0,0,0,0,0,2,0,0,0,0,0,0,0,0,0,0,0,0,0,9,0,0,0,0,0,0,0,0,0,0,0,0,0,0,0,0,0,0,-1,-1,-1,-1,-1,-1,-1,-1,-1,-1,-1,-1,-1,-1,-1,-1,-1,-1,-1,-1,0,0.446954,0,13335,5287,190,2,2,7,285,1,1,0,0,0,0
4,0,0,1,0,0,0,0,0,0,0,0,0,0,0,0,0,0,21,3,0,0,0,0,0,0,0,0,0,0,0,0,0,0,0,0,0,10,1,0,1,0,0,1,0,0,0,0,0,0,0,0,0,0,0,0,0,11,1,0,0,0,0,0,0,0,0,0,0,0,0,0,0,0,0,10,-1,-1,-1,-1,-1,-1,-1,-1,-1,-1,-1,-1,-1,-1,-1,-1,-1,-1,-1,-1,0,1.30439,0,16625,-1,-1,1,4,0,0,0,0,0,0,0,1
1,0,0,2,0,1,0,0,0,0,0,0,0,0,0,0,0,1,30,1,0,0,0,0,0,0,0,0,0,0,0,0,0,0,0,0,4,11,0,0,0,0,0,2,0,0,0,0,0,0,0,0,0,0,0,0,0,15,0,0,0,0,0,0,0,0,0,0,0,0,0,0,0,0,0,7,0,0,0,0,0,1,0,0,0,0,0,0,0,0,0,0,0,4,0,1,0,1.007682,-1,45839,9,355,1,4,1,5993,1,0,0,0,0,1
2,0,0,2,0,0,0,0,0,0,0,0,0,0,0,0,0,1,33,1,0,0,0,0,0,0,0,0,0,0,0,0,0,0,0,0,6,16,0,0,1,0,0,2,0,0,0,0,0,0,0,0,0,0,0,0,0,17,1,0,0,0,0,0,0,0,0,0,0,0,0,0,0,0,0,9,-1,-1,-1,-1,-1,-1,-1,-1,-1,-1,-1,-1,-1,-1,-1,-1,-1,-1,-1,-1,0,2.038567,-1,45459,1978,212,1,2,1,285,0,0,0,0,0,1
1,0,0,6,0,0,0,0,0,0,0,0,0,0,0,0,0,1,42,1,0,0,0,0,0,0,0,0,0,0,0,0,0,0,0,0,7,19,0,0,0,0,0,6,0,0,0,0,0,0,0,0,0,0,0,0,0,23,0,0,0,0,0,0,0,0,0,0,0,0,0,0,0,0,0,0,-1,-1,-1,-1,-1,-1,-1,-1,-1,-1,-1,-1,-1,-1,-1,-1,-1,-1,-1,-1,0,0.288171,1,45037,4874,238,1,2,1,566,0,0,0,0,0,1
14,1,1,4,0,8,1,13,0,0,0,0,0,0,0,0,0,2,299,2,0,0,0,0,0,0,0,0,0,0,0,0,0,0,0,0,4,18,0,0,1,0,1,4,0,0,0,0,0,0,0,0,0,0,0,0,0,38,1,0,0,0,0,0,0,0,0,0,0,0,0,0,0,0,0,9,11,1,0,0,0,8,1,13,0,0,0,0,0,0,0,0,0,243,1,8,1,0.457197,1,46606,1488,337,1,2,1,3782,0,0,0,0,0,1
2,1,0,1,0,0,0,0,0,0,0,0,0,0,0,0,0,1,12,2,1,0,0,0,0,0,0,0,0,0,0,0,0,0,0,0,4,11,0,0,0,0,0,1,0,0,0,0,0,0,0,0,0,0,0,0,0,1,0,0,0,0,0,0,0,0,0,0,0,0,0,0,0,0,0,0,-1,-1,-1,-1,-1,-1,-1,-1,-1,-1,-1,-1,-1,-1,-1,-1,-1,-1,-1,-1,0,0.796545,-1,16509,694,35,1,3,2,3590,1,0,0,0,0,0
1,0,0,2,0,0,0,0,0,0,0,0,0,0,0,0,0,1,26,1,0,0,0,0,0,0,0,0,0,0,0,0,0,0,0,0,5,19,0,0,0,0,0,2,0,0,0,0,0,0,0,0,0,0,0,0,0,7,0,0,0,0,0,0,0,0,0,0,0,0,0,0,0,0,0,0,-1,-1,-1,-1,-1,-1,-1,-1,-1,-1,-1,-1,-1,-1,-1,-1,-1,-1,-1,-1,0,0.6310319999999999,1,20013,4524,223,1,2,1,14391,0,0,0,0,0,1
2,1,0,9,0,0,0,0,0,0,0,0,0,0,0,0,0,1,77,2,0,0,0,0,0,0,0,0,0,0,0,0,0,0,0,0,6,21,0,0,0,1,0,9,0,0,0,0,0,0,0,0,0,0,0,0,0,56,0,0,0,0,0,0,0,0,0,0,0,0,0,0,0,0,0,0,-1,-1,-1,-1,-1,-1,-1,-1,-1,-1,-1,-1,-1,-1,-1,-1,-1,-1,-1,-1,0,14.550967000000002,0,26347,2043,147,1,3,7,3837,1,0,0,0,0,1
3,0,0,0,0,0,0,0,0,0,0,0,0,0,0,0,0,1,16,3,0,0,0,0,0,0,0,0,0,0,0,0,0,0,0,0,5,16,0,0,-1,-1,-1,-1,-1,-1,-1,-1,-1,-1,-1,-1,-1,-1,-1,-1,-1,-1,-1,-1,-1,-1,-1,-1,-1,-1,-1,-1,-1,-1,-1,-1,-1,-1,-1,-1,-1,-1,-1,-1,-1,-1,-1,-1,-1,-1,-1,-1,-1,-1,-1,-1,-1,-1,-1,-1,0,0.195522,0,20940,-1,-1,3,6,0,214,1,1,0,0,0,0
2,0,0,1,0,0,0,0,0,0,0,0,0,0,0,0,0,1,16,2,0,0,0,0,0,0,0,0,0,0,0,0,0,0,0,0,4,15,0,0,0,0,0,1,0,0,0,0,0,0,0,0,0,0,0,0,0,1,0,0,0,0,0,0,0,0,0,0,0,0,0,0,0,0,0,0,-1,-1,-1,-1,-1,-1,-1,-1,-1,-1,-1,-1,-1,-1,-1,-1,-1,-1,-1,-1,0,0.403027,0,20940,3915,1228,1,5,2,143,0,0,0,0,0,0
2,1,0,3,0,0,0,0,0,0,0,0,0,0,0,0,0,1,47,1,0,0,0,0,0,0,0,0,0,0,0,0,0,0,0,0,8,20,0,0,1,1,0,3,0,0,0,0,0,0,0,0,0,0,0,0,0,27,1,0,0,0,0,0,0,0,0,0,0,0,0,0,0,0,0,9,-1,-1,-1,-1,-1,-1,-1,-1,-1,-1,-1,-1,-1,-1,-1,-1,-1,-1,-1,-1,0,1.406882,1,46606,1032,63,1,2,1,14371,0,0,0,0,0,1
1,0,0,1,0,0,0,0,0,0,0,0,0,0,0,0,0,1,20,1,0,0,0,0,0,0,0,0,0,0,0,0,0,0,0,0,8,19,0,0,0,0,0,1,0,0,0,0,0,0,0,0,0,0,0,0,0,1,0,0,0,0,0,0,0,0,0,0,0,0,0,0,0,0,0,0,-1,-1,-1,-1,-1,-1,-1,-1,-1,-1,-1,-1,-1,-1,-1,-1,-1,-1,-1,-1,0,0.688764,-1,22612,311,53,1,2,3,1191,0,0,0,0,0,1
2,1,1,4,0,0,0,0,0,0,0,0,0,0,0,0,0,1,74,1,0,0,0,0,0,0,0,0,0,0,0,0,0,0,0,0,10,27,0,0,1,1,1,4,0,0,0,0,0,0,0,0,0,0,0,0,0,47,1,1,0,0,0,0,0,0,0,0,0,0,0,0,0,0,0,13,-1,-1,-1,-1,-1,-1,-1,-1,-1,-1,-1,-1,-1,-1,-1,-1,-1,-1,-1,-1,0,0.520304,0,29854,3832,184,1,2,1,288,0,0,0,0,0,1
2,0,0,5,0,0,0,0,0,0,0,0,0,0,0,0,0,1,56,1,0,0,0,0,0,0,0,0,0,0,0,0,0,0,0,0,7,16,0,0,1,0,0,5,0,0,0,0,0,0,0,0,0,0,0,0,0,40,1,0,0,0,0,0,0,0,0,0,0,0,0,0,0,0,0,12,-1,-1,-1,-1,-1,-1,-1,-1,-1,-1,-1,-1,-1,-1,-1,-1,-1,-1,-1,-1,0,0.281771,-1,39758,5141,1827,1,2,1,849,0,0,0,0,0,1
3,0,0,2,0,0,0,0,0,0,0,0,0,0,0,0,0,1,43,3,0,0,0,0,0,0,0,0,0,0,0,0,0,0,0,0,9,26,0,0,0,0,0,2,0,0,0,0,0,0,0,0,0,0,0,0,0,17,0,0,0,0,0,0,0,0,0,0,0,0,0,0,0,0,0,6,-1,-1,-1,-1,-1,-1,-1,-1,-1,-1,-1,-1,-1,-1,-1,-1,-1,-1,-1,-1,0,0.549636,-1,55803,-1,-1,1,2,5,14386,1,1,0,0,0,1
2,0,0,0,0,0,0,0,0,0,0,0,0,0,0,0,0,1,20,2,0,0,0,0,0,0,0,0,0,0,0,0,0,0,0,0,5,20,0,0,-1,-1,-1,-1,-1,-1,-1,-1,-1,-1,-1,-1,-1,-1,-1,-1,-1,-1,-1,-1,-1,-1,-1,-1,-1,-1,-1,-1,-1,-1,-1,-1,-1,-1,-1,-1,-1,-1,-1,-1,-1,-1,-1,-1,-1,-1,-1,-1,-1,-1,-1,-1,-1,-1,-1,-1,0,1.703583,0,46844,5534,309,5,5,7,3598,1,-1,0,0,0,0
2,0,0,3,0,0,0,0,0,0,0,0,0,0,0,0,0,1,40,2,0,0,0,0,0,0,0,0,0,0,0,0,0,0,0,0,6,16,0,0,0,0,0,3,0,0,0,0,0,0,0,0,0,0,0,0,0,24,0,0,0,0,0,0,0,0,0,0,0,0,0,0,0,0,0,0,-1,-1,-1,-1,-1,-1,-1,-1,-1,-1,-1,-1,-1,-1,-1,-1,-1,-1,-1,-1,0,0.186412,0,15169,-1,-1,1,4,5,67,1,0,0,0,0,1
1,0,0,0,0,0,0,0,0,0,0,0,0,0,0,0,0,1,16,1,0,0,0,0,0,0,0,0,0,0,0,0,0,0,0,0,5,16,0,0,-1,-1,-1,-1,-1,-1,-1,-1,-1,-1,-1,-1,-1,-1,-1,-1,-1,-1,-1,-1,-1,-1,-1,-1,-1,-1,-1,-1,-1,-1,-1,-1,-1,-1,-1,-1,-1,-1,-1,-1,-1,-1,-1,-1,-1,-1,-1,-1,-1,-1,-1,-1,-1,-1,-1,-1,0,0.215229,0,13335,3474,177,2,2,0,291,1,1,0,0,0,0
6,3,4,3,0,0,1,0,0,0,0,0,0,0,0,0,0,2,102,3,0,0,0,0,0,0,0,0,0,0,0,0,0,0,0,0,8,22,0,0,1,1,0,3,0,0,0,0,0,0,0,0,0,0,0,0,0,16,1,0,0,0,0,0,0,0,0,0,0,0,0,0,0,0,0,4,2,2,4,0,0,0,1,0,0,0,0,0,0,0,0,0,0,64,1,0,1,0.519167,1,18479,-1,-1,1,4,1,292,1,0,0,0,0,1
2,0,0,0,0,0,0,0,0,0,0,0,0,0,0,0,0,1,14,2,0,0,0,0,0,0,0,0,0,0,0,0,0,0,0,0,5,14,0,0,-1,-1,-1,-1,-1,-1,-1,-1,-1,-1,-1,-1,-1,-1,-1,-1,-1,-1,-1,-1,-1,-1,-1,-1,-1,-1,-1,-1,-1,-1,-1,-1,-1,-1,-1,-1,-1,-1,-1,-1,-1,-1,-1,-1,-1,-1,-1,-1,-1,-1,-1,-1,-1,-1,-1,-1,0,0.574513,0,13335,2733,554,2,2,0,298,1,0,0,0,0,0
2,0,0,0,0,0,0,0,0,0,0,0,0,0,0,0,0,1,21,2,0,0,0,0,0,0,0,0,0,0,0,0,0,0,0,0,7,21,0,0,-1,-1,-1,-1,-1,-1,-1,-1,-1,-1,-1,-1,-1,-1,-1,-1,-1,-1,-1,-1,-1,-1,-1,-1,-1,-1,-1,-1,-1,-1,-1,-1,-1,-1,-1,-1,-1,-1,-1,-1,-1,-1,-1,-1,-1,-1,-1,-1,-1,-1,-1,-1,-1,-1,-1,-1,0,2.0345310000000003,0,15169,-1,-1,1,4,0,174,1,1,0,0,0,0
3,1,0,3,0,0,0,0,0,0,0,0,0,0,0,0,1,2,51,2,1,0,0,0,0,0,0,0,0,0,0,0,0,0,0,0,7,20,0,0,1,0,0,3,0,0,0,0,0,0,0,0,0,0,0,0,1,31,1,0,0,0,0,0,0,0,0,0,0,0,0,0,0,0,0,13,-1,-1,-1,-1,-1,-1,-1,-1,-1,-1,-1,-1,-1,-1,-1,-1,-1,-1,-1,-1,0,0.197692,0,15830,3232,54,1,2,1,285,0,0,0,0,0,1
2,0,0,1,0,1,0,0,0,0,0,0,0,0,0,0,0,1,31,2,0,0,0,0,0,0,0,0,0,0,0,0,0,0,0,0,8,27,0,0,0,0,0,1,0,0,0,0,0,0,0,0,0,0,0,0,0,1,0,0,0,0,0,0,0,0,0,0,0,0,0,0,0,0,0,0,0,0,0,0,0,1,0,0,0,0,0,0,0,0,0,0,0,3,0,1,0,2.2618970000000003,0,34119,-1,-1,1,2,1,86387,0,0,0,0,0,1
1,0,0,0,0,0,0,0,0,0,0,0,0,0,0,0,0,1,9,1,0,0,0,0,0,0,0,0,0,0,0,0,0,0,0,0,1,9,0,0,-1,-1,-1,-1,-1,-1,-1,-1,-1,-1,-1,-1,-1,-1,-1,-1,-1,-1,-1,-1,-1,-1,-1,-1,-1,-1,-1,-1,-1,-1,-1,-1,-1,-1,-1,-1,-1,-1,-1,-1,-1,-1,-1,-1,-1,-1,-1,-1,-1,-1,-1,-1,-1,-1,-1,-1,0,0.939856,-1,4766,5931,1373,1,4,2,1790,0,0,0,0,0,0
2,0,0,3,0,0,0,0,0,0,0,0,0,0,0,0,0,1,45,2,0,0,0,0,0,0,0,0,0,0,0,0,0,0,0,0,9,28,0,0,0,0,0,3,0,0,0,0,0,0,0,0,0,0,0,0,0,17,0,0,0,0,0,0,0,0,0,0,0,0,0,0,0,0,0,1,-1,-1,-1,-1,-1,-1,-1,-1,-1,-1,-1,-1,-1,-1,-1,-1,-1,-1,-1,-1,0,0.238125,0,55053,-1,-1,1,2,1,1005,1,0,0,0,0,0
2,0,0,2,0,1,0,0,0,0,0,0,0,0,0,0,0,1,29,2,0,0,0,0,0,0,0,0,0,0,0,0,0,0,0,0,7,18,0,0,0,0,0,2,0,0,0,0,0,0,0,0,0,0,0,0,0,5,0,0,0,0,0,0,0,0,0,0,0,0,0,0,0,0,0,0,0,0,0,0,0,1,0,0,0,0,0,0,0,0,0,0,0,6,0,0,0,2.063847,0,31034,3099,187,1,4,1,21598,0,0,0,0,0,1
1,1,0,1,0,0,0,0,0,0,0,0,0,0,0,0,0,1,14,1,1,0,0,0,0,0,0,0,0,0,0,0,0,0,0,0,4,13,0,0,0,0,0,1,0,0,0,0,0,0,0,0,0,0,0,0,0,1,0,0,0,0,0,0,0,0,0,0,0,0,0,0,0,0,0,0,-1,-1,-1,-1,-1,-1,-1,-1,-1,-1,-1,-1,-1,-1,-1,-1,-1,-1,-1,-1,0,0.115176,-1,7979,37,327,1,2,1,14392,0,1,0,0,0,1
1,0,0,2,0,0,0,0,0,0,0,0,0,0,0,0,0,1,19,1,0,0,0,0,0,0,0,0,0,0,0,0,0,0,0,0,4,13,0,0,0,0,0,2,0,0,0,0,0,0,0,0,0,0,0,0,0,6,0,0,0,0,0,0,0,0,0,0,0,0,0,0,0,0,0,0,-1,-1,-1,-1,-1,-1,-1,-1,-1,-1,-1,-1,-1,-1,-1,-1,-1,-1,-1,-1,0,0.956111,1,26496,1038,422,1,2,1,1346,0,0,0,0,0,1
2,0,0,0,0,0,0,0,0,0,0,0,0,0,0,0,0,1,10,2,0,0,0,0,0,0,0,0,0,0,0,0,0,0,0,0,0,10,0,0,-1,-1,-1,-1,-1,-1,-1,-1,-1,-1,-1,-1,-1,-1,-1,-1,-1,-1,-1,-1,-1,-1,-1,-1,-1,-1,-1,-1,-1,-1,-1,-1,-1,-1,-1,-1,-1,-1,-1,-1,-1,-1,-1,-1,-1,-1,-1,-1,-1,-1,-1,-1,-1,-1,-1,-1,0,0.42692,0,12876,1416,44,1,2,1,3596,1,1,0,0,0,0
3,0,0,1,0,0,0,0,0,0,0,0,0,0,0,0,0,1,21,2,0,0,0,0,0,0,0,0,0,0,0,0,0,0,0,0,3,12,0,0,1,0,0,1,0,0,0,0,0,0,0,0,0,0,0,0,0,9,1,0,0,0,0,0,0,0,0,0,0,0,0,0,0,0,0,8,-1,-1,-1,-1,-1,-1,-1,-1,-1,-1,-1,-1,-1,-1,-1,-1,-1,-1,-1,-1,0,0.148118,0,44476,-1,-1,1,2,1,3592,0,2,0,0,0,1
1,1,0,3,0,0,0,0,0,0,0,0,0,0,0,0,0,1,31,1,0,0,0,0,0,0,0,0,0,0,0,0,0,0,0,0,4,14,0,0,0,1,0,3,0,0,0,0,0,0,0,0,0,0,0,0,0,17,0,0,0,0,0,0,0,0,0,0,0,0,0,0,0,0,0,0,-1,-1,-1,-1,-1,-1,-1,-1,-1,-1,-1,-1,-1,-1,-1,-1,-1,-1,-1,-1,0,1.45397,1,46606,4539,939,1,2,3,14388,1,0,0,0,0,1
2,0,0,1,0,0,0,0,0,0,0,0,0,0,0,0,0,1,17,2,0,0,0,0,0,0,0,0,0,0,0,0,0,0,0,0,3,16,0,0,0,0,0,1,0,0,0,0,0,0,0,0,0,0,0,0,0,1,0,0,0,0,0,0,0,0,0,0,0,0,0,0,0,0,0,0,-1,-1,-1,-1,-1,-1,-1,-1,-1,-1,-1,-1,-1,-1,-1,-1,-1,-1,-1,-1,0,0.467697,-1,40034,1871,319,1,2,0,298,0,0,0,0,0,0
1,0,0,2,0,0,0,0,0,0,0,0,0,0,0,0,0,1,38,1,0,0,0,0,0,0,0,0,0,0,0,0,0,0,0,0,6,17,0,0,0,0,0,2,0,0,0,0,0,0,0,0,0,0,0,0,0,21,0,0,0,0,0,0,0,0,0,0,0,0,0,0,0,0,0,14,-1,-1,-1,-1,-1,-1,-1,-1,-1,-1,-1,-1,-1,-1,-1,-1,-1,-1,-1,-1,0,2.535426,1,20013,1630,195,1,2,1,10880,1,1,0,0,0,1
2,0,0,0,0,0,0,0,0,0,0,0,0,0,0,0,0,1,21,2,0,0,0,0,0,0,0,0,0,0,0,0,0,0,0,0,4,21,0,0,-1,-1,-1,-1,-1,-1,-1,-1,-1,-1,-1,-1,-1,-1,-1,-1,-1,-1,-1,-1,-1,-1,-1,-1,-1,-1,-1,-1,-1,-1,-1,-1,-1,-1,-1,-1,-1,-1,-1,-1,-1,-1,-1,-1,-1,-1,-1,-1,-1,-1,-1,-1,-1,-1,-1,-1,0,0.741467,0,46606,6798,506,1,4,0,58,0,-1,0,0,0,0
2,2,0,3,0,0,0,0,0,0,0,0,0,0,0,0,0,1,60,1,0,0,0,0,0,0,0,0,0,0,0,0,0,0,0,0,10,27,0,0,1,2,0,3,0,0,0,0,0,0,0,0,0,0,0,0,0,33,1,0,0,0,0,0,0,0,0,0,0,0,0,0,0,0,0,12,-1,-1,-1,-1,-1,-1,-1,-1,-1,-1,-1,-1,-1,-1,-1,-1,-1,-1,-1,-1,0,0.619858,-1,53850,3127,159,1,2,1,14389,1,0,0,0,0,1
3,0,0,2,0,0,0,0,0,0,0,0,0,0,0,0,0,1,47,2,0,0,0,0,0,0,0,0,0,0,0,0,0,0,0,0,4,25,0,0,1,0,0,2,0,0,0,0,0,0,0,0,0,0,0,0,0,22,1,0,0,0,0,0,0,0,0,0,0,0,0,0,0,0,0,13,-1,-1,-1,-1,-1,-1,-1,-1,-1,-1,-1,-1,-1,-1,-1,-1,-1,-1,-1,-1,0,0.321311,0,47583,-1,-1,1,1,1,51,1,0,0,0,0,1
2,0,0,0,0,0,0,0,0,0,0,0,0,0,0,0,0,1,20,2,0,0,0,0,0,0,0,0,0,0,0,0,0,0,0,0,6,20,0,0,-1,-1,-1,-1,-1,-1,-1,-1,-1,-1,-1,-1,-1,-1,-1,-1,-1,-1,-1,-1,-1,-1,-1,-1,-1,-1,-1,-1,-1,-1,-1,-1,-1,-1,-1,-1,-1,-1,-1,-1,-1,-1,-1,-1,-1,-1,-1,-1,-1,-1,-1,-1,-1,-1,-1,-1,0,0.6664140000000001,0,2635,-1,-1,2,4,1,286,1,1,0,0,0,0
1,0,0,0,0,0,0,0,0,0,0,0,0,0,0,0,0,1,11,1,0,0,0,0,0,0,0,0,0,0,0,0,0,0,0,0,4,11,0,0,-1,-1,-1,-1,-1,-1,-1,-1,-1,-1,-1,-1,-1,-1,-1,-1,-1,-1,-1,-1,-1,-1,-1,-1,-1,-1,-1,-1,-1,-1,-1,-1,-1,-1,-1,-1,-1,-1,-1,-1,-1,-1,-1,-1,-1,-1,-1,-1,-1,-1,-1,-1,-1,-1,-1,-1,0,-1.0,0,14618,7618,50,1,2,1,578,0,-1,0,0,0,0
2,0,0,1,0,2,0,1,0,0,0,0,0,0,0,0,0,1,50,2,0,0,0,0,0,0,0,0,0,0,0,0,0,0,0,0,5,15,0,0,0,0,0,1,0,0,0,0,0,0,0,0,0,0,0,0,0,6,0,0,0,0,0,0,0,0,0,0,0,0,0,0,0,0,0,5,0,0,0,0,0,2,0,1,0,0,0,0,0,0,0,0,0,29,0,2,0,0.155559,0,15169,4979,133,1,4,5,14,1,0,0,0,0,0
1,0,0,3,0,0,0,0,0,0,0,0,0,0,0,0,0,1,29,1,0,0,0,0,0,0,0,0,0,0,0,0,0,0,0,0,8,21,0,0,0,0,0,3,0,0,0,0,0,0,0,0,0,0,0,0,0,8,0,0,0,0,0,0,0,0,0,0,0,0,0,0,0,0,0,0,-1,-1,-1,-1,-1,-1,-1,-1,-1,-1,-1,-1,-1,-1,-1,-1,-1,-1,-1,-1,0,2.094754,0,32475,848,246,1,2,1,14389,0,0,0,0,0,1
3,0,0,1,0,0,0,0,0,0,0,0,0,0,0,0,0,1,34,3,0,0,0,0,0,0,0,0,0,0,0,0,0,0,0,0,12,33,0,0,0,0,0,1,0,0,0,0,0,0,0,0,0,0,0,0,0,1,0,0,0,0,0,0,0,0,0,0,0,0,0,0,0,0,0,0,-1,-1,-1,-1,-1,-1,-1,-1,-1,-1,-1,-1,-1,-1,-1,-1,-1,-1,-1,-1,0,0.34794,0,13335,1287,173,2,2,0,290,1,0,0,0,0,1
2,0,0,0,0,0,0,0,0,0,0,0,0,0,0,0,0,1,23,2,0,0,0,0,0,0,0,0,0,0,0,0,0,0,0,0,7,23,0,0,-1,-1,-1,-1,-1,-1,-1,-1,-1,-1,-1,-1,-1,-1,-1,-1,-1,-1,-1,-1,-1,-1,-1,-1,-1,-1,-1,-1,-1,-1,-1,-1,-1,-1,-1,-1,-1,-1,-1,-1,-1,-1,-1,-1,-1,-1,-1,-1,-1,-1,-1,-1,-1,-1,-1,-1,0,-1.0,0,-1,-1,-1,-1,4,0,-1,0,-1,0,0,0,0
3,0,0,3,0,0,0,0,0,0,0,0,0,0,0,0,0,1,46,2,0,0,0,0,0,0,0,0,0,0,0,0,0,0,0,0,7,19,0,1,1,0,0,3,0,0,0,0,0,0,0,0,0,0,0,0,0,27,1,0,0,0,0,0,0,0,0,0,0,0,0,0,0,0,0,9,-1,-1,-1,-1,-1,-1,-1,-1,-1,-1,-1,-1,-1,-1,-1,-1,-1,-1,-1,-1,0,0.641628,0,22611,-1,-1,1,2,1,12892,0,0,0,0,0,1
2,0,0,0,0,0,0,0,0,0,0,0,0,0,0,0,0,1,15,2,0,0,0,0,0,0,0,0,0,0,0,0,0,0,0,0,4,15,0,0,-1,-1,-1,-1,-1,-1,-1,-1,-1,-1,-1,-1,-1,-1,-1,-1,-1,-1,-1,-1,-1,-1,-1,-1,-1,-1,-1,-1,-1,-1,-1,-1,-1,-1,-1,-1,-1,-1,-1,-1,-1,-1,-1,-1,-1,-1,-1,-1,-1,-1,-1,-1,-1,-1,-1,-1,0,0.186929,0,13335,3262,24,2,2,5,30,1,2,0,0,0,0
3,0,0,3,0,0,0,0,0,0,0,0,0,0,0,0,0,1,37,2,0,0,0,0,0,0,0,0,0,0,0,0,0,0,0,0,3,11,0,0,1,0,0,3,0,0,0,0,0,0,0,0,0,0,0,0,0,26,1,0,0,0,0,0,0,0,0,0,0,0,0,0,0,0,0,12,-1,-1,-1,-1,-1,-1,-1,-1,-1,-1,-1,-1,-1,-1,-1,-1,-1,-1,-1,-1,0,0.326842,0,31034,-1,-1,1,4,0,1793,1,0,0,0,0,1
1,0,1,4,0,1,0,0,0,0,0,0,0,0,0,0,0,1,39,1,0,0,0,0,0,0,0,0,0,0,0,0,0,0,0,0,2,9,0,0,0,0,1,4,0,0,0,0,0,0,0,0,0,0,0,0,0,26,0,0,0,0,0,0,0,0,0,0,0,0,0,0,0,0,0,0,0,0,0,0,0,1,0,0,0,0,0,0,0,0,0,0,0,4,0,0,0,1.004773,1,20013,2351,935,1,2,1,14391,1,0,0,0,0,1
2,1,0,1,0,0,0,0,0,0,0,0,0,0,0,0,0,2,20,2,1,0,0,0,0,0,0,0,0,0,0,0,0,0,0,0,6,19,0,0,0,0,0,1,0,0,0,0,0,0,0,0,0,0,0,0,0,1,0,0,0,0,0,0,0,0,0,0,0,0,0,0,0,0,0,0,-1,-1,-1,-1,-1,-1,-1,-1,-1,-1,-1,-1,-1,-1,-1,-1,-1,-1,-1,-1,0,0.180116,0,16625,4544,569,1,6,1,19,1,0,0,0,0,0
2,0,0,3,0,0,0,0,0,0,0,0,0,0,0,0,0,1,35,2,0,0,0,0,0,0,0,0,0,0,0,0,0,0,0,0,6,16,0,0,0,0,0,3,0,0,0,0,0,0,0,0,0,0,0,0,0,19,0,0,0,0,0,0,0,0,0,0,0,0,0,0,0,0,0,0,-1,-1,-1,-1,-1,-1,-1,-1,-1,-1,-1,-1,-1,-1,-1,-1,-1,-1,-1,-1,0,0.250103,0,15169,-1,-1,1,4,5,7,1,0,0,0,0,1
2,0,0,0,0,0,0,0,0,0,0,0,0,0,0,0,0,1,13,2,0,0,0,0,0,0,0,0,0,0,0,0,0,0,0,0,2,13,0,0,-1,-1,-1,-1,-1,-1,-1,-1,-1,-1,-1,-1,-1,-1,-1,-1,-1,-1,-1,-1,-1,-1,-1,-1,-1,-1,-1,-1,-1,-1,-1,-1,-1,-1,-1,-1,-1,-1,-1,-1,-1,-1,-1,-1,-1,-1,-1,-1,-1,-1,-1,-1,-1,-1,-1,-1,0,0.273751,0,19551,6289,284,2,4,2,299,1,1,0,0,0,0
2,0,2,2,0,0,0,0,0,0,0,0,0,0,0,0,0,1,42,2,0,0,0,0,0,0,0,0,0,0,0,0,0,0,0,0,7,16,0,0,0,0,2,2,0,0,0,0,0,0,0,0,0,0,0,0,0,26,0,0,2,0,0,0,0,0,0,0,0,0,0,0,0,0,0,20,-1,-1,-1,-1,-1,-1,-1,-1,-1,-1,-1,-1,-1,-1,-1,-1,-1,-1,-1,-1,0,0.03127,0,43821,-1,-1,1,3,2,571,1,1,0,0,0,0
2,0,0,1,0,0,0,0,0,0,0,0,0,0,0,0,0,1,13,2,0,0,0,0,0,0,0,0,0,0,0,0,0,0,0,0,2,12,0,0,0,0,0,1,0,0,0,0,0,0,0,0,0,0,0,0,0,1,0,0,0,0,0,0,0,0,0,0,0,0,0,0,0,0,0,0,-1,-1,-1,-1,-1,-1,-1,-1,-1,-1,-1,-1,-1,-1,-1,-1,-1,-1,-1,-1,0,0.239082,0,54113,5768,1171,1,2,2,25234,1,0,0,0,0,0
1,0,0,3,0,0,0,0,0,0,0,0,0,0,0,0,0,1,24,1,0,0,0,0,0,0,0,0,0,0,0,0,0,0,0,0,3,12,0,0,0,0,0,3,0,0,0,0,0,0,0,0,0,0,0,0,0,12,0,0,0,0,0,0,0,0,0,0,0,0,0,0,0,0,0,0,-1,-1,-1,-1,-1,-1,-1,-1,-1,-1,-1,-1,-1,-1,-1,-1,-1,-1,-1,-1,0,0.5362279999999999,1,20013,5809,34,1,2,1,3596,0,0,0,0,0,1
2,0,0,0,0,0,0,0,0,0,0,0,0,0,0,0,0,1,14,2,0,0,0,0,0,0,0,0,0,0,0,0,0,0,0,0,4,14,0,0,-1,-1,-1,-1,-1,-1,-1,-1,-1,-1,-1,-1,-1,-1,-1,-1,-1,-1,-1,-1,-1,-1,-1,-1,-1,-1,-1,-1,-1,-1,-1,-1,-1,-1,-1,-1,-1,-1,-1,-1,-1,-1,-1,-1,-1,-1,-1,-1,-1,-1,-1,-1,-1,-1,-1,-1,0,0.267498,0,2830,8984,3069,1,4,1,12969,0,2,0,0,0,0
2,0,0,3,0,0,0,0,0,0,0,0,0,0,0,0,0,1,57,1,0,0,0,0,0,0,0,0,0,0,0,0,0,0,0,0,11,29,0,0,1,0,0,3,0,0,0,0,0,0,0,0,0,0,0,0,0,28,1,0,0,0,0,0,0,0,0,0,0,0,0,0,0,0,0,9,-1,-1,-1,-1,-1,-1,-1,-1,-1,-1,-1,-1,-1,-1,-1,-1,-1,-1,-1,-1,0,0.5419430000000001,1,26496,870,224,1,2,1,10751,1,0,0,0,0,1
2,1,0,0,0,0,0,0,0,0,0,0,0,0,0,0,0,1,21,2,1,0,0,0,0,0,0,0,0,0,0,0,0,0,0,0,8,21,0,0,-1,-1,-1,-1,-1,-1,-1,-1,-1,-1,-1,-1,-1,-1,-1,-1,-1,-1,-1,-1,-1,-1,-1,-1,-1,-1,-1,-1,-1,-1,-1,-1,-1,-1,-1,-1,-1,-1,-1,-1,-1,-1,-1,-1,-1,-1,-1,-1,-1,-1,-1,-1,-1,-1,-1,-1,0,0.189911,0,43424,-1,-1,1,2,7,292,0,1,0,0,0,0
3,0,0,0,0,0,0,0,0,0,0,0,0,0,0,0,0,1,22,3,0,0,0,0,0,0,0,0,0,0,0,0,0,0,0,0,7,22,0,0,-1,-1,-1,-1,-1,-1,-1,-1,-1,-1,-1,-1,-1,-1,-1,-1,-1,-1,-1,-1,-1,-1,-1,-1,-1,-1,-1,-1,-1,-1,-1,-1,-1,-1,-1,-1,-1,-1,-1,-1,-1,-1,-1,-1,-1,-1,-1,-1,-1,-1,-1,-1,-1,-1,-1,-1,0,2.256814,0,27715,8316,-1,1,2,5,285,0,0,0,0,0,0
2,0,0,3,0,0,0,0,0,0,0,0,0,0,0,0,0,1,26,2,0,0,0,0,0,0,0,0,0,0,0,0,0,0,0,0,4,16,0,0,0,0,0,3,0,0,0,0,0,0,0,0,0,0,0,0,0,10,0,0,0,0,0,0,0,0,0,0,0,0,0,0,0,0,0,0,-1,-1,-1,-1,-1,-1,-1,-1,-1,-1,-1,-1,-1,-1,-1,-1,-1,-1,-1,-1,0,0.938201,1,20013,2366,189,1,2,1,11206,1,2,0,0,0,0
1,0,0,1,0,0,0,0,0,0,0,0,0,0,0,0,0,1,15,1,0,0,0,0,0,0,0,0,0,0,0,0,0,0,0,0,7,14,0,0,0,0,0,1,0,0,0,0,0,0,0,0,0,0,0,0,0,1,0,0,0,0,0,0,0,0,0,0,0,0,0,0,0,0,0,0,-1,-1,-1,-1,-1,-1,-1,-1,-1,-1,-1,-1,-1,-1,-1,-1,-1,-1,-1,-1,0,0.145818,-1,50673,1603,222,1,2,2,2689,1,0,0,0,0,0
2,0,0,3,0,0,0,0,0,0,0,0,0,0,0,0,0,1,49,2,0,0,0,0,0,0,0,0,0,0,0,0,0,0,0,0,6,16,0,0,0,0,0,3,0,0,0,0,0,0,0,0,0,0,0,0,0,33,0,0,0,0,0,0,0,0,0,0,0,0,0,0,0,0,0,0,-1,-1,-1,-1,-1,-1,-1,-1,-1,-1,-1,-1,-1,-1,-1,-1,-1,-1,-1,-1,0,0.221105,0,15169,-1,-1,1,4,5,86,1,0,0,0,0,1
2,0,0,0,0,0,0,0,0,0,0,0,0,0,0,0,0,1,12,2,0,0,0,0,0,0,0,0,0,0,0,0,0,0,0,0,3,12,0,0,-1,-1,-1,-1,-1,-1,-1,-1,-1,-1,-1,-1,-1,-1,-1,-1,-1,-1,-1,-1,-1,-1,-1,-1,-1,-1,-1,-1,-1,-1,-1,-1,-1,-1,-1,-1,-1,-1,-1,-1,-1,-1,-1,-1,-1,-1,-1,-1,-1,-1,-1,-1,-1,-1,-1,-1,0,0.53689,0,40415,4850,262,2,4,7,2061,1,0,0,0,0,0
6,1,0,9,0,1,1,0,0,0,0,0,0,0,0,0,0,2,110,1,0,0,0,0,0,0,0,0,0,0,0,0,0,0,0,0,10,27,0,0,3,1,0,9,0,0,0,0,0,0,0,0,0,0,0,0,0,59,0,0,0,0,0,0,0,0,0,0,0,0,0,0,0,0,0,0,2,0,0,0,0,1,1,0,0,0,0,0,0,0,0,0,0,24,1,1,1,3.207191,-1,63068,414,315,1,2,1,5103,1,1,0,0,0,1
1,2,0,7,0,0,0,0,0,0,0,0,0,0,0,0,0,1,41,1,1,0,0,0,0,0,0,0,0,0,0,0,0,0,0,0,1,9,0,0,0,1,0,7,0,0,0,0,0,0,0,0,0,0,0,0,0,32,0,0,0,0,0,0,0,0,0,0,0,0,0,0,0,0,0,0,-1,-1,-1,-1,-1,-1,-1,-1,-1,-1,-1,-1,-1,-1,-1,-1,-1,-1,-1,-1,0,1.159006,1,26496,4715,397,1,2,1,589,1,0,0,0,0,1
3,0,0,1,0,0,0,0,0,0,0,0,0,0,0,0,0,1,27,2,0,0,0,0,0,0,0,0,0,0,0,0,0,0,0,0,5,17,0,0,1,0,0,1,0,0,0,0,0,0,0,0,0,0,0,0,0,10,1,0,0,0,0,0,0,0,0,0,0,0,0,0,0,0,0,9,-1,-1,-1,-1,-1,-1,-1,-1,-1,-1,-1,-1,-1,-1,-1,-1,-1,-1,-1,-1,0,0.52251,0,133618,2357,198,1,2,1,3598,0,1,0,0,0,0
2,1,0,2,0,0,0,0,0,0,0,0,0,0,0,0,0,1,39,2,1,0,0,0,0,0,0,0,0,0,0,0,0,0,0,0,4,20,0,0,0,0,0,2,0,0,0,0,0,0,0,0,0,0,0,0,0,19,0,0,0,0,0,0,0,0,0,0,0,0,0,0,0,0,0,9,-1,-1,-1,-1,-1,-1,-1,-1,-1,-1,-1,-1,-1,-1,-1,-1,-1,-1,-1,-1,0,0.123871,0,-1,-1,-1,1,4,1,14387,0,0,0,0,0,1
1,0,0,0,0,0,0,0,0,0,0,0,0,0,0,0,0,1,22,1,0,0,0,0,0,0,0,0,0,0,0,0,0,0,0,0,9,22,0,0,-1,-1,-1,-1,-1,-1,-1,-1,-1,-1,-1,-1,-1,-1,-1,-1,-1,-1,-1,-1,-1,-1,-1,-1,-1,-1,-1,-1,-1,-1,-1,-1,-1,-1,-1,-1,-1,-1,-1,-1,-1,-1,-1,-1,-1,-1,-1,-1,-1,-1,-1,-1,-1,-1,-1,-1,0,2.5643,1,47172,4942,170,1,2,1,801,1,2,0,0,0,0
3,0,0,3,0,1,1,0,0,0,0,0,0,0,0,0,0,2,74,1,0,0,0,0,0,0,0,0,0,0,0,0,0,0,0,0,7,24,0,0,1,0,0,3,0,0,0,0,0,0,0,0,0,0,0,0,0,26,1,0,0,0,0,0,0,0,0,0,0,0,0,0,0,0,0,9,1,0,0,0,0,1,1,0,0,0,0,0,0,0,0,0,0,24,1,1,1,0.724299,0,24446,1804,386,1,2,1,14177,0,0,0,0,0,1
1,0,0,4,0,0,0,0,0,0,0,0,0,0,0,0,0,1,43,1,0,0,0,0,0,0,0,0,0,0,0,0,0,0,0,0,5,17,0,0,0,0,0,4,0,0,0,0,0,0,0,0,0,0,0,0,0,26,0,0,0,0,0,0,0,0,0,0,0,0,0,0,0,0,0,0,-1,-1,-1,-1,-1,-1,-1,-1,-1,-1,-1,-1,-1,-1,-1,-1,-1,-1,-1,-1,0,1.134314,1,394695,1546,279,1,2,1,296,0,0,0,0,0,1
1,0,0,1,0,0,0,0,0,0,0,0,0,0,0,0,0,1,13,1,0,0,0,0,0,0,0,0,0,0,0,0,0,0,0,0,2,6,0,0,0,0,0,1,0,0,0,0,0,0,0,0,0,0,0,0,0,7,0,0,0,0,0,0,0,0,0,0,0,0,0,0,0,0,0,6,-1,-1,-1,-1,-1,-1,-1,-1,-1,-1,-1,-1,-1,-1,-1,-1,-1,-1,-1,-1,0,0.060733,-1,15169,4819,121,1,4,0,123,1,2,0,0,1,1
2,0,1,2,0,3,0,2,0,0,0,0,0,0,0,0,0,1,204,1,0,0,0,0,0,0,0,0,0,0,0,0,0,0,0,0,9,24,0,0,1,0,0,2,0,0,0,0,0,0,0,0,0,0,0,0,0,15,1,0,0,0,0,0,0,0,0,0,0,0,0,0,0,0,0,10,0,0,1,0,0,3,0,2,0,0,0,0,0,0,0,0,0,165,0,3,0,1.225276,1,46606,2023,167,1,2,1,10701,1,0,0,0,0,1
5,0,0,4,0,0,0,0,0,0,0,0,0,0,0,0,0,2,54,1,0,0,0,0,0,0,0,0,0,0,0,0,0,0,0,0,2,13,0,1,4,0,0,4,0,0,0,0,0,0,0,0,0,0,0,0,0,41,1,0,0,0,0,0,0,0,0,0,0,0,0,0,0,0,0,9,-1,-1,-1,-1,-1,-1,-1,-1,-1,-1,-1,-1,-1,-1,-1,-1,-1,-1,-1,-1,0,0.235703,0,31624,-1,-1,1,4,0,262,0,0,0,0,0,1
2,0,0,1,0,0,0,0,0,0,0,0,0,0,0,0,0,1,15,2,0,0,0,0,0,0,0,0,0,0,0,0,0,0,0,0,4,14,0,0,0,0,0,1,0,0,0,0,0,0,0,0,0,0,0,0,0,1,0,0,0,0,0,0,0,0,0,0,0,0,0,0,0,0,0,0,-1,-1,-1,-1,-1,-1,-1,-1,-1,-1,-1,-1,-1,-1,-1,-1,-1,-1,-1,-1,0,0.556535,0,15169,3335,1412,1,2,5,1798,0,0,0,0,0,0
2,0,0,3,0,0,0,0,0,0,0,0,0,0,0,0,0,1,48,1,0,0,0,0,0,0,0,0,0,0,0,0,0,0,0,0,7,20,0,0,1,0,0,3,0,0,0,0,0,0,0,0,0,0,0,0,0,23,1,0,0,0,0,0,0,0,0,0,0,0,0,0,0,0,0,14,0,0,0,0,0,0,0,0,0,0,0,0,0,0,0,0,0,5,0,0,0,0.199371,0,3595,5269,208,1,3,1,14396,0,1,0,0,0,1
2,8,3,3,0,3,0,2,0,0,0,0,0,0,0,0,0,1,132,2,0,0,0,0,0,0,0,0,0,0,0,0,0,0,0,0,7,20,0,0,0,5,0,3,0,0,0,0,0,0,0,0,0,0,0,0,0,41,0,0,0,0,0,0,0,0,0,0,0,0,0,0,0,0,0,0,0,3,3,0,0,3,0,2,0,0,0,0,0,0,0,0,0,71,0,3,0,2.540407,0,16509,-1,-1,2,2,5,5,1,0,0,0,0,1
16,0,0,5,1,5,1,9,0,0,0,0,0,0,0,0,1,2,283,2,0,0,0,0,0,0,0,0,0,0,0,0,0,0,0,0,7,31,0,0,1,0,0,5,0,0,0,0,0,0,0,0,0,0,0,0,1,41,1,0,0,0,0,0,0,0,0,0,0,0,0,0,0,0,0,7,13,0,0,0,1,5,1,9,0,0,0,0,0,0,0,0,0,211,1,4,1,0.397902,0,53755,2935,351,1,2,1,253,0,0,0,0,0,1
4,0,0,8,0,2,0,0,0,0,0,0,0,0,0,0,0,1,118,2,0,0,0,0,0,0,0,0,0,0,0,0,0,0,0,0,7,22,0,0,2,0,0,8,0,0,0,0,0,0,0,0,0,0,0,0,0,76,1,0,0,0,0,0,0,0,0,0,0,0,0,0,0,0,0,19,-1,-1,-1,-1,-1,-1,-1,-1,-1,-1,-1,-1,-1,-1,-1,-1,-1,-1,-1,-1,0,0.158959,0,7415,-1,-1,1,4,2,1791,1,1,0,0,0,1
1,0,0,2,0,0,0,0,0,0,0,0,0,0,0,0,0,1,12,1,0,0,0,0,0,0,0,0,0,0,0,0,0,0,0,0,2,8,0,0,0,0,0,2,0,0,0,0,0,0,0,0,0,0,0,0,0,4,0,0,0,0,0,0,0,0,0,0,0,0,0,0,0,0,0,0,-1,-1,-1,-1,-1,-1,-1,-1,-1,-1,-1,-1,-1,-1,-1,-1,-1,-1,-1,-1,0,0.093607,1,13335,2826,95,2,2,2,297,1,0,0,0,0,0
2,0,0,1,0,0,0,0,0,0,0,0,0,0,0,0,0,1,22,2,0,0,0,0,0,0,0,0,0,0,0,0,0,0,0,0,9,21,0,0,0,0,0,1,0,0,0,0,0,0,0,0,0,0,0,0,0,1,0,0,0,0,0,0,0,0,0,0,0,0,0,0,0,0,0,0,-1,-1,-1,-1,-1,-1,-1,-1,-1,-1,-1,-1,-1,-1,-1,-1,-1,-1,-1,-1,0,0.408815,0,13335,-1,-1,5,2,0,291,1,1,0,0,0,1
2,1,0,1,0,0,0,0,0,0,0,0,0,0,0,0,0,1,23,2,1,0,0,0,0,0,0,0,0,0,0,0,0,0,0,0,7,22,0,0,0,0,0,1,0,0,0,0,0,0,0,0,0,0,0,0,0,1,0,0,0,0,0,0,0,0,0,0,0,0,0,0,0,0,0,0,-1,-1,-1,-1,-1,-1,-1,-1,-1,-1,-1,-1,-1,-1,-1,-1,-1,-1,-1,-1,0,0.497275,0,13335,-1,-1,5,2,0,291,1,1,0,0,0,1
3,0,0,5,0,0,0,0,0,0,0,0,0,0,0,0,1,1,55,2,0,0,0,0,0,0,0,0,0,0,0,0,0,0,0,0,7,20,0,0,1,0,0,5,0,0,0,0,0,0,0,0,0,0,0,0,1,35,1,0,0,0,0,0,0,0,0,0,0,0,0,0,0,0,0,9,-1,-1,-1,-1,-1,-1,-1,-1,-1,-1,-1,-1,-1,-1,-1,-1,-1,-1,-1,-1,0,0.360191,0,24446,-1,-1,1,2,1,14389,0,1,0,0,0,1
2,0,0,0,0,0,0,0,0,0,0,0,0,0,0,0,0,1,22,2,0,0,0,0,0,0,0,0,0,0,0,0,0,0,0,0,5,22,0,0,-1,-1,-1,-1,-1,-1,-1,-1,-1,-1,-1,-1,-1,-1,-1,-1,-1,-1,-1,-1,-1,-1,-1,-1,-1,-1,-1,-1,-1,-1,-1,-1,-1,-1,-1,-1,-1,-1,-1,-1,-1,-1,-1,-1,-1,-1,-1,-1,-1,-1,-1,-1,-1,-1,-1,-1,0,0.671433,0,15169,-1,-1,1,4,0,74,1,1,0,0,0,0
4,0,0,1,0,0,0,0,0,0,0,0,0,0,0,0,0,1,29,3,0,0,0,0,0,0,0,0,0,0,0,0,0,0,0,0,2,17,0,0,1,0,0,1,0,0,0,0,0,0,0,0,0,0,0,0,0,12,1,0,0,0,0,0,0,0,0,0,0,0,0,0,0,0,0,11,-1,-1,-1,-1,-1,-1,-1,-1,-1,-1,-1,-1,-1,-1,-1,-1,-1,-1,-1,-1,0,1.470732,0,3462,6630,705,1,11,0,3597,0,0,0,0,0,0
2,0,0,1,0,0,0,0,0,0,0,0,0,0,0,0,0,1,29,2,0,0,0,0,0,0,0,0,0,0,0,0,0,0,0,0,11,28,0,0,0,0,0,1,0,0,0,0,0,0,0,0,0,0,0,0,0,1,0,0,0,0,0,0,0,0,0,0,0,0,0,0,0,0,0,0,-1,-1,-1,-1,-1,-1,-1,-1,-1,-1,-1,-1,-1,-1,-1,-1,-1,-1,-1,-1,0,0.967716,0,15169,-1,-1,1,4,0,149,1,0,0,0,0,0
1,0,0,1,0,0,0,0,0,0,0,0,0,0,0,0,0,1,13,1,0,0,0,0,0,0,0,0,0,0,0,0,0,0,0,0,4,12,0,0,0,0,0,1,0,0,0,0,0,0,0,0,0,0,0,0,0,1,0,0,0,0,0,0,0,0,0,0,0,0,0,0,0,0,0,0,-1,-1,-1,-1,-1,-1,-1,-1,-1,-1,-1,-1,-1,-1,-1,-1,-1,-1,-1,-1,0,0.810605,0,14618,3618,398,1,3,1,14391,1,1,0,0,0,0
2,0,0,1,0,0,0,0,0,0,0,0,0,0,0,0,0,1,19,2,0,0,0,0,0,0,0,0,0,0,0,0,0,0,0,0,4,18,0,0,0,0,0,1,0,0,0,0,0,0,0,0,0,0,0,0,0,1,0,0,0,0,0,0,0,0,0,0,0,0,0,0,0,0,0,0,-1,-1,-1,-1,-1,-1,-1,-1,-1,-1,-1,-1,-1,-1,-1,-1,-1,-1,-1,-1,0,0.310542,0,47583,-1,-1,1,4,1,14390,0,0,0,0,0,1
1,0,0,2,0,0,0,0,0,0,0,0,0,0,0,0,0,1,31,1,0,0,0,0,0,0,0,0,0,0,0,0,0,0,0,0,6,19,0,0,0,0,0,2,0,0,0,0,0,0,0,0,0,0,0,0,0,12,0,0,0,0,0,0,0,0,0,0,0,0,0,0,0,0,0,0,-1,-1,-1,-1,-1,-1,-1,-1,-1,-1,-1,-1,-1,-1,-1,-1,-1,-1,-1,-1,0,2.511723,1,20013,1034,61,1,2,1,13490,0,0,0,0,0,1
1,0,0,0,0,0,0,0,0,0,0,0,0,0,0,0,0,1,13,1,0,0,0,0,0,0,0,0,0,0,0,0,0,0,0,0,4,13,0,0,-1,-1,-1,-1,-1,-1,-1,-1,-1,-1,-1,-1,-1,-1,-1,-1,-1,-1,-1,-1,-1,-1,-1,-1,-1,-1,-1,-1,-1,-1,-1,-1,-1,-1,-1,-1,-1,-1,-1,-1,-1,-1,-1,-1,-1,-1,-1,-1,-1,-1,-1,-1,-1,-1,-1,-1,0,1.494229,0,3356,74,290,1,2,1,591,0,0,0,0,0,1
2,0,0,0,0,0,0,0,0,0,0,0,0,0,0,0,0,1,25,2,0,0,0,0,0,0,0,0,0,0,0,0,0,0,0,0,7,25,0,0,-1,-1,-1,-1,-1,-1,-1,-1,-1,-1,-1,-1,-1,-1,-1,-1,-1,-1,-1,-1,-1,-1,-1,-1,-1,-1,-1,-1,-1,-1,-1,-1,-1,-1,-1,-1,-1,-1,-1,-1,-1,-1,-1,-1,-1,-1,-1,-1,-1,-1,-1,-1,-1,-1,-1,-1,0,0.228673,-1,32787,6375,198,1,2,1,299,0,0,0,0,0,0
1,0,0,0,0,0,0,0,0,0,0,0,0,0,0,0,0,1,11,1,0,0,0,0,0,0,0,0,0,0,0,0,0,0,0,0,4,11,0,0,-1,-1,-1,-1,-1,-1,-1,-1,-1,-1,-1,-1,-1,-1,-1,-1,-1,-1,-1,-1,-1,-1,-1,-1,-1,-1,-1,-1,-1,-1,-1,-1,-1,-1,-1,-1,-1,-1,-1,-1,-1,-1,-1,-1,-1,-1,-1,-1,-1,-1,-1,-1,-1,-1,-1,-1,0,1.201446,1,13335,2376,3101,2,2,5,299,1,1,0,0,0,0
3,0,0,1,0,0,0,0,0,0,0,0,0,0,0,0,0,1,27,3,0,0,0,0,0,0,0,0,0,0,0,0,0,0,0,0,10,26,0,0,0,0,0,1,0,0,0,0,0,0,0,0,0,0,0,0,0,1,0,0,0,0,0,0,0,0,0,0,0,0,0,0,0,0,0,0,-1,-1,-1,-1,-1,-1,-1,-1,-1,-1,-1,-1,-1,-1,-1,-1,-1,-1,-1,-1,0,-1.0,0,-1,86,644,-1,2,0,-1,0,-1,0,0,0,0
2,0,0,0,0,0,0,0,0,0,0,0,0,0,0,0,0,1,15,2,0,0,0,0,0,0,0,0,0,0,0,0,0,0,0,0,4,15,0,0,-1,-1,-1,-1,-1,-1,-1,-1,-1,-1,-1,-1,-1,-1,-1,-1,-1,-1,-1,-1,-1,-1,-1,-1,-1,-1,-1,-1,-1,-1,-1,-1,-1,-1,-1,-1,-1,-1,-1,-1,-1,-1,-1,-1,-1,-1,-1,-1,-1,-1,-1,-1,-1,-1,-1,-1,0,1.999856,1,20013,282,82,1,2,1,14389,1,0,0,0,0,0
2,0,0,0,0,0,0,0,0,0,0,0,0,0,0,0,0,1,14,2,0,0,0,0,0,0,0,0,0,0,0,0,0,0,0,0,3,14,0,0,-1,-1,-1,-1,-1,-1,-1,-1,-1,-1,-1,-1,-1,-1,-1,-1,-1,-1,-1,-1,-1,-1,-1,-1,-1,-1,-1,-1,-1,-1,-1,-1,-1,-1,-1,-1,-1,-1,-1,-1,-1,-1,-1,-1,-1,-1,-1,-1,-1,-1,-1,-1,-1,-1,-1,-1,0,0.567427,0,24940,5384,95,1,3,1,10774,0,0,0,0,0,0
3,0,0,5,0,0,0,0,0,0,0,0,0,0,0,0,0,1,74,2,0,0,0,0,0,0,0,0,0,0,0,0,0,0,0,0,7,20,0,0,1,0,0,5,0,0,0,0,0,0,0,0,0,0,0,0,0,54,1,0,0,0,0,0,0,0,0,0,0,0,0,0,0,0,0,14,-1,-1,-1,-1,-1,-1,-1,-1,-1,-1,-1,-1,-1,-1,-1,-1,-1,-1,-1,-1,0,0.158795,0,13335,8189,211,2,2,2,297,1,1,0,0,0,0
2,0,1,3,0,3,0,2,0,0,0,0,0,0,0,0,0,1,207,1,0,0,0,0,0,0,0,0,0,0,0,0,0,0,0,0,5,14,0,0,1,0,0,3,0,0,0,0,0,0,0,0,0,0,0,0,0,28,1,0,0,0,0,0,0,0,0,0,0,0,0,0,0,0,0,9,0,0,1,0,0,3,0,2,0,0,0,0,0,0,0,0,0,165,0,3,0,0.28983200000000003,1,20013,8173,227,1,2,1,14357,1,0,0,0,0,1
1,0,0,1,0,0,0,0,0,0,0,0,0,0,0,0,0,1,15,1,0,0,0,0,0,0,0,0,0,0,0,0,0,0,0,0,1,4,0,0,0,0,0,1,0,0,0,0,0,0,0,0,0,0,0,0,0,11,0,0,0,0,0,0,0,0,0,0,0,0,0,0,0,0,0,10,-1,-1,-1,-1,-1,-1,-1,-1,-1,-1,-1,-1,-1,-1,-1,-1,-1,-1,-1,-1,0,8.380055,-1,13414,3048,237,2,9,0,207,1,1,0,0,1,1
1,0,0,1,0,0,0,0,0,0,0,0,0,0,0,0,0,1,56,1,0,0,0,0,0,0,0,0,0,0,0,0,0,0,0,0,2,9,0,0,0,0,0,1,0,0,0,0,0,0,0,0,0,0,0,0,0,47,0,0,0,0,0,0,0,0,0,0,0,0,0,0,0,0,0,46,-1,-1,-1,-1,-1,-1,-1,-1,-1,-1,-1,-1,-1,-1,-1,-1,-1,-1,-1,-1,0,0.739426,1,395224,5409,434,2,8,5,105,1,1,0,0,1,1
1,0,0,0,0,0,0,0,0,0,0,0,0,0,0,0,0,1,15,1,0,0,0,0,0,0,0,0,0,0,0,0,0,0,0,0,5,15,0,0,-1,-1,-1,-1,-1,-1,-1,-1,-1,-1,-1,-1,-1,-1,-1,-1,-1,-1,-1,-1,-1,-1,-1,-1,-1,-1,-1,-1,-1,-1,-1,-1,-1,-1,-1,-1,-1,-1,-1,-1,-1,-1,-1,-1,-1,-1,-1,-1,-1,-1,-1,-1,-1,-1,-1,-1,0,0.6678890000000001,-1,394695,6315,258,1,2,5,14395,1,0,0,0,0,0
4,0,0,5,0,0,0,0,0,0,0,0,0,0,0,0,0,0,42,3,0,0,0,0,0,0,0,0,0,0,0,0,0,0,0,0,0,13,1,0,1,0,0,5,0,0,0,0,0,0,0,0,0,0,0,0,0,29,1,0,0,0,0,0,0,0,0,0,0,0,0,0,0,0,0,9,-1,-1,-1,-1,-1,-1,-1,-1,-1,-1,-1,-1,-1,-1,-1,-1,-1,-1,-1,-1,0,0.276312,0,20013,-1,-1,1,4,0,0,0,1,0,0,0,1
2,0,0,0,0,0,0,0,0,0,0,0,0,0,0,0,0,1,16,2,0,0,0,0,0,0,0,0,0,0,0,0,0,0,0,0,3,16,0,0,-1,-1,-1,-1,-1,-1,-1,-1,-1,-1,-1,-1,-1,-1,-1,-1,-1,-1,-1,-1,-1,-1,-1,-1,-1,-1,-1,-1,-1,-1,-1,-1,-1,-1,-1,-1,-1,-1,-1,-1,-1,-1,-1,-1,-1,-1,-1,-1,-1,-1,-1,-1,-1,-1,-1,-1,0,2.561885,0,13335,199,165,2,2,0,299,1,0,0,0,0,0
1,0,0,3,0,0,0,0,0,0,0,0,0,0,0,0,1,1,29,1,0,0,0,0,0,0,0,0,0,0,0,0,0,0,0,0,6,14,0,0,0,0,0,3,0,0,0,0,0,0,0,0,0,0,0,0,1,15,0,0,0,0,0,0,0,0,0,0,0,0,0,0,0,0,0,0,-1,-1,-1,-1,-1,-1,-1,-1,-1,-1,-1,-1,-1,-1,-1,-1,-1,-1,-1,-1,0,0.905932,0,29854,806,288,1,2,1,6076,1,1,0,0,0,1
3,1,0,4,0,0,0,0,0,0,0,0,0,0,0,0,1,1,66,2,0,0,0,0,0,0,0,0,0,0,0,0,0,0,0,0,9,22,0,0,1,1,0,4,0,0,0,0,0,0,0,0,0,0,0,0,1,44,1,0,0,0,0,0,0,0,0,0,0,0,0,0,0,0,0,12,-1,-1,-1,-1,-1,-1,-1,-1,-1,-1,-1,-1,-1,-1,-1,-1,-1,-1,-1,-1,0,12.880325,1,38719,-1,-1,1,2,5,6065,1,0,0,0,0,1
1,0,0,0,0,0,0,0,0,0,0,0,0,0,0,0,0,1,13,1,0,0,0,0,0,0,0,0,0,0,0,0,0,0,0,0,5,13,0,0,-1,-1,-1,-1,-1,-1,-1,-1,-1,-1,-1,-1,-1,-1,-1,-1,-1,-1,-1,-1,-1,-1,-1,-1,-1,-1,-1,-1,-1,-1,-1,-1,-1,-1,-1,-1,-1,-1,-1,-1,-1,-1,-1,-1,-1,-1,-1,-1,-1,-1,-1,-1,-1,-1,-1,-1,0,0.570858,1,39572,4816,662,1,2,5,1223,1,1,0,0,0,0
2,0,0,1,0,0,0,0,0,0,0,0,0,0,0,0,0,1,22,2,0,0,0,0,0,0,0,0,0,0,0,0,0,0,0,0,7,21,0,0,0,0,0,1,0,0,0,0,0,0,0,0,0,0,0,0,0,1,0,0,0,0,0,0,0,0,0,0,0,0,0,0,0,0,0,0,-1,-1,-1,-1,-1,-1,-1,-1,-1,-1,-1,-1,-1,-1,-1,-1,-1,-1,-1,-1,0,0.917562,0,13335,1765,1886,2,2,1,298,1,1,0,0,0,0
2,0,0,2,0,0,0,0,0,0,0,0,0,0,0,0,0,1,30,2,0,0,0,0,0,0,0,0,0,0,0,0,0,0,0,0,8,20,0,0,0,0,0,2,0,0,0,0,0,0,0,0,0,0,0,0,0,10,0,0,0,0,0,0,0,0,0,0,0,0,0,0,0,0,0,0,-1,-1,-1,-1,-1,-1,-1,-1,-1,-1,-1,-1,-1,-1,-1,-1,-1,-1,-1,-1,0,0.077089,0,16276,-1,-1,1,2,3,3584,1,0,0,0,0,1
2,1,0,4,0,0,0,0,0,0,0,0,0,0,0,0,0,1,44,2,0,0,0,0,0,0,0,0,0,0,0,0,0,0,0,0,8,21,0,0,0,1,0,4,0,0,0,0,0,0,0,0,0,0,0,0,0,23,0,0,0,0,0,0,0,0,0,0,0,0,0,0,0,0,0,0,-1,-1,-1,-1,-1,-1,-1,-1,-1,-1,-1,-1,-1,-1,-1,-1,-1,-1,-1,-1,0,1.892527,0,7004,-1,-1,1,2,1,2570,1,0,0,0,0,1
4,0,0,0,0,0,0,0,0,0,0,0,0,0,0,0,0,1,25,4,0,0,0,0,0,0,0,0,0,0,0,0,0,0,0,0,6,25,0,0,-1,-1,-1,-1,-1,-1,-1,-1,-1,-1,-1,-1,-1,-1,-1,-1,-1,-1,-1,-1,-1,-1,-1,-1,-1,-1,-1,-1,-1,-1,-1,-1,-1,-1,-1,-1,-1,-1,-1,-1,-1,-1,-1,-1,-1,-1,-1,-1,-1,-1,-1,-1,-1,-1,-1,-1,0,0.246811,0,16509,8006,-1,1,2,2,3597,1,1,0,0,0,0
2,0,0,0,0,0,0,0,0,0,0,0,0,0,0,0,0,1,23,2,0,0,0,0,0,0,0,0,0,0,0,0,0,0,0,0,6,23,0,0,-1,-1,-1,-1,-1,-1,-1,-1,-1,-1,-1,-1,-1,-1,-1,-1,-1,-1,-1,-1,-1,-1,-1,-1,-1,-1,-1,-1,-1,-1,-1,-1,-1,-1,-1,-1,-1,-1,-1,-1,-1,-1,-1,-1,-1,-1,-1,-1,-1,-1,-1,-1,-1,-1,-1,-1,0,0.407419,0,15169,-1,-1,1,4,0,170,1,0,0,0,0,0
6,0,0,4,0,0,0,0,0,0,1,0,0,0,0,0,0,1,116,2,0,0,0,0,0,0,0,0,0,0,0,0,0,0,0,0,5,16,0,0,4,0,0,4,0,0,0,0,0,0,1,0,0,0,0,0,0,100,1,0,0,0,0,0,0,0,0,0,0,0,0,0,0,0,0,11,-1,-1,-1,-1,-1,-1,-1,-1,-1,-1,-1,-1,-1,-1,-1,-1,-1,-1,-1,-1,0,0.14365999999999998,0,20013,-1,-1,1,2,0,192,0,0,0,0,0,1
2,2,0,2,0,0,0,0,0,0,0,0,0,0,0,0,0,1,34,2,2,0,0,0,0,0,0,0,0,0,0,0,0,0,0,0,7,29,0,0,0,0,0,2,0,0,0,0,0,0,0,0,0,0,0,0,0,5,0,0,0,0,0,0,0,0,0,0,0,0,0,0,0,0,0,0,-1,-1,-1,-1,-1,-1,-1,-1,-1,-1,-1,-1,-1,-1,-1,-1,-1,-1,-1,-1,0,0.249303,0,395082,-1,-1,1,5,0,8232,0,0,0,0,0,1
2,0,1,4,0,3,0,2,0,0,0,0,0,0,0,0,0,1,213,1,0,0,0,0,0,0,0,0,0,0,0,0,0,0,0,0,6,16,0,0,1,0,0,4,0,0,0,0,0,0,0,0,0,0,0,0,0,32,1,0,0,0,0,0,0,0,0,0,0,0,0,0,0,0,0,9,0,0,1,0,0,3,0,2,0,0,0,0,0,0,0,0,0,165,0,3,0,0.555918,0,19662,7128,907,1,2,1,561,1,0,0,0,0,1
3,0,0,2,0,0,0,0,0,0,0,0,0,0,0,0,0,1,36,2,0,0,0,0,0,0,0,0,0,0,0,0,0,0,0,0,6,19,0,0,1,0,0,2,0,0,0,0,0,0,0,0,0,0,0,0,0,17,1,0,0,0,0,0,0,0,0,0,0,0,0,0,0,0,0,9,-1,-1,-1,-1,-1,-1,-1,-1,-1,-1,-1,-1,-1,-1,-1,-1,-1,-1,-1,-1,0,3.030216,1,20013,1942,248,1,2,1,1389,1,0,0,0,0,1
2,0,0,0,0,0,0,0,0,0,0,0,0,0,0,0,0,1,13,2,0,0,0,0,0,0,0,0,0,0,0,0,0,0,0,0,4,13,0,0,-1,-1,-1,-1,-1,-1,-1,-1,-1,-1,-1,-1,-1,-1,-1,-1,-1,-1,-1,-1,-1,-1,-1,-1,-1,-1,-1,-1,-1,-1,-1,-1,-1,-1,-1,-1,-1,-1,-1,-1,-1,-1,-1,-1,-1,-1,-1,-1,-1,-1,-1,-1,-1,-1,-1,-1,0,-1.0,0,-1,7951,813,-1,4,0,-1,0,-1,0,0,0,0
3,3,0,6,0,0,0,0,0,0,0,0,0,0,0,0,0,1,66,2,0,0,0,0,0,0,0,0,0,0,0,0,0,0,0,0,3,11,0,0,1,3,0,6,0,0,0,0,0,0,0,0,0,0,0,0,0,55,1,3,0,0,0,0,0,0,0,0,0,0,0,0,0,0,0,19,-1,-1,-1,-1,-1,-1,-1,-1,-1,-1,-1,-1,-1,-1,-1,-1,-1,-1,-1,-1,0,0.14163399999999998,0,34010,-1,-1,1,5,1,291,0,0,0,0,0,1
2,5,0,2,0,0,0,0,0,0,0,0,0,0,0,0,0,1,103,2,5,0,0,0,0,0,0,0,0,0,0,0,0,0,0,0,22,84,0,1,0,0,0,2,0,0,0,0,0,0,0,0,0,0,0,0,0,19,0,0,0,0,0,0,0,0,0,0,0,0,0,0,0,0,0,8,-1,-1,-1,-1,-1,-1,-1,-1,-1,-1,-1,-1,-1,-1,-1,-1,-1,-1,-1,-1,0,0.388528,0,24446,-1,-1,1,2,1,14367,0,1,0,0,0,1
5,0,0,4,0,1,0,0,0,0,0,0,0,0,0,0,0,2,63,2,0,0,0,0,0,0,0,0,0,0,0,0,0,0,0,0,5,17,0,0,0,0,0,1,0,0,0,0,0,0,0,0,0,0,0,0,0,6,0,0,0,0,0,0,0,0,0,0,0,0,0,0,0,0,0,5,3,0,0,3,0,1,0,0,0,0,0,0,0,0,0,0,0,40,1,1,0,0.8250780000000001,0,13335,1534,291,2,2,0,288,1,1,0,0,1,1
4,0,0,3,0,0,0,0,0,0,0,0,0,0,0,0,0,1,42,3,0,0,0,0,0,0,0,0,0,0,0,0,0,0,0,0,6,19,0,0,1,0,0,3,0,0,0,0,0,0,0,0,0,0,0,0,0,23,1,0,0,0,0,0,0,0,0,0,0,0,0,0,0,0,0,11,-1,-1,-1,-1,-1,-1,-1,-1,-1,-1,-1,-1,-1,-1,-1,-1,-1,-1,-1,-1,0,1.758504,0,55803,-1,-1,1,3,1,3584,0,0,0,0,0,1
2,0,0,3,0,0,0,0,0,0,0,0,0,0,0,0,0,1,36,1,0,0,0,0,0,0,0,0,0,0,0,0,0,0,0,0,8,20,0,0,1,0,0,3,0,0,0,0,0,0,0,0,0,0,0,0,0,16,1,0,0,0,0,0,0,0,0,0,0,0,0,0,0,0,0,9,-1,-1,-1,-1,-1,-1,-1,-1,-1,-1,-1,-1,-1,-1,-1,-1,-1,-1,-1,-1,0,0.786316,1,20013,634,95,1,2,1,7918,1,0,0,0,0,1
2,0,0,0,0,0,0,0,0,0,0,0,0,0,0,0,0,1,15,2,0,0,0,0,0,0,0,0,0,0,0,0,0,0,0,0,4,15,0,0,-1,-1,-1,-1,-1,-1,-1,-1,-1,-1,-1,-1,-1,-1,-1,-1,-1,-1,-1,-1,-1,-1,-1,-1,-1,-1,-1,-1,-1,-1,-1,-1,-1,-1,-1,-1,-1,-1,-1,-1,-1,-1,-1,-1,-1,-1,-1,-1,-1,-1,-1,-1,-1,-1,-1,-1,0,0.122772,0,30148,7410,989,1,2,1,593,1,1,0,0,0,0
2,1,0,0,0,0,0,0,0,0,0,0,0,0,0,0,0,1,19,2,1,0,0,0,0,0,0,0,0,0,0,0,0,0,0,0,4,19,0,0,-1,-1,-1,-1,-1,-1,-1,-1,-1,-1,-1,-1,-1,-1,-1,-1,-1,-1,-1,-1,-1,-1,-1,-1,-1,-1,-1,-1,-1,-1,-1,-1,-1,-1,-1,-1,-1,-1,-1,-1,-1,-1,-1,-1,-1,-1,-1,-1,-1,-1,-1,-1,-1,-1,-1,-1,0,5.182366,-1,3595,3489,162,1,2,1,14390,1,0,0,0,0,0
2,1,0,0,0,0,0,0,0,0,0,0,0,0,0,0,0,1,29,2,1,0,0,0,0,0,0,0,0,0,0,0,0,0,0,0,11,29,0,0,-1,-1,-1,-1,-1,-1,-1,-1,-1,-1,-1,-1,-1,-1,-1,-1,-1,-1,-1,-1,-1,-1,-1,-1,-1,-1,-1,-1,-1,-1,-1,-1,-1,-1,-1,-1,-1,-1,-1,-1,-1,-1,-1,-1,-1,-1,-1,-1,-1,-1,-1,-1,-1,-1,-1,-1,0,0.647882,0,24638,-1,-1,1,2,1,105,1,1,0,0,0,0
1,0,0,0,0,0,0,0,0,0,0,0,0,0,0,0,0,1,12,1,0,0,0,0,0,0,0,0,0,0,0,0,0,0,0,0,4,12,0,0,-1,-1,-1,-1,-1,-1,-1,-1,-1,-1,-1,-1,-1,-1,-1,-1,-1,-1,-1,-1,-1,-1,-1,-1,-1,-1,-1,-1,-1,-1,-1,-1,-1,-1,-1,-1,-1,-1,-1,-1,-1,-1,-1,-1,-1,-1,-1,-1,-1,-1,-1,-1,-1,-1,-1,-1,0,1.440489,1,7506,17,347,1,2,1,599,1,1,0,0,0,0
3,0,1,1,0,0,0,0,0,0,0,0,0,0,0,0,0,1,33,2,0,0,0,0,0,0,0,0,0,0,0,0,0,0,0,0,6,19,0,0,1,0,1,1,0,0,0,0,0,0,0,0,0,0,0,0,0,14,1,0,1,0,0,0,0,0,0,0,0,0,0,0,0,0,0,13,-1,-1,-1,-1,-1,-1,-1,-1,-1,-1,-1,-1,-1,-1,-1,-1,-1,-1,-1,-1,0,1.714463,0,27257,7401,267,1,2,0,585,0,0,0,0,0,0
3,1,0,4,0,0,0,0,0,0,0,0,0,0,0,0,0,1,74,2,0,0,0,0,0,0,0,0,0,0,0,0,0,0,0,0,4,17,0,0,1,1,0,4,0,0,0,0,0,0,0,0,0,0,0,0,0,57,1,0,0,0,0,0,0,0,0,0,0,0,0,0,0,0,0,28,-1,-1,-1,-1,-1,-1,-1,-1,-1,-1,-1,-1,-1,-1,-1,-1,-1,-1,-1,-1,0,0.29083400000000004,0,23352,1049,411,1,2,1,14341,0,1,0,0,0,1
2,0,0,0,0,0,0,0,0,0,0,0,0,0,0,0,0,1,21,2,0,0,0,0,0,0,0,0,0,0,0,0,0,0,0,0,7,21,0,0,-1,-1,-1,-1,-1,-1,-1,-1,-1,-1,-1,-1,-1,-1,-1,-1,-1,-1,-1,-1,-1,-1,-1,-1,-1,-1,-1,-1,-1,-1,-1,-1,-1,-1,-1,-1,-1,-1,-1,-1,-1,-1,-1,-1,-1,-1,-1,-1,-1,-1,-1,-1,-1,-1,-1,-1,0,0.459914,1,20013,5855,353,1,2,1,14391,1,0,0,0,0,0
1,0,0,1,0,0,0,0,0,0,0,0,0,0,0,0,0,1,14,1,0,0,0,0,0,0,0,0,0,0,0,0,0,0,0,0,1,6,0,0,0,0,0,1,0,0,0,0,0,0,0,0,0,0,0,0,0,8,0,0,0,0,0,0,0,0,0,0,0,0,0,0,0,0,0,7,-1,-1,-1,-1,-1,-1,-1,-1,-1,-1,-1,-1,-1,-1,-1,-1,-1,-1,-1,-1,0,0.8101149999999999,1,395224,-1,-1,2,8,5,172,1,1,0,0,1,1
2,0,0,0,0,0,0,0,0,0,0,0,0,0,0,0,0,1,14,2,0,0,0,0,0,0,0,0,0,0,0,0,0,0,0,0,4,14,0,0,-1,-1,-1,-1,-1,-1,-1,-1,-1,-1,-1,-1,-1,-1,-1,-1,-1,-1,-1,-1,-1,-1,-1,-1,-1,-1,-1,-1,-1,-1,-1,-1,-1,-1,-1,-1,-1,-1,-1,-1,-1,-1,-1,-1,-1,-1,-1,-1,-1,-1,-1,-1,-1,-1,-1,-1,0,0.247709,0,48347,5596,247,1,2,1,599,0,0,0,0,0,0
2,3,0,4,0,0,0,0,0,0,0,0,0,0,0,0,0,1,62,2,0,0,0,0,0,0,0,0,0,0,0,0,0,0,0,0,8,23,0,0,0,3,0,4,0,0,0,0,0,0,0,0,0,0,0,0,0,39,0,3,0,0,0,0,0,0,0,0,0,0,0,0,0,0,0,27,-1,-1,-1,-1,-1,-1,-1,-1,-1,-1,-1,-1,-1,-1,-1,-1,-1,-1,-1,-1,0,0.720299,0,2635,-1,-1,2,4,1,280,1,2,0,0,0,1
2,0,0,0,0,0,0,0,0,0,0,0,0,0,0,0,0,1,16,2,0,0,0,0,0,0,0,0,0,0,0,0,0,0,0,0,4,16,0,0,-1,-1,-1,-1,-1,-1,-1,-1,-1,-1,-1,-1,-1,-1,-1,-1,-1,-1,-1,-1,-1,-1,-1,-1,-1,-1,-1,-1,-1,-1,-1,-1,-1,-1,-1,-1,-1,-1,-1,-1,-1,-1,-1,-1,-1,-1,-1,-1,-1,-1,-1,-1,-1,-1,-1,-1,0,1.522094,0,46606,6031,177,1,4,1,290,1,1,0,0,0,0
3,0,0,0,0,0,0,0,0,0,0,0,0,0,0,0,0,1,14,3,0,0,0,0,0,0,0,0,0,0,0,0,0,0,0,0,4,14,0,0,-1,-1,-1,-1,-1,-1,-1,-1,-1,-1,-1,-1,-1,-1,-1,-1,-1,-1,-1,-1,-1,-1,-1,-1,-1,-1,-1,-1,-1,-1,-1,-1,-1,-1,-1,-1,-1,-1,-1,-1,-1,-1,-1,-1,-1,-1,-1,-1,-1,-1,-1,-1,-1,-1,-1,-1,0,0.144928,0,8867,-1,-1,1,2,4,3598,1,1,0,0,0,0
2,0,0,0,0,0,0,0,0,0,0,0,0,0,0,0,0,1,19,2,0,0,0,0,0,0,0,0,0,0,0,0,0,0,0,0,5,19,0,0,-1,-1,-1,-1,-1,-1,-1,-1,-1,-1,-1,-1,-1,-1,-1,-1,-1,-1,-1,-1,-1,-1,-1,-1,-1,-1,-1,-1,-1,-1,-1,-1,-1,-1,-1,-1,-1,-1,-1,-1,-1,-1,-1,-1,-1,-1,-1,-1,-1,-1,-1,-1,-1,-1,-1,-1,0,1.162061,0,29550,1876,314,1,2,1,14392,1,0,0,0,0,0
4,0,0,0,0,0,0,0,0,0,0,0,0,0,0,0,0,1,23,4,0,0,0,0,0,0,0,0,0,0,0,0,0,0,0,0,5,23,0,0,-1,-1,-1,-1,-1,-1,-1,-1,-1,-1,-1,-1,-1,-1,-1,-1,-1,-1,-1,-1,-1,-1,-1,-1,-1,-1,-1,-1,-1,-1,-1,-1,-1,-1,-1,-1,-1,-1,-1,-1,-1,-1,-1,-1,-1,-1,-1,-1,-1,-1,-1,-1,-1,-1,-1,-1,0,3.603968,1,8075,8469,-1,1,2,4,21582,0,0,0,0,0,0
2,1,0,2,0,0,0,0,0,0,0,0,0,0,0,0,0,1,38,2,1,0,0,0,0,0,0,0,0,0,0,0,0,0,0,0,6,20,0,0,0,0,0,2,0,0,0,0,0,0,0,0,0,0,0,0,0,18,0,0,0,0,0,0,0,0,0,0,0,0,0,0,0,0,0,12,-1,-1,-1,-1,-1,-1,-1,-1,-1,-1,-1,-1,-1,-1,-1,-1,-1,-1,-1,-1,0,0.323278,1,26101,-1,-1,3,6,5,286,1,1,0,0,0,1
3,0,0,4,0,0,0,0,0,0,0,0,0,0,0,0,0,1,59,2,0,0,0,0,0,0,0,0,0,0,0,0,0,0,0,0,9,27,0,0,1,0,0,4,0,0,0,0,0,0,0,0,0,0,0,0,0,32,1,0,0,0,0,0,0,0,0,0,0,0,0,0,0,0,0,10,-1,-1,-1,-1,-1,-1,-1,-1,-1,-1,-1,-1,-1,-1,-1,-1,-1,-1,-1,-1,0,0.263017,0,47583,-1,-1,1,1,1,40,1,0,0,0,0,1
2,0,1,3,0,0,0,0,0,0,0,0,0,0,0,0,0,1,75,2,0,0,0,0,0,0,0,0,0,0,0,0,0,0,0,0,8,33,0,0,0,0,1,3,0,0,0,0,0,0,0,0,0,0,0,0,0,42,0,0,0,0,0,0,0,0,0,0,0,0,0,0,0,0,0,0,-1,-1,-1,-1,-1,-1,-1,-1,-1,-1,-1,-1,-1,-1,-1,-1,-1,-1,-1,-1,0,0.617182,0,47583,-1,-1,1,1,1,46,1,0,0,0,0,1
3,1,3,7,0,0,0,0,0,0,0,0,0,0,0,0,0,1,109,2,0,0,0,0,0,0,0,0,0,0,0,0,0,0,0,0,10,28,0,0,1,1,3,7,0,0,0,0,0,0,0,0,0,0,0,0,0,81,1,0,2,0,0,0,0,0,0,0,0,0,0,0,0,0,0,30,-1,-1,-1,-1,-1,-1,-1,-1,-1,-1,-1,-1,-1,-1,-1,-1,-1,-1,-1,-1,0,1.811674,0,15169,540,189,1,2,1,898,1,0,0,0,0,1
3,1,0,8,0,0,0,0,0,0,0,0,0,0,0,0,0,2,112,2,0,0,0,0,0,0,0,0,0,0,0,0,0,0,0,0,4,20,0,0,1,1,0,8,0,0,0,0,0,0,0,0,0,0,0,0,0,92,0,0,0,0,0,0,0,0,0,0,0,0,0,0,0,0,0,0,-1,-1,-1,-1,-1,-1,-1,-1,-1,-1,-1,-1,-1,-1,-1,-1,-1,-1,-1,-1,0,10.525803,-1,22611,3442,209,1,2,1,14318,0,-1,0,0,0,1
2,0,0,0,0,0,0,0,0,0,0,0,0,0,0,0,0,1,16,2,0,0,0,0,0,0,0,0,0,0,0,0,0,0,0,0,5,16,0,0,-1,-1,-1,-1,-1,-1,-1,-1,-1,-1,-1,-1,-1,-1,-1,-1,-1,-1,-1,-1,-1,-1,-1,-1,-1,-1,-1,-1,-1,-1,-1,-1,-1,-1,-1,-1,-1,-1,-1,-1,-1,-1,-1,-1,-1,-1,-1,-1,-1,-1,-1,-1,-1,-1,-1,-1,0,0.554933,0,43773,853,241,1,2,2,3598,0,1,0,0,0,0
3,6,1,4,0,2,0,1,0,0,0,0,0,0,0,0,1,1,369,2,4,0,0,0,0,0,0,0,0,0,0,0,0,0,0,0,12,44,0,0,1,0,0,4,0,0,0,0,0,0,0,0,0,0,0,0,0,49,1,0,0,0,0,0,0,0,0,0,0,0,0,0,0,0,0,14,0,2,1,0,0,2,0,1,0,0,0,0,0,0,0,0,1,276,0,2,0,0.181763,0,15169,-1,-1,1,4,3,291,1,1,0,0,0,1
5,2,1,5,0,2,0,1,0,0,0,0,0,0,0,0,0,2,87,2,0,0,0,0,0,0,0,0,0,0,0,0,0,0,0,0,5,16,0,0,1,1,0,1,0,0,0,0,0,0,0,0,0,0,0,0,0,13,1,1,0,0,0,0,0,0,0,0,0,0,0,0,0,0,0,12,2,1,1,4,0,2,0,1,0,0,0,0,0,0,0,0,0,58,1,2,0,0.626323,0,19318,3888,860,1,2,7,14388,1,0,0,0,0,1
4,0,0,0,0,0,0,0,0,0,0,0,0,0,0,0,0,1,22,4,0,0,0,0,0,0,0,0,0,0,0,0,0,0,0,0,5,22,0,0,-1,-1,-1,-1,-1,-1,-1,-1,-1,-1,-1,-1,-1,-1,-1,-1,-1,-1,-1,-1,-1,-1,-1,-1,-1,-1,-1,-1,-1,-1,-1,-1,-1,-1,-1,-1,-1,-1,-1,-1,-1,-1,-1,-1,-1,-1,-1,-1,-1,-1,-1,-1,-1,-1,-1,-1,0,1.051423,0,28156,8006,-1,1,3,1,21597,0,0,0,0,0,0
2,0,0,1,0,0,0,0,0,0,0,0,0,0,0,0,0,1,36,2,0,0,0,0,0,0,0,0,0,0,0,0,0,0,0,0,5,16,0,0,0,0,0,1,0,0,0,0,0,0,0,0,0,0,0,0,0,20,0,0,0,0,0,0,0,0,0,0,0,0,0,0,0,0,0,19,-1,-1,-1,-1,-1,-1,-1,-1,-1,-1,-1,-1,-1,-1,-1,-1,-1,-1,-1,-1,0,0.222113,0,32934,7860,3463,1,2,1,56,1,0,0,0,0,0
2,0,0,2,0,0,0,0,0,0,0,0,0,0,0,0,0,1,28,1,0,0,0,0,0,0,0,0,0,0,0,0,0,0,0,0,3,10,0,0,1,0,0,2,0,0,0,0,0,0,0,0,0,0,0,0,0,18,1,0,0,0,0,0,0,0,0,0,0,0,0,0,0,0,0,9,-1,-1,-1,-1,-1,-1,-1,-1,-1,-1,-1,-1,-1,-1,-1,-1,-1,-1,-1,-1,0,0.182202,0,55293,7504,529,1,2,1,292,1,0,0,0,0,1
1,0,0,1,0,0,0,0,0,0,0,0,0,0,0,0,0,1,21,1,0,0,0,0,0,0,0,0,0,0,0,0,0,0,0,0,2,7,0,0,0,0,0,1,0,0,0,0,0,0,0,0,0,0,0,0,0,14,0,0,0,0,0,0,0,0,0,0,0,0,0,0,0,0,0,13,-1,-1,-1,-1,-1,-1,-1,-1,-1,-1,-1,-1,-1,-1,-1,-1,-1,-1,-1,-1,0,0.308231,0,46562,3165,120,1,3,1,22,0,0,0,0,1,1
2,4,0,4,0,1,0,0,0,0,0,0,0,0,0,0,0,1,67,2,1,0,0,0,0,0,0,0,0,0,0,0,0,0,0,0,10,25,0,0,0,3,0,4,0,1,0,0,0,0,0,0,0,0,0,0,0,42,0,0,0,0,0,0,0,0,0,0,0,0,0,0,0,0,0,0,-1,-1,-1,-1,-1,-1,-1,-1,-1,-1,-1,-1,-1,-1,-1,-1,-1,-1,-1,-1,0,0.102069,0,3292,-1,-1,1,4,3,276,1,0,0,0,0,1
2,1,0,6,0,1,0,0,0,0,0,0,0,0,0,0,0,1,67,2,0,0,0,0,0,0,0,0,0,0,0,0,0,0,0,0,7,24,0,0,0,1,0,6,0,1,0,0,0,0,0,0,0,0,0,0,0,43,0,0,0,0,0,1,0,0,0,0,0,0,0,0,0,0,0,3,-1,-1,-1,-1,-1,-1,-1,-1,-1,-1,-1,-1,-1,-1,-1,-1,-1,-1,-1,-1,0,0.306591,0,13335,3277,9,2,2,5,299,0,0,0,0,0,1
2,1,0,3,0,0,0,0,0,0,0,0,0,0,0,0,0,1,41,2,0,0,0,0,0,0,0,0,0,0,0,0,0,0,0,0,8,24,0,0,0,1,0,3,0,0,0,0,0,0,0,0,0,0,0,0,0,17,0,0,0,0,0,0,0,0,0,0,0,0,0,0,0,0,0,3,-1,-1,-1,-1,-1,-1,-1,-1,-1,-1,-1,-1,-1,-1,-1,-1,-1,-1,-1,-1,0,1.720349,0,51167,1956,234,1,3,1,4296,0,1,0,0,0,1
2,0,0,0,0,0,0,0,0,0,0,0,0,0,0,0,0,1,22,2,0,0,0,0,0,0,0,0,0,0,0,0,0,0,0,0,6,22,0,0,-1,-1,-1,-1,-1,-1,-1,-1,-1,-1,-1,-1,-1,-1,-1,-1,-1,-1,-1,-1,-1,-1,-1,-1,-1,-1,-1,-1,-1,-1,-1,-1,-1,-1,-1,-1,-1,-1,-1,-1,-1,-1,-1,-1,-1,-1,-1,-1,-1,-1,-1,-1,-1,-1,-1,-1,0,0.382551,0,19318,68,296,1,3,1,21599,0,0,0,0,0,1
2,0,0,2,0,0,0,0,0,0,0,0,0,0,0,0,0,1,30,2,0,0,0,0,0,0,0,0,0,0,0,0,0,0,0,0,5,20,0,0,0,0,0,2,0,0,0,0,0,0,0,0,0,0,0,0,0,10,0,0,0,0,0,0,0,0,0,0,0,0,0,0,0,0,0,5,-1,-1,-1,-1,-1,-1,-1,-1,-1,-1,-1,-1,-1,-1,-1,-1,-1,-1,-1,-1,0,0.152649,0,42926,801,293,1,2,1,14390,0,1,0,0,0,1
2,0,0,3,0,0,0,0,0,0,0,0,0,0,0,0,0,1,36,2,0,0,0,0,0,0,0,0,0,0,0,0,0,0,0,0,3,13,0,0,0,0,0,3,0,0,0,0,0,0,0,0,0,0,0,0,0,23,0,0,0,0,0,0,0,0,0,0,0,0,0,0,0,0,0,3,-1,-1,-1,-1,-1,-1,-1,-1,-1,-1,-1,-1,-1,-1,-1,-1,-1,-1,-1,-1,0,0.525858,1,20013,5231,246,1,2,1,14395,1,0,0,0,0,0
4,2,0,3,0,1,1,0,0,0,0,0,0,0,0,0,0,2,67,2,1,0,0,0,0,0,0,0,0,0,0,0,0,0,0,0,5,21,0,0,1,1,0,3,0,0,0,0,0,0,0,0,0,0,0,0,0,23,1,0,0,0,0,0,0,0,0,0,0,0,0,0,0,0,0,9,1,0,0,0,0,1,1,0,0,0,0,0,0,0,0,0,0,23,1,1,1,0.141789,0,43146,3544,107,1,4,1,16242,0,0,0,0,0,1
4,0,0,0,0,0,0,0,0,0,0,0,0,0,0,0,0,1,19,4,0,0,0,0,0,0,0,0,0,0,0,0,0,0,0,0,3,19,0,0,-1,-1,-1,-1,-1,-1,-1,-1,-1,-1,-1,-1,-1,-1,-1,-1,-1,-1,-1,-1,-1,-1,-1,-1,-1,-1,-1,-1,-1,-1,-1,-1,-1,-1,-1,-1,-1,-1,-1,-1,-1,-1,-1,-1,-1,-1,-1,-1,-1,-1,-1,-1,-1,-1,-1,-1,0,3.973857,1,27715,8490,-1,1,3,4,3583,0,-1,0,0,0,0
2,0,0,2,0,0,0,0,0,0,0,0,0,0,0,0,0,1,14,1,0,0,0,0,0,0,0,0,0,0,0,0,0,0,0,0,3,10,0,0,1,0,0,2,0,0,0,0,0,0,0,0,0,0,0,0,0,4,0,0,0,0,0,0,0,0,0,0,0,0,0,0,0,0,0,0,-1,-1,-1,-1,-1,-1,-1,-1,-1,-1,-1,-1,-1,-1,-1,-1,-1,-1,-1,-1,0,0.346729,0,41098,2966,320,1,3,2,7197,1,0,0,0,0,1
2,0,0,3,0,0,0,0,0,0,0,0,0,0,0,0,0,1,46,2,0,0,0,0,0,0,0,0,0,0,0,0,0,0,0,0,9,28,0,0,0,0,0,3,0,0,0,0,0,0,0,0,0,0,0,0,0,18,0,0,0,0,0,0,0,0,0,0,0,0,0,0,0,0,0,2,-1,-1,-1,-1,-1,-1,-1,-1,-1,-1,-1,-1,-1,-1,-1,-1,-1,-1,-1,-1,0,0.240807,0,55053,-1,-1,1,2,1,3123,1,0,0,0,0,0
3,0,0,5,0,0,0,0,0,0,0,0,0,0,0,0,0,1,77,2,0,0,0,0,0,0,0,0,0,0,0,0,0,0,0,0,9,24,0,0,1,0,0,5,0,0,0,0,0,0,0,0,0,0,0,0,0,53,1,0,0,0,0,0,0,0,0,0,0,0,0,0,0,0,0,10,-1,-1,-1,-1,-1,-1,-1,-1,-1,-1,-1,-1,-1,-1,-1,-1,-1,-1,-1,-1,0,0.132575,0,-1,5944,264,2,2,1,6190,1,0,0,0,0,1
2,1,0,3,0,0,0,0,0,0,0,0,0,0,0,0,1,1,47,1,1,0,0,0,0,0,0,0,0,0,0,0,0,0,0,0,7,16,0,0,1,0,0,3,0,0,0,0,0,0,0,0,0,0,0,0,1,31,1,0,0,0,0,0,0,0,0,0,0,0,0,0,0,0,0,13,-1,-1,-1,-1,-1,-1,-1,-1,-1,-1,-1,-1,-1,-1,-1,-1,-1,-1,-1,-1,0,0.135081,-1,15830,3232,54,1,2,1,267,0,0,0,0,0,1
2,0,0,0,0,0,0,0,0,0,0,0,0,0,0,0,0,1,15,2,0,0,0,0,0,0,0,0,0,0,0,0,0,0,0,0,3,15,0,0,-1,-1,-1,-1,-1,-1,-1,-1,-1,-1,-1,-1,-1,-1,-1,-1,-1,-1,-1,-1,-1,-1,-1,-1,-1,-1,-1,-1,-1,-1,-1,-1,-1,-1,-1,-1,-1,-1,-1,-1,-1,-1,-1,-1,-1,-1,-1,-1,-1,-1,-1,-1,-1,-1,-1,-1,0,0.454719,1,14618,2153,768,1,2,5,412,1,1,0,0,0,0
1,0,0,1,0,0,0,0,0,0,0,0,0,0,0,0,0,1,17,1,0,0,0,0,0,0,0,0,0,0,0,0,0,0,0,0,6,16,0,0,0,0,0,1,0,0,0,0,0,0,0,0,0,0,0,0,0,1,0,0,0,0,0,0,0,0,0,0,0,0,0,0,0,0,0,0,-1,-1,-1,-1,-1,-1,-1,-1,-1,-1,-1,-1,-1,-1,-1,-1,-1,-1,-1,-1,0,0.449624,1,20013,7,357,1,2,1,14390,1,0,0,0,0,1
4,0,0,0,0,0,0,0,0,0,0,0,0,0,0,0,0,1,29,4,0,0,0,0,0,0,0,0,0,0,0,0,0,0,0,0,11,29,0,0,-1,-1,-1,-1,-1,-1,-1,-1,-1,-1,-1,-1,-1,-1,-1,-1,-1,-1,-1,-1,-1,-1,-1,-1,-1,-1,-1,-1,-1,-1,-1,-1,-1,-1,-1,-1,-1,-1,-1,-1,-1,-1,-1,-1,-1,-1,-1,-1,-1,-1,-1,-1,-1,-1,-1,-1,0,-1.0,0,-1,7840,-1,-1,4,1,-1,0,-1,0,0,0,0
2,0,1,5,0,0,0,0,0,0,0,0,0,0,0,0,0,1,59,1,0,0,0,0,0,0,0,0,0,0,0,0,0,0,0,0,3,11,0,0,1,0,1,5,0,0,0,0,0,0,0,0,0,0,0,0,0,48,1,0,0,0,0,0,0,0,0,0,0,0,0,0,0,0,0,10,-1,-1,-1,-1,-1,-1,-1,-1,-1,-1,-1,-1,-1,-1,-1,-1,-1,-1,-1,-1,0,1.41777,-1,48716,6460,-1,1,2,1,21596,0,0,0,0,0,1
1,0,0,0,0,0,0,0,0,0,0,0,0,0,0,0,0,1,17,1,0,0,0,0,0,0,0,0,0,0,0,0,0,0,0,0,6,17,0,0,-1,-1,-1,-1,-1,-1,-1,-1,-1,-1,-1,-1,-1,-1,-1,-1,-1,-1,-1,-1,-1,-1,-1,-1,-1,-1,-1,-1,-1,-1,-1,-1,-1,-1,-1,-1,-1,-1,-1,-1,-1,-1,-1,-1,-1,-1,-1,-1,-1,-1,-1,-1,-1,-1,-1,-1,0,3.238128,0,13335,24,340,2,2,0,288,1,1,0,0,0,0
1,0,1,6,0,0,0,0,0,0,0,0,0,0,0,0,0,1,48,1,0,0,0,0,0,0,0,0,0,0,0,0,0,0,0,0,5,11,0,0,0,0,1,6,0,0,0,0,0,0,0,0,0,0,0,0,0,37,0,0,0,0,0,0,0,0,0,0,0,0,0,0,0,0,0,0,-1,-1,-1,-1,-1,-1,-1,-1,-1,-1,-1,-1,-1,-1,-1,-1,-1,-1,-1,-1,0,5.930274,0,42612,5218,259,1,4,1,287,0,0,0,0,0,1
3,1,0,2,0,0,0,0,0,0,0,0,0,0,0,0,0,1,40,2,0,0,0,0,0,0,0,0,0,0,0,0,0,0,0,0,5,18,0,0,1,1,0,2,0,0,0,0,0,0,0,0,0,0,0,0,0,22,1,1,0,0,0,0,0,0,0,0,0,0,0,0,0,0,0,12,-1,-1,-1,-1,-1,-1,-1,-1,-1,-1,-1,-1,-1,-1,-1,-1,-1,-1,-1,-1,0,-1.0,0,-1,-1,-1,-1,4,0,-1,0,-1,0,0,0,0
1,4,0,3,0,0,0,0,0,0,0,0,0,0,0,0,0,1,30,1,0,0,0,0,0,0,0,0,0,0,0,0,0,0,0,0,5,9,0,0,0,4,0,3,0,0,0,0,0,0,0,0,0,0,0,0,0,21,0,0,0,0,0,0,0,0,0,0,0,0,0,0,0,0,0,0,-1,-1,-1,-1,-1,-1,-1,-1,-1,-1,-1,-1,-1,-1,-1,-1,-1,-1,-1,-1,0,0.223237,-1,55293,1745,81,1,2,1,14391,1,1,0,0,0,1
2,0,0,0,0,0,0,0,0,0,0,0,0,0,0,0,0,1,15,2,0,0,0,0,0,0,0,0,0,0,0,0,0,0,0,0,3,15,0,0,-1,-1,-1,-1,-1,-1,-1,-1,-1,-1,-1,-1,-1,-1,-1,-1,-1,-1,-1,-1,-1,-1,-1,-1,-1,-1,-1,-1,-1,-1,-1,-1,-1,-1,-1,-1,-1,-1,-1,-1,-1,-1,-1,-1,-1,-1,-1,-1,-1,-1,-1,-1,-1,-1,-1,-1,0,0.07208099999999999,0,13335,4540,1303,2,2,1,299,0,0,0,0,0,0
2,2,0,7,0,0,0,0,0,0,0,0,0,0,0,0,0,1,70,1,1,0,0,0,0,0,0,0,0,0,0,0,0,0,0,0,5,16,0,0,1,1,0,7,0,0,0,0,0,0,0,0,0,0,0,0,0,54,1,0,0,0,0,0,0,0,0,0,0,0,0,0,0,0,0,11,-1,-1,-1,-1,-1,-1,-1,-1,-1,-1,-1,-1,-1,-1,-1,-1,-1,-1,-1,-1,0,0.42786,-1,19905,1470,355,1,2,0,225,0,0,0,0,0,1
1,0,0,1,0,0,0,0,0,0,0,0,0,0,0,0,0,1,44,1,0,0,0,0,0,0,0,0,0,0,0,0,0,0,0,0,3,11,0,0,0,0,0,1,0,0,0,0,0,0,0,0,0,0,0,0,0,33,0,0,0,0,0,0,0,0,0,0,0,0,0,0,0,0,0,32,-1,-1,-1,-1,-1,-1,-1,-1,-1,-1,-1,-1,-1,-1,-1,-1,-1,-1,-1,-1,0,-1.0,0,22611,6580,358,1,2,0,1279,0,1,0,0,0,1
3,0,1,3,0,0,0,0,0,0,0,0,0,0,0,0,0,1,74,2,0,0,0,0,0,0,0,0,0,0,0,0,0,0,0,0,9,26,0,0,1,0,1,3,0,0,0,0,0,0,0,0,0,0,0,0,0,48,1,0,0,0,0,0,0,0,0,0,0,0,0,0,0,0,0,17,-1,-1,-1,-1,-1,-1,-1,-1,-1,-1,-1,-1,-1,-1,-1,-1,-1,-1,-1,-1,0,9.350001,0,29119,-1,-1,1,4,0,2906,1,0,0,0,0,1
4,0,0,4,0,0,0,0,0,0,0,0,0,0,0,0,0,1,86,3,0,0,0,0,0,0,0,0,0,0,0,0,0,0,0,0,8,24,0,0,1,0,0,4,0,0,0,0,0,0,0,0,0,0,0,0,0,62,1,0,0,0,0,0,0,0,0,0,0,0,0,0,0,0,0,10,-1,-1,-1,-1,-1,-1,-1,-1,-1,-1,-1,-1,-1,-1,-1,-1,-1,-1,-1,-1,0,0.891975,0,20738,5954,254,1,3,1,3598,1,4,0,0,0,1
1,0,0,0,0,0,0,0,0,0,0,0,0,0,0,0,0,1,19,1,0,0,0,0,0,0,0,0,0,0,0,0,0,0,0,0,9,19,0,0,-1,-1,-1,-1,-1,-1,-1,-1,-1,-1,-1,-1,-1,-1,-1,-1,-1,-1,-1,-1,-1,-1,-1,-1,-1,-1,-1,-1,-1,-1,-1,-1,-1,-1,-1,-1,-1,-1,-1,-1,-1,-1,-1,-1,-1,-1,-1,-1,-1,-1,-1,-1,-1,-1,-1,-1,0,0.811401,0,15169,3296,1451,1,2,0,591,0,0,0,0,0,0
1,0,0,3,0,0,0,0,0,0,0,0,0,0,0,0,0,1,34,1,0,0,0,0,0,0,0,0,0,0,0,0,0,0,0,0,5,16,0,0,0,0,0,3,0,0,0,0,0,0,0,0,0,0,0,0,0,18,0,0,0,0,0,0,0,0,0,0,0,0,0,0,0,0,0,3,-1,-1,-1,-1,-1,-1,-1,-1,-1,-1,-1,-1,-1,-1,-1,-1,-1,-1,-1,-1,0,0.075565,1,26496,1092,368,1,2,1,10760,1,1,0,0,0,1
2,4,0,3,0,0,0,0,0,0,0,0,0,0,0,0,0,1,65,2,0,0,0,0,0,0,0,0,0,0,0,0,0,0,0,0,5,16,0,0,0,4,0,3,0,0,0,0,0,0,0,0,0,0,0,0,0,49,0,0,0,0,0,0,0,0,0,0,0,0,0,0,0,0,0,15,-1,-1,-1,-1,-1,-1,-1,-1,-1,-1,-1,-1,-1,-1,-1,-1,-1,-1,-1,-1,0,0.209616,0,32934,7859,3464,1,2,1,4,1,0,0,0,0,0
3,0,0,0,0,0,0,0,0,0,0,0,0,0,0,0,0,1,16,3,0,0,0,0,0,0,0,0,0,0,0,0,0,0,0,0,5,16,0,0,-1,-1,-1,-1,-1,-1,-1,-1,-1,-1,-1,-1,-1,-1,-1,-1,-1,-1,-1,-1,-1,-1,-1,-1,-1,-1,-1,-1,-1,-1,-1,-1,-1,-1,-1,-1,-1,-1,-1,-1,-1,-1,-1,-1,-1,-1,-1,-1,-1,-1,-1,-1,-1,-1,-1,-1,0,0.21420100000000009,0,13335,5713,87,1,4,4,298,1,1,0,0,0,0
2,0,0,1,0,0,0,0,0,0,0,0,0,0,0,0,0,1,21,1,0,0,0,0,0,0,0,0,0,0,0,0,0,0,0,0,3,13,0,0,1,0,0,1,0,0,0,0,0,0,0,0,0,0,0,0,0,8,1,0,0,0,0,0,0,0,0,0,0,0,0,0,0,0,0,7,-1,-1,-1,-1,-1,-1,-1,-1,-1,-1,-1,-1,-1,-1,-1,-1,-1,-1,-1,-1,0,0.441785,0,46945,5106,6,1,2,1,9237,1,0,0,0,0,1
2,1,0,3,0,0,0,0,0,0,0,0,0,0,0,0,0,1,30,2,1,0,0,0,0,0,0,0,0,0,0,0,0,0,0,0,5,19,0,0,0,0,0,3,0,0,0,0,0,0,0,0,0,0,0,0,0,11,0,0,0,0,0,0,0,0,0,0,0,0,0,0,0,0,0,0,-1,-1,-1,-1,-1,-1,-1,-1,-1,-1,-1,-1,-1,-1,-1,-1,-1,-1,-1,-1,0,0.103741,0,43350,-1,-1,1,4,0,3571,0,0,0,0,0,1
1,0,0,1,0,0,0,0,0,0,0,0,0,0,0,0,0,1,20,1,0,0,0,0,0,0,0,0,0,0,0,0,0,0,0,0,9,19,0,0,0,0,0,1,0,0,0,0,0,0,0,0,0,0,0,0,0,1,0,0,0,0,0,0,0,0,0,0,0,0,0,0,0,0,0,0,-1,-1,-1,-1,-1,-1,-1,-1,-1,-1,-1,-1,-1,-1,-1,-1,-1,-1,-1,-1,0,0.20798000000000005,0,51468,3636,380,1,2,3,1792,0,0,0,0,0,0
2,0,0,0,0,0,0,0,0,0,0,0,0,0,0,0,0,1,35,2,0,0,0,0,0,0,0,0,0,0,0,0,0,0,0,0,13,35,0,0,-1,-1,-1,-1,-1,-1,-1,-1,-1,-1,-1,-1,-1,-1,-1,-1,-1,-1,-1,-1,-1,-1,-1,-1,-1,-1,-1,-1,-1,-1,-1,-1,-1,-1,-1,-1,-1,-1,-1,-1,-1,-1,-1,-1,-1,-1,-1,-1,-1,-1,-1,-1,-1,-1,-1,-1,0,5.638107,0,15169,-1,-1,1,4,0,287,1,0,0,0,0,0
2,0,0,1,0,0,0,0,0,0,0,0,0,0,0,0,0,1,20,2,0,0,0,0,0,0,0,0,0,0,0,0,0,0,0,0,5,19,0,0,0,0,0,1,0,0,0,0,0,0,0,0,0,0,0,0,0,1,0,0,0,0,0,0,0,0,0,0,0,0,0,0,0,0,0,0,-1,-1,-1,-1,-1,-1,-1,-1,-1,-1,-1,-1,-1,-1,-1,-1,-1,-1,-1,-1,0,0.5488310000000001,0,13335,870,224,2,2,0,299,1,0,0,0,0,0
3,0,0,1,0,0,0,0,0,0,0,0,0,0,0,0,0,1,26,3,0,0,0,0,0,0,0,0,0,0,0,0,0,0,0,0,7,25,0,0,0,0,0,1,0,0,0,0,0,0,0,0,0,0,0,0,0,1,0,0,0,0,0,0,0,0,0,0,0,0,0,0,0,0,0,0,-1,-1,-1,-1,-1,-1,-1,-1,-1,-1,-1,-1,-1,-1,-1,-1,-1,-1,-1,-1,0,0.305527,0,15169,-1,-1,1,4,0,272,1,1,0,0,0,1
3,1,3,8,0,2,0,1,0,0,0,0,0,0,0,0,0,1,134,1,0,0,0,0,0,0,0,0,0,0,0,0,0,0,0,0,9,22,0,0,0,1,2,8,0,0,0,0,0,0,0,0,0,0,0,0,0,85,0,0,0,0,0,0,0,0,0,0,0,0,0,0,0,0,0,0,2,0,1,0,0,2,0,1,0,0,0,0,0,0,0,0,0,27,0,2,0,-1.0,0,-1,5958,250,-1,2,0,-1,0,-1,0,0,0,1
2,0,0,2,0,0,0,0,0,0,0,0,0,0,0,0,14,1,64,2,0,0,0,0,0,0,0,0,0,0,0,0,0,0,0,0,7,16,0,0,0,0,0,2,0,0,0,0,0,0,0,0,0,0,0,0,14,48,0,0,0,0,0,0,0,0,0,0,0,0,0,0,0,0,14,42,-1,-1,-1,-1,-1,-1,-1,-1,-1,-1,-1,-1,-1,-1,-1,-1,-1,-1,-1,-1,0,0.239652,0,43821,-1,-1,1,3,2,579,1,1,0,0,0,0
2,0,1,4,0,3,0,2,0,0,0,0,0,0,0,0,0,1,221,1,0,0,0,0,0,0,0,0,0,0,0,0,0,0,0,0,3,12,0,0,1,0,0,4,0,0,0,0,0,0,0,0,0,0,0,0,0,52,1,0,0,0,0,0,0,0,0,0,0,0,0,0,0,0,0,9,0,0,1,0,0,3,0,2,0,0,0,0,0,0,0,0,0,157,0,3,0,0.421785,-1,32748,305,59,1,2,1,1892,0,0,0,0,0,1
2,0,2,2,0,1,0,0,0,0,0,0,0,0,0,0,2,1,67,2,0,0,0,0,0,0,0,0,0,0,0,0,0,0,0,0,5,15,0,0,0,0,1,1,0,0,0,0,0,0,0,0,0,0,0,0,0,19,0,0,1,0,0,0,0,0,0,0,0,0,0,0,0,0,0,18,0,0,1,1,0,1,0,0,0,0,0,0,0,0,0,0,2,33,0,1,0,0.185396,0,15169,4980,132,1,4,5,299,1,0,0,0,0,0
2,0,0,3,0,0,0,0,0,0,0,0,0,0,0,0,0,1,40,1,0,0,0,0,0,0,0,0,0,0,0,0,0,0,0,0,5,16,0,0,1,0,0,3,0,0,0,0,0,0,0,0,0,0,0,0,0,24,1,0,0,0,0,0,0,0,0,0,0,0,0,0,0,0,0,9,-1,-1,-1,-1,-1,-1,-1,-1,-1,-1,-1,-1,-1,-1,-1,-1,-1,-1,-1,-1,0,-1.0,1,16276,4110,-1,1,2,1,291,0,0,0,0,0,1
2,0,0,1,0,0,0,0,0,0,0,0,0,0,0,0,0,1,28,2,0,0,0,0,0,0,0,0,0,0,0,0,0,0,0,0,8,27,0,0,0,0,0,1,0,0,0,0,0,0,0,0,0,0,0,0,0,1,0,0,0,0,0,0,0,0,0,0,0,0,0,0,0,0,0,0,-1,-1,-1,-1,-1,-1,-1,-1,-1,-1,-1,-1,-1,-1,-1,-1,-1,-1,-1,-1,0,0.732086,0,15169,-1,-1,1,4,0,144,1,0,0,0,0,0
1,0,0,1,0,0,0,0,0,0,0,0,0,0,0,0,0,1,12,1,0,0,0,0,0,0,0,0,0,0,0,0,0,0,0,0,4,11,0,0,0,0,0,1,0,0,0,0,0,0,0,0,0,0,0,0,0,1,0,0,0,0,0,0,0,0,0,0,0,0,0,0,0,0,0,0,-1,-1,-1,-1,-1,-1,-1,-1,-1,-1,-1,-1,-1,-1,-1,-1,-1,-1,-1,-1,0,1.955856,1,20021,7336,1793,1,2,5,302,0,0,0,0,0,0
2,1,0,0,0,0,0,0,0,0,0,0,0,0,0,0,0,2,28,2,1,0,0,0,0,0,0,0,0,0,0,0,0,0,0,0,7,28,0,0,-1,-1,-1,-1,-1,-1,-1,-1,-1,-1,-1,-1,-1,-1,-1,-1,-1,-1,-1,-1,-1,-1,-1,-1,-1,-1,-1,-1,-1,-1,-1,-1,-1,-1,-1,-1,-1,-1,-1,-1,-1,-1,-1,-1,-1,-1,-1,-1,-1,-1,-1,-1,-1,-1,-1,-1,0,0.206537,0,13335,6899,771,2,2,1,298,1,1,0,0,0,0
3,0,0,2,0,1,1,0,0,0,0,0,0,0,0,0,0,2,54,1,0,0,0,0,0,0,0,0,0,0,0,0,0,0,0,0,5,13,0,0,1,0,0,2,0,0,0,0,0,0,0,0,0,0,0,0,0,16,1,0,0,0,0,0,0,0,0,0,0,0,0,0,0,0,0,9,1,0,0,0,0,1,1,0,0,0,0,0,0,0,0,0,0,25,1,1,1,0.542643,1,200960,2145,45,1,2,1,18947,1,1,0,0,0,1
1,1,0,2,0,0,0,0,0,0,0,0,0,0,0,0,0,1,17,1,1,0,0,0,0,0,0,0,0,0,0,0,0,0,0,0,3,12,0,0,0,0,0,2,0,0,0,0,0,0,0,0,0,0,0,0,0,5,0,0,0,0,0,0,0,0,0,0,0,0,0,0,0,0,0,0,-1,-1,-1,-1,-1,-1,-1,-1,-1,-1,-1,-1,-1,-1,-1,-1,-1,-1,-1,-1,0,0.758548,1,46606,66,298,1,2,5,51,1,0,0,0,0,1
2,2,0,2,0,0,0,0,0,0,0,0,0,0,0,0,0,1,57,2,0,0,0,0,0,0,0,0,0,0,0,0,0,0,0,0,12,30,0,0,0,2,0,2,0,0,0,0,0,0,0,0,0,0,0,0,0,27,0,2,0,0,0,0,0,0,0,0,0,0,0,0,0,0,0,22,-1,-1,-1,-1,-1,-1,-1,-1,-1,-1,-1,-1,-1,-1,-1,-1,-1,-1,-1,-1,0,1.406319,1,20013,1400,60,1,2,1,2644,1,0,0,0,0,1
2,0,0,3,0,0,0,0,0,0,0,0,0,0,0,0,0,1,61,2,0,0,0,0,0,0,0,0,0,0,0,0,0,0,0,0,3,17,0,0,0,0,0,3,0,0,0,0,0,0,0,0,0,0,0,0,0,44,0,0,0,0,0,0,0,0,0,0,0,0,0,0,0,0,0,32,-1,-1,-1,-1,-1,-1,-1,-1,-1,-1,-1,-1,-1,-1,-1,-1,-1,-1,-1,-1,0,10.042901,1,3595,2974,311,1,2,1,1934,1,0,0,0,0,1
1,1,0,3,0,0,0,0,0,0,0,0,0,0,0,0,0,1,44,1,0,0,0,0,0,0,0,0,0,0,0,0,0,0,0,0,8,26,0,0,0,1,0,3,0,0,0,0,0,0,0,0,0,0,0,0,0,18,0,0,0,0,0,0,0,0,0,0,0,0,0,0,0,0,0,4,-1,-1,-1,-1,-1,-1,-1,-1,-1,-1,-1,-1,-1,-1,-1,-1,-1,-1,-1,-1,0,-1.0,0,-1,2454,102,-1,2,0,-1,0,-1,0,0,0,1
1,0,0,1,0,0,0,0,0,0,0,0,0,0,0,0,0,1,17,1,0,0,0,0,0,0,0,0,0,0,0,0,0,0,0,0,7,16,0,0,0,0,0,1,0,0,0,0,0,0,0,0,0,0,0,0,0,1,0,0,0,0,0,0,0,0,0,0,0,0,0,0,0,0,0,0,-1,-1,-1,-1,-1,-1,-1,-1,-1,-1,-1,-1,-1,-1,-1,-1,-1,-1,-1,-1,0,2.474675,1,133882,4987,125,1,2,5,587,1,3,0,0,0,0
2,1,0,3,0,0,0,0,0,0,0,0,0,0,0,0,0,1,62,2,0,0,0,0,0,0,0,0,0,0,0,0,0,0,0,0,6,21,0,0,0,1,0,3,0,0,0,0,0,0,0,0,0,0,0,0,0,41,0,0,0,0,0,0,0,0,0,0,0,0,0,0,0,0,0,0,-1,-1,-1,-1,-1,-1,-1,-1,-1,-1,-1,-1,-1,-1,-1,-1,-1,-1,-1,-1,0,2.766234,-1,18229,658,71,1,2,1,11184,0,0,0,0,0,1
3,0,0,4,0,0,0,0,0,0,0,0,0,0,0,0,0,1,39,3,0,0,0,0,0,0,0,0,0,0,0,0,0,0,0,0,6,19,0,0,0,0,0,4,0,0,0,0,0,0,0,0,0,0,0,0,0,20,0,0,0,0,0,0,0,0,0,0,0,0,0,0,0,0,0,8,-1,-1,-1,-1,-1,-1,-1,-1,-1,-1,-1,-1,-1,-1,-1,-1,-1,-1,-1,-1,0,1.130898,0,37153,-1,-1,1,4,1,98,1,1,0,0,0,1
2,0,0,0,0,0,0,0,0,0,0,0,0,0,0,0,0,1,12,2,0,0,0,0,0,0,0,0,0,0,0,0,0,0,0,0,4,12,0,0,-1,-1,-1,-1,-1,-1,-1,-1,-1,-1,-1,-1,-1,-1,-1,-1,-1,-1,-1,-1,-1,-1,-1,-1,-1,-1,-1,-1,-1,-1,-1,-1,-1,-1,-1,-1,-1,-1,-1,-1,-1,-1,-1,-1,-1,-1,-1,-1,-1,-1,-1,-1,-1,-1,-1,-1,0,0.460415,0,197695,7177,147,1,4,1,5464,1,1,0,0,0,0
2,0,0,0,0,0,0,0,0,0,0,0,0,0,0,0,0,1,15,2,0,0,0,0,0,0,0,0,0,0,0,0,0,0,0,0,2,15,0,0,-1,-1,-1,-1,-1,-1,-1,-1,-1,-1,-1,-1,-1,-1,-1,-1,-1,-1,-1,-1,-1,-1,-1,-1,-1,-1,-1,-1,-1,-1,-1,-1,-1,-1,-1,-1,-1,-1,-1,-1,-1,-1,-1,-1,-1,-1,-1,-1,-1,-1,-1,-1,-1,-1,-1,-1,0,0.622667,0,8535,7542,845,1,2,4,21022,1,4,0,0,0,0
4,3,2,6,0,0,0,0,0,0,0,0,0,0,0,0,0,1,94,3,0,0,0,0,0,0,0,0,0,0,0,0,0,0,0,0,5,19,0,0,1,3,2,6,0,0,0,0,0,0,0,0,0,0,0,0,0,75,1,0,2,0,0,0,0,0,0,0,0,0,0,0,0,0,0,27,-1,-1,-1,-1,-1,-1,-1,-1,-1,-1,-1,-1,-1,-1,-1,-1,-1,-1,-1,-1,0,-1.0,1,16509,5358,120,1,5,5,3574,0,0,0,0,0,1
1,8,0,3,0,0,1,0,0,0,0,0,0,0,0,0,0,1,56,1,3,0,0,0,0,0,0,0,0,0,0,0,0,0,0,0,3,18,0,0,0,5,0,3,0,0,1,0,0,0,0,0,0,0,0,0,0,38,0,0,0,0,0,0,0,0,0,0,0,0,0,0,0,0,0,0,-1,-1,-1,-1,-1,-1,-1,-1,-1,-1,-1,-1,-1,-1,-1,-1,-1,-1,-1,-1,0,0.397764,-1,22612,142,222,1,2,3,1190,1,0,0,0,0,1
2,1,0,4,0,1,0,0,0,0,0,0,0,0,0,0,0,1,83,2,1,0,0,0,0,0,0,0,0,0,0,0,0,0,0,0,7,21,0,0,0,0,0,4,0,0,0,0,0,0,0,0,0,0,0,0,0,58,0,0,0,0,0,0,0,0,0,0,0,0,0,0,0,0,0,0,0,0,0,0,0,1,0,0,0,0,0,0,0,0,0,0,0,4,0,1,0,1.621495,0,53057,-1,-1,1,4,0,3586,1,0,0,0,0,1
2,1,0,6,0,0,0,0,0,0,0,0,0,0,0,0,0,1,61,1,0,0,0,0,0,0,0,0,0,0,0,0,0,0,0,0,9,22,0,0,1,1,0,6,0,0,0,0,0,0,0,0,0,0,0,0,0,39,1,0,0,0,0,0,0,0,0,0,0,0,0,0,0,0,0,10,-1,-1,-1,-1,-1,-1,-1,-1,-1,-1,-1,-1,-1,-1,-1,-1,-1,-1,-1,-1,0,0.813642,-1,34119,3228,58,1,2,5,191,0,0,0,0,0,1
2,0,0,0,0,0,0,0,0,0,0,0,0,0,0,0,0,1,15,2,0,0,0,0,0,0,0,0,0,0,0,0,0,0,0,0,3,15,0,0,-1,-1,-1,-1,-1,-1,-1,-1,-1,-1,-1,-1,-1,-1,-1,-1,-1,-1,-1,-1,-1,-1,-1,-1,-1,-1,-1,-1,-1,-1,-1,-1,-1,-1,-1,-1,-1,-1,-1,-1,-1,-1,-1,-1,-1,-1,-1,-1,-1,-1,-1,-1,-1,-1,-1,-1,0,0.23516,1,13414,6832,472,2,12,5,1046,1,2,0,0,0,0
2,0,2,6,0,0,0,0,0,0,0,0,0,0,0,0,0,1,90,1,0,0,0,0,0,0,0,0,0,0,0,0,0,0,0,0,6,18,0,0,1,0,2,6,0,0,0,0,0,0,0,0,0,0,0,0,0,72,1,0,1,0,0,0,0,0,0,0,0,0,0,0,0,0,0,25,-1,-1,-1,-1,-1,-1,-1,-1,-1,-1,-1,-1,-1,-1,-1,-1,-1,-1,-1,-1,0,0.349063,-1,198610,1368,92,1,4,2,595,0,0,0,0,0,1
1,0,0,1,0,0,0,0,0,0,0,0,0,0,0,0,0,1,19,1,0,0,0,0,0,0,0,0,0,0,0,0,0,0,0,0,3,11,0,0,0,0,0,1,0,0,0,0,0,0,0,0,0,0,0,0,0,8,0,0,0,0,0,0,0,0,0,0,0,0,0,0,0,0,0,7,-1,-1,-1,-1,-1,-1,-1,-1,-1,-1,-1,-1,-1,-1,-1,-1,-1,-1,-1,-1,0,0.241954,1,13414,6832,472,2,12,5,1385,1,1,0,0,0,0
2,0,0,0,0,0,0,0,0,0,0,0,0,0,0,0,0,1,15,2,0,0,0,0,0,0,0,0,0,0,0,0,0,0,0,0,4,15,0,0,-1,-1,-1,-1,-1,-1,-1,-1,-1,-1,-1,-1,-1,-1,-1,-1,-1,-1,-1,-1,-1,-1,-1,-1,-1,-1,-1,-1,-1,-1,-1,-1,-1,-1,-1,-1,-1,-1,-1,-1,-1,-1,-1,-1,-1,-1,-1,-1,-1,-1,-1,-1,-1,-1,-1,-1,0,-1.0,0,3356,6765,173,1,2,1,299,0,-1,0,0,0,0
2,0,0,0,0,0,0,0,0,0,0,0,0,0,0,0,0,1,11,2,0,0,0,0,0,0,0,0,0,0,0,0,0,0,0,0,3,11,0,0,-1,-1,-1,-1,-1,-1,-1,-1,-1,-1,-1,-1,-1,-1,-1,-1,-1,-1,-1,-1,-1,-1,-1,-1,-1,-1,-1,-1,-1,-1,-1,-1,-1,-1,-1,-1,-1,-1,-1,-1,-1,-1,-1,-1,-1,-1,-1,-1,-1,-1,-1,-1,-1,-1,-1,-1,0,0.108507,0,34164,4978,134,5,7,2,1799,1,1,0,0,0,0
1,0,0,1,0,0,0,0,0,0,0,0,0,0,0,0,0,1,18,1,0,0,0,0,0,0,0,0,0,0,0,0,0,0,0,0,6,17,0,0,0,0,0,1,0,0,0,0,0,0,0,0,0,0,0,0,0,1,0,0,0,0,0,0,0,0,0,0,0,0,0,0,0,0,0,0,-1,-1,-1,-1,-1,-1,-1,-1,-1,-1,-1,-1,-1,-1,-1,-1,-1,-1,-1,-1,0,1.179801,-1,20013,2891,30,1,2,1,14389,1,0,0,0,0,0
2,0,0,1,0,0,0,0,0,0,0,0,0,0,0,0,0,1,19,2,0,0,0,0,0,0,0,0,0,0,0,0,0,0,0,0,5,18,0,0,0,0,0,1,0,0,0,0,0,0,0,0,0,0,0,0,0,1,0,0,0,0,0,0,0,0,0,0,0,0,0,0,0,0,0,0,-1,-1,-1,-1,-1,-1,-1,-1,-1,-1,-1,-1,-1,-1,-1,-1,-1,-1,-1,-1,0,0.13961700000000002,0,13335,1517,308,2,2,1,298,1,0,0,0,0,0
3,0,1,4,0,0,0,0,0,0,0,0,0,0,0,0,0,1,54,2,0,0,0,0,0,0,0,0,0,0,0,0,0,0,0,0,9,24,0,0,1,0,1,4,0,0,0,0,0,0,0,0,0,0,0,0,0,30,1,0,0,0,0,0,0,0,0,0,0,0,0,0,0,0,0,7,-1,-1,-1,-1,-1,-1,-1,-1,-1,-1,-1,-1,-1,-1,-1,-1,-1,-1,-1,-1,0,0.595629,-1,19437,2995,291,1,2,1,8516,0,0,0,0,0,1
2,1,0,5,0,0,0,0,0,0,0,0,0,0,0,0,0,1,61,1,0,0,0,0,0,0,0,0,0,0,0,0,0,0,0,0,7,23,0,0,1,1,0,5,0,0,0,0,0,0,0,0,0,0,0,0,0,38,1,0,0,0,0,0,0,0,0,0,0,0,0,0,0,0,0,7,-1,-1,-1,-1,-1,-1,-1,-1,-1,-1,-1,-1,-1,-1,-1,-1,-1,-1,-1,-1,0,0.825299,0,23352,2918,3,1,2,1,8665,0,1,0,0,0,1
3,0,0,0,0,0,0,0,0,0,0,0,0,0,0,0,0,1,27,3,0,0,0,0,0,0,0,0,0,0,0,0,0,0,0,0,5,27,0,0,-1,-1,-1,-1,-1,-1,-1,-1,-1,-1,-1,-1,-1,-1,-1,-1,-1,-1,-1,-1,-1,-1,-1,-1,-1,-1,-1,-1,-1,-1,-1,-1,-1,-1,-1,-1,-1,-1,-1,-1,-1,-1,-1,-1,-1,-1,-1,-1,-1,-1,-1,-1,-1,-1,-1,-1,0,0.255327,0,395082,-1,-1,1,5,0,5085,0,0,0,0,0,1
2,1,0,4,0,0,0,0,0,0,0,0,0,0,0,0,0,1,56,1,0,0,0,0,0,0,0,0,0,0,0,0,0,0,0,0,7,23,0,0,1,1,0,4,0,0,0,0,0,0,0,0,0,0,0,0,0,33,1,0,0,0,0,0,0,0,0,0,0,0,0,0,0,0,0,9,-1,-1,-1,-1,-1,-1,-1,-1,-1,-1,-1,-1,-1,-1,-1,-1,-1,-1,-1,-1,0,0.564789,1,46606,2382,539,1,2,1,8663,1,0,0,0,0,1
4,0,0,5,0,0,0,0,0,0,0,0,0,0,0,0,0,2,64,2,0,0,0,0,0,0,0,0,0,0,0,0,0,0,0,0,6,21,0,0,2,0,0,5,0,0,0,0,0,0,0,0,0,0,0,0,0,43,1,0,0,0,0,0,0,0,0,0,0,0,0,0,0,0,0,9,-1,-1,-1,-1,-1,-1,-1,-1,-1,-1,-1,-1,-1,-1,-1,-1,-1,-1,-1,-1,0,0.338006,1,20013,681,48,1,2,1,4573,0,0,0,0,0,1
2,0,0,0,0,0,0,0,0,0,0,0,0,0,0,0,0,1,23,2,0,0,0,0,0,0,0,0,0,0,0,0,0,0,0,0,6,23,0,0,-1,-1,-1,-1,-1,-1,-1,-1,-1,-1,-1,-1,-1,-1,-1,-1,-1,-1,-1,-1,-1,-1,-1,-1,-1,-1,-1,-1,-1,-1,-1,-1,-1,-1,-1,-1,-1,-1,-1,-1,-1,-1,-1,-1,-1,-1,-1,-1,-1,-1,-1,-1,-1,-1,-1,-1,0,0.609338,-1,19905,5882,326,1,4,1,7198,0,0,0,0,0,0
2,0,0,5,0,0,0,0,0,0,0,0,0,0,0,0,0,1,51,1,0,0,0,0,0,0,0,0,0,0,0,0,0,0,0,0,7,19,0,0,1,0,0,5,0,0,0,0,0,0,0,0,0,0,0,0,0,32,1,0,0,0,0,0,0,0,0,0,0,0,0,0,0,0,0,9,-1,-1,-1,-1,-1,-1,-1,-1,-1,-1,-1,-1,-1,-1,-1,-1,-1,-1,-1,-1,0,0.5874149999999999,0,3595,2873,48,1,2,1,14390,1,0,0,0,0,1
1,0,0,2,0,0,0,0,0,0,0,0,0,0,0,0,0,1,17,1,0,0,0,0,0,0,0,0,0,0,0,0,0,0,0,0,4,14,0,0,0,0,0,2,0,0,0,0,0,0,0,0,0,0,0,0,0,3,0,0,0,0,0,0,0,0,0,0,0,0,0,0,0,0,0,0,-1,-1,-1,-1,-1,-1,-1,-1,-1,-1,-1,-1,-1,-1,-1,-1,-1,-1,-1,-1,0,0.139795,-1,16276,32,332,1,2,1,3729,1,0,0,0,0,1
5,1,0,5,0,0,0,0,0,0,0,0,0,0,0,0,0,1,75,4,0,0,0,0,0,0,0,0,0,0,0,0,0,0,0,0,6,18,0,0,1,1,0,5,0,0,0,0,0,0,0,0,0,0,0,0,0,57,1,0,0,0,0,0,0,0,0,0,0,0,0,0,0,0,0,15,-1,-1,-1,-1,-1,-1,-1,-1,-1,-1,-1,-1,-1,-1,-1,-1,-1,-1,-1,-1,0,1.260638,0,45542,-1,-1,1,1,3,21587,0,0,0,0,0,1
1,0,0,0,0,0,0,0,0,0,0,0,0,0,0,0,0,1,11,1,0,0,0,0,0,0,0,0,0,0,0,0,0,0,0,0,3,11,0,0,-1,-1,-1,-1,-1,-1,-1,-1,-1,-1,-1,-1,-1,-1,-1,-1,-1,-1,-1,-1,-1,-1,-1,-1,-1,-1,-1,-1,-1,-1,-1,-1,-1,-1,-1,-1,-1,-1,-1,-1,-1,-1,-1,-1,-1,-1,-1,-1,-1,-1,-1,-1,-1,-1,-1,-1,0,0.8407,0,41853,339,25,1,2,0,21590,0,1,0,0,0,0
4,10,5,3,0,8,0,7,0,0,0,0,0,0,0,0,0,3,461,2,1,0,0,0,0,0,0,0,0,0,0,0,0,0,0,0,4,17,0,0,1,2,0,3,0,0,0,0,0,0,0,0,0,0,0,0,0,26,1,1,0,0,0,0,0,0,0,0,0,0,0,0,0,0,0,13,1,7,5,0,0,8,0,7,0,0,0,0,0,0,0,0,0,418,1,7,0,0.069131,0,13335,-1,-1,5,2,0,287,1,0,0,0,0,1
2,1,1,6,0,0,0,0,0,0,0,0,0,0,0,0,0,1,62,2,1,0,0,0,0,0,0,0,0,0,0,0,0,0,0,0,7,21,0,0,0,0,1,6,0,0,0,0,0,0,0,0,0,0,0,0,0,41,0,0,0,0,0,0,0,0,0,0,0,0,0,0,0,0,0,0,-1,-1,-1,-1,-1,-1,-1,-1,-1,-1,-1,-1,-1,-1,-1,-1,-1,-1,-1,-1,0,0.13034,0,31178,-1,-1,1,2,1,7191,0,0,0,0,0,1
2,0,0,0,0,0,0,0,0,0,0,0,0,0,0,0,0,1,16,2,0,0,0,0,0,0,0,0,0,0,0,0,0,0,0,0,4,16,0,0,-1,-1,-1,-1,-1,-1,-1,-1,-1,-1,-1,-1,-1,-1,-1,-1,-1,-1,-1,-1,-1,-1,-1,-1,-1,-1,-1,-1,-1,-1,-1,-1,-1,-1,-1,-1,-1,-1,-1,-1,-1,-1,-1,-1,-1,-1,-1,-1,-1,-1,-1,-1,-1,-1,-1,-1,0,-1.0,0,4847,7183,121,-1,4,0,-1,0,-1,0,0,0,0
1,0,0,2,0,0,0,0,0,0,0,0,0,0,0,0,0,1,14,1,0,0,0,0,0,0,0,0,0,0,0,0,0,0,0,0,3,10,0,0,0,0,0,2,0,0,0,0,0,0,0,0,0,0,0,0,0,4,0,0,0,0,0,0,0,0,0,0,0,0,0,0,0,0,0,0,-1,-1,-1,-1,-1,-1,-1,-1,-1,-1,-1,-1,-1,-1,-1,-1,-1,-1,-1,-1,0,0.3947,-1,26496,1978,212,1,2,4,8594,0,1,0,0,0,1
2,0,0,0,0,0,0,0,0,0,0,0,0,0,0,0,0,1,20,2,0,0,0,0,0,0,0,0,0,0,0,0,0,0,0,0,6,20,0,0,-1,-1,-1,-1,-1,-1,-1,-1,-1,-1,-1,-1,-1,-1,-1,-1,-1,-1,-1,-1,-1,-1,-1,-1,-1,-1,-1,-1,-1,-1,-1,-1,-1,-1,-1,-1,-1,-1,-1,-1,-1,-1,-1,-1,-1,-1,-1,-1,-1,-1,-1,-1,-1,-1,-1,-1,0,1.018239,0,14061,3883,1230,1,4,0,3115,0,0,0,0,0,0
1,0,0,2,0,0,0,0,0,0,0,0,0,0,0,0,0,1,19,1,0,0,0,0,0,0,0,0,0,0,0,0,0,0,0,0,5,12,0,0,0,0,0,2,0,0,0,0,0,0,0,0,0,0,0,0,0,7,0,0,0,0,0,0,0,0,0,0,0,0,0,0,0,0,0,0,-1,-1,-1,-1,-1,-1,-1,-1,-1,-1,-1,-1,-1,-1,-1,-1,-1,-1,-1,-1,0,0.8288409999999999,-1,26496,3813,203,1,2,2,597,0,0,0,0,0,1
2,0,0,0,0,0,0,0,0,0,0,0,0,0,0,0,0,1,22,2,0,0,0,0,0,0,0,0,0,0,0,0,0,0,0,0,8,22,0,0,-1,-1,-1,-1,-1,-1,-1,-1,-1,-1,-1,-1,-1,-1,-1,-1,-1,-1,-1,-1,-1,-1,-1,-1,-1,-1,-1,-1,-1,-1,-1,-1,-1,-1,-1,-1,-1,-1,-1,-1,-1,-1,-1,-1,-1,-1,-1,-1,-1,-1,-1,-1,-1,-1,-1,-1,0,0.309042,0,16509,7077,958,1,5,0,1799,0,0,0,0,0,0
3,1,0,3,0,0,0,0,0,0,0,0,0,0,0,0,0,1,62,2,0,0,0,0,0,0,0,0,0,0,0,0,0,0,0,0,8,25,0,0,1,1,0,3,0,0,0,0,0,0,0,0,0,0,0,0,0,37,1,0,0,0,0,0,0,0,0,0,0,0,0,0,0,0,0,14,-1,-1,-1,-1,-1,-1,-1,-1,-1,-1,-1,-1,-1,-1,-1,-1,-1,-1,-1,-1,0,0.619835,-1,47583,586,143,1,3,1,13031,1,0,0,0,0,1
2,0,0,3,0,0,0,0,0,0,0,0,0,0,0,0,0,1,38,2,0,0,0,0,0,0,0,0,0,0,0,0,0,0,0,0,6,16,0,0,0,0,0,3,0,0,0,0,0,0,0,0,0,0,0,0,0,22,0,0,0,0,0,0,0,0,0,0,0,0,0,0,0,0,0,0,-1,-1,-1,-1,-1,-1,-1,-1,-1,-1,-1,-1,-1,-1,-1,-1,-1,-1,-1,-1,0,0.173879,0,15169,-1,-1,1,4,5,124,1,2,0,0,0,1
3,0,0,1,0,0,0,0,0,0,0,0,0,0,0,0,0,1,16,3,0,0,0,0,0,0,0,0,0,0,0,0,0,0,0,0,4,15,0,0,0,0,0,1,0,0,0,0,0,0,0,0,0,0,0,0,0,1,0,0,0,0,0,0,0,0,0,0,0,0,0,0,0,0,0,0,-1,-1,-1,-1,-1,-1,-1,-1,-1,-1,-1,-1,-1,-1,-1,-1,-1,-1,-1,-1,0,-1.0,0,30148,6426,-1,1,2,2,1569,1,1,0,0,0,0
2,1,0,2,0,0,0,0,0,0,0,0,0,0,0,0,0,1,40,2,0,0,0,0,0,0,0,0,0,0,0,0,0,0,0,0,7,23,0,0,0,1,0,2,0,0,0,0,0,0,0,0,0,0,0,0,0,17,0,0,0,0,0,0,0,0,0,0,0,0,0,0,0,0,0,0,-1,-1,-1,-1,-1,-1,-1,-1,-1,-1,-1,-1,-1,-1,-1,-1,-1,-1,-1,-1,0,0.719669,0,8075,289,75,1,4,0,598,0,0,0,0,0,1
6,2,0,8,0,1,0,0,0,0,0,0,0,0,0,0,0,2,113,2,0,0,0,0,0,0,0,0,0,0,0,0,0,0,0,0,6,21,0,0,1,1,0,1,0,0,0,0,0,0,0,0,0,0,0,0,0,19,1,1,0,0,0,0,0,0,0,0,0,0,0,0,0,0,0,18,3,1,0,7,0,1,0,0,0,0,0,0,0,0,0,0,0,73,1,1,0,0.187868,1,13364,451,278,1,4,5,3599,1,0,0,0,0,1
3,0,0,2,0,0,0,0,0,0,0,0,0,0,0,0,0,1,68,2,0,0,0,0,0,0,0,0,0,0,0,0,0,0,0,0,9,31,0,0,1,0,0,2,0,0,0,0,0,0,0,0,0,0,0,0,0,37,1,0,0,0,0,0,0,0,0,0,0,0,0,0,0,0,0,17,-1,-1,-1,-1,-1,-1,-1,-1,-1,-1,-1,-1,-1,-1,-1,-1,-1,-1,-1,-1,0,0.285658,0,47583,-1,-1,1,1,1,7,1,0,0,0,0,1
4,0,0,1,0,1,0,0,0,0,0,0,0,0,0,0,0,1,40,3,0,0,0,0,0,0,0,0,0,0,0,0,0,0,0,0,3,15,0,0,1,0,0,1,0,0,0,0,0,0,0,0,0,0,0,0,0,10,1,0,0,0,0,0,0,0,0,0,0,0,0,0,0,0,0,9,0,0,0,0,0,1,0,0,0,0,0,0,0,0,0,0,0,15,0,1,0,0.485524,0,13335,-1,-1,2,2,1,297,1,0,0,0,0,0
2,0,0,0,0,0,0,0,0,0,0,0,0,0,0,0,0,1,13,2,0,0,0,0,0,0,0,0,0,0,0,0,0,0,0,0,3,13,0,0,-1,-1,-1,-1,-1,-1,-1,-1,-1,-1,-1,-1,-1,-1,-1,-1,-1,-1,-1,-1,-1,-1,-1,-1,-1,-1,-1,-1,-1,-1,-1,-1,-1,-1,-1,-1,-1,-1,-1,-1,-1,-1,-1,-1,-1,-1,-1,-1,-1,-1,-1,-1,-1,-1,-1,-1,0,-1.0,0,-1,14,350,-1,2,0,-1,0,-1,0,0,0,0
2,0,0,1,0,0,0,0,0,0,0,0,0,0,0,0,0,1,15,2,0,0,0,0,0,0,0,0,0,0,0,0,0,0,0,0,4,14,0,0,0,0,0,1,0,0,0,0,0,0,0,0,0,0,0,0,0,1,0,0,0,0,0,0,0,0,0,0,0,0,0,0,0,0,0,0,-1,-1,-1,-1,-1,-1,-1,-1,-1,-1,-1,-1,-1,-1,-1,-1,-1,-1,-1,-1,0,0.797236,0,36351,7566,57,1,5,7,1606,1,0,0,0,0,0
2,0,0,2,0,0,0,0,0,0,0,0,0,0,0,0,0,1,46,2,0,0,0,0,0,0,0,0,0,0,0,0,0,0,0,0,8,32,0,0,0,0,0,2,0,0,0,0,0,0,0,0,0,0,0,0,0,14,0,0,0,0,0,0,0,0,0,0,0,0,0,0,0,0,0,0,-1,-1,-1,-1,-1,-1,-1,-1,-1,-1,-1,-1,-1,-1,-1,-1,-1,-1,-1,-1,0,0.32307600000000003,0,26496,-1,-1,1,2,1,599,0,0,0,0,0,1
1,1,0,3,0,0,0,0,0,0,0,0,0,0,0,0,0,1,40,1,0,0,0,0,0,0,0,0,0,0,0,0,0,0,0,0,8,21,0,0,0,1,0,3,0,0,0,0,0,0,0,0,0,0,0,0,0,19,0,0,0,0,0,0,0,0,0,0,0,0,0,0,0,0,0,0,-1,-1,-1,-1,-1,-1,-1,-1,-1,-1,-1,-1,-1,-1,-1,-1,-1,-1,-1,-1,0,1.656207,-1,26496,3113,173,1,2,2,591,0,0,0,0,0,1
2,4,0,3,0,0,0,0,0,0,0,0,0,0,0,0,0,1,49,2,0,0,0,0,0,0,0,0,0,0,0,0,0,0,0,0,1,10,0,0,0,4,0,3,0,0,0,0,0,0,0,0,0,0,0,0,0,39,0,0,0,0,0,0,0,0,0,0,0,0,0,0,0,0,0,0,-1,-1,-1,-1,-1,-1,-1,-1,-1,-1,-1,-1,-1,-1,-1,-1,-1,-1,-1,-1,0,4.185226,1,20013,675,54,1,2,1,14390,1,0,0,0,0,1
2,0,0,0,0,0,0,0,0,0,0,0,0,0,0,0,0,1,16,2,0,0,0,0,0,0,0,0,0,0,0,0,0,0,0,0,4,16,0,0,-1,-1,-1,-1,-1,-1,-1,-1,-1,-1,-1,-1,-1,-1,-1,-1,-1,-1,-1,-1,-1,-1,-1,-1,-1,-1,-1,-1,-1,-1,-1,-1,-1,-1,-1,-1,-1,-1,-1,-1,-1,-1,-1,-1,-1,-1,-1,-1,-1,-1,-1,-1,-1,-1,-1,-1,0,-1.0,0,13335,5681,162,2,2,1,299,0,-1,0,0,0,0
2,0,0,2,0,0,0,0,0,0,0,0,0,0,0,0,4,1,70,1,0,0,0,0,0,0,0,0,0,0,0,0,0,0,0,0,4,12,0,0,1,0,0,2,0,0,0,0,0,0,0,0,0,0,0,0,4,58,1,0,0,0,0,0,0,0,0,0,0,0,0,0,0,0,0,9,-1,-1,-1,-1,-1,-1,-1,-1,-1,-1,-1,-1,-1,-1,-1,-1,-1,-1,-1,-1,0,0.383256,0,44112,1276,184,1,4,2,591,0,1,0,0,0,1
1,0,0,0,0,0,0,0,0,0,0,0,0,0,0,0,0,1,9,1,0,0,0,0,0,0,0,0,0,0,0,0,0,0,0,0,4,9,0,0,-1,-1,-1,-1,-1,-1,-1,-1,-1,-1,-1,-1,-1,-1,-1,-1,-1,-1,-1,-1,-1,-1,-1,-1,-1,-1,-1,-1,-1,-1,-1,-1,-1,-1,-1,-1,-1,-1,-1,-1,-1,-1,-1,-1,-1,-1,-1,-1,-1,-1,-1,-1,-1,-1,-1,-1,0,0.483324,-1,13335,3396,621,2,2,6,291,1,1,0,0,0,0
2,0,0,1,0,0,0,0,0,0,0,0,0,0,0,0,0,1,27,2,0,0,0,0,0,0,0,0,0,0,0,0,0,0,0,0,9,26,0,0,0,0,0,1,0,0,0,0,0,0,0,0,0,0,0,0,0,1,0,0,0,0,0,0,0,0,0,0,0,0,0,0,0,0,0,0,-1,-1,-1,-1,-1,-1,-1,-1,-1,-1,-1,-1,-1,-1,-1,-1,-1,-1,-1,-1,0,0.420482,0,32748,4945,167,1,4,2,3599,0,0,0,0,0,0
1,0,1,9,0,0,0,0,0,0,0,0,0,0,0,0,0,1,80,1,0,0,0,0,0,0,0,0,0,0,0,0,0,0,0,0,6,17,0,0,0,0,1,9,0,0,0,0,0,0,0,0,0,0,0,0,0,63,0,0,0,0,0,0,0,0,0,0,0,0,0,0,0,0,0,0,-1,-1,-1,-1,-1,-1,-1,-1,-1,-1,-1,-1,-1,-1,-1,-1,-1,-1,-1,-1,0,0.948755,0,38731,1846,344,1,2,2,591,0,0,0,0,0,1
2,0,0,1,0,0,0,0,0,0,0,0,0,0,0,0,0,1,25,2,0,0,0,0,0,0,0,0,0,0,0,0,0,0,0,0,7,24,0,0,0,0,0,1,0,0,0,0,0,0,0,0,0,0,0,0,0,1,0,0,0,0,0,0,0,0,0,0,0,0,0,0,0,0,0,0,-1,-1,-1,-1,-1,-1,-1,-1,-1,-1,-1,-1,-1,-1,-1,-1,-1,-1,-1,-1,0,0.676795,0,15169,-1,-1,1,4,0,77,1,0,0,0,0,0
2,0,0,0,0,0,0,0,0,0,0,0,0,0,0,0,0,1,15,2,0,0,0,0,0,0,0,0,0,0,0,0,0,0,0,0,3,15,0,0,-1,-1,-1,-1,-1,-1,-1,-1,-1,-1,-1,-1,-1,-1,-1,-1,-1,-1,-1,-1,-1,-1,-1,-1,-1,-1,-1,-1,-1,-1,-1,-1,-1,-1,-1,-1,-1,-1,-1,-1,-1,-1,-1,-1,-1,-1,-1,-1,-1,-1,-1,-1,-1,-1,-1,-1,0,0.0733,0,13335,4540,1303,2,2,1,298,0,0,0,0,0,0
2,0,0,2,0,5,0,4,0,0,0,0,0,0,0,0,0,1,114,2,0,0,0,0,0,0,0,0,0,0,0,0,0,0,0,0,2,17,0,0,0,0,0,2,0,0,0,0,0,0,0,0,0,0,0,0,0,17,0,0,0,0,0,0,0,0,0,0,0,0,0,0,0,0,0,8,0,0,0,0,0,5,0,4,0,0,0,0,0,0,0,0,0,80,0,5,0,0.32500300000000004,0,19795,-1,-1,1,5,2,10791,0,0,0,0,0,1
2,0,0,1,0,0,0,0,0,0,0,0,0,0,0,0,0,1,22,2,0,0,0,0,0,0,0,0,0,0,0,0,0,0,0,0,6,21,0,0,0,0,0,1,0,0,0,0,0,0,0,0,0,0,0,0,0,1,0,0,0,0,0,0,0,0,0,0,0,0,0,0,0,0,0,0,-1,-1,-1,-1,-1,-1,-1,-1,-1,-1,-1,-1,-1,-1,-1,-1,-1,-1,-1,-1,0,3.1027430000000003,1,26496,710,384,1,2,1,1092,1,0,0,0,0,0
3,0,0,5,0,0,0,0,0,0,0,1,0,0,0,0,0,1,47,0,0,0,0,0,0,0,0,0,0,0,0,0,0,0,0,0,0,6,0,0,3,0,0,5,0,0,0,0,0,0,0,1,0,0,0,0,0,41,0,0,0,0,0,0,0,0,0,0,0,0,0,0,0,0,0,1,-1,-1,-1,-1,-1,-1,-1,-1,-1,-1,-1,-1,-1,-1,-1,-1,-1,-1,-1,-1,0,-1.0,0,-1,-1,-1,-1,4,0,-1,0,-1,0,0,0,1
2,0,0,0,0,0,0,0,0,0,0,0,0,0,0,0,0,1,15,2,0,0,0,0,0,0,0,0,0,0,0,0,0,0,0,0,5,15,0,0,-1,-1,-1,-1,-1,-1,-1,-1,-1,-1,-1,-1,-1,-1,-1,-1,-1,-1,-1,-1,-1,-1,-1,-1,-1,-1,-1,-1,-1,-1,-1,-1,-1,-1,-1,-1,-1,-1,-1,-1,-1,-1,-1,-1,-1,-1,-1,-1,-1,-1,-1,-1,-1,-1,-1,-1,0,5.51401,0,30148,7307,1092,1,4,1,352,0,-1,0,0,0,0
2,0,1,4,0,0,0,0,0,0,0,0,0,0,0,0,0,1,111,1,0,0,0,0,0,0,0,0,0,0,0,0,0,0,0,0,6,16,0,0,1,0,0,4,0,0,0,0,0,0,0,0,0,0,0,0,0,54,1,0,0,0,0,0,0,0,0,0,0,0,0,0,0,0,0,11,0,0,1,0,0,0,0,0,0,0,0,0,0,0,0,0,0,41,0,0,0,0.661061,-1,16276,3017,1365,1,2,1,20386,1,0,0,0,0,1
5,0,0,3,0,0,0,0,0,0,0,0,0,0,0,0,0,1,48,4,0,0,0,0,0,0,0,0,0,0,0,0,0,0,0,0,8,26,0,0,1,0,0,3,0,0,0,0,0,0,0,0,0,0,0,0,0,22,1,0,0,0,0,0,0,0,0,0,0,0,0,0,0,0,0,9,-1,-1,-1,-1,-1,-1,-1,-1,-1,-1,-1,-1,-1,-1,-1,-1,-1,-1,-1,-1,0,0.042461,0,62134,-1,-1,1,2,1,12718,1,0,0,0,0,1
3,1,0,1,0,0,0,0,0,0,0,0,0,0,0,0,0,1,44,2,0,0,0,0,0,0,0,0,0,0,0,0,0,0,0,0,11,29,0,0,1,1,0,1,0,0,0,0,0,0,0,0,0,0,0,0,0,15,1,1,0,0,0,0,0,0,0,0,0,0,0,0,0,0,0,14,-1,-1,-1,-1,-1,-1,-1,-1,-1,-1,-1,-1,-1,-1,-1,-1,-1,-1,-1,-1,0,10.021373,0,13335,-1,-1,5,2,0,283,1,0,0,0,0,1
1,0,0,0,0,0,0,0,0,0,0,0,0,0,0,0,0,1,11,1,0,0,0,0,0,0,0,0,0,0,0,0,0,0,0,0,4,11,0,0,-1,-1,-1,-1,-1,-1,-1,-1,-1,-1,-1,-1,-1,-1,-1,-1,-1,-1,-1,-1,-1,-1,-1,-1,-1,-1,-1,-1,-1,-1,-1,-1,-1,-1,-1,-1,-1,-1,-1,-1,-1,-1,-1,-1,-1,-1,-1,-1,-1,-1,-1,-1,-1,-1,-1,-1,0,0.483222,-1,6697,4786,326,1,2,1,21592,1,1,0,0,0,0
3,1,0,2,0,0,0,0,0,0,0,0,0,0,0,0,0,1,41,2,1,0,0,0,0,0,0,0,0,0,0,0,0,0,0,0,7,21,0,0,1,0,0,2,0,0,0,0,0,0,0,0,0,0,0,0,0,20,1,0,0,0,0,0,0,0,0,0,0,0,0,0,0,0,0,9,-1,-1,-1,-1,-1,-1,-1,-1,-1,-1,-1,-1,-1,-1,-1,-1,-1,-1,-1,-1,0,1.065315,0,8751,-1,-1,1,2,2,55,1,0,0,0,0,1
2,5,0,7,0,0,0,0,0,0,0,0,0,0,0,0,0,1,92,2,0,0,0,0,0,0,0,0,0,0,0,0,0,0,0,0,9,25,0,0,0,5,0,7,0,0,0,0,0,0,0,0,0,0,0,0,0,67,0,0,0,0,0,0,0,0,0,0,0,0,0,0,0,0,0,0,-1,-1,-1,-1,-1,-1,-1,-1,-1,-1,-1,-1,-1,-1,-1,-1,-1,-1,-1,-1,0,0.061808,0,13335,3280,737,5,2,7,287,1,1,0,0,0,0
3,4,0,3,0,1,0,0,0,0,0,0,0,0,0,0,0,1,97,2,0,0,0,0,0,0,0,0,0,0,0,0,0,0,0,0,5,15,0,0,1,0,0,3,0,0,0,0,0,0,0,0,0,0,0,0,0,43,1,0,0,0,0,0,0,0,0,0,0,0,0,0,0,0,0,25,0,4,0,0,0,1,0,0,0,0,0,0,0,0,0,0,0,39,0,1,0,0.5697800000000001,0,8075,-1,-1,1,4,1,107,1,0,0,0,0,1
3,1,0,3,0,0,0,0,0,0,0,0,0,0,0,0,0,1,39,3,0,0,0,0,0,0,0,0,0,0,0,0,0,0,0,0,7,23,0,0,0,1,0,3,0,0,0,0,0,0,0,0,0,0,0,0,0,16,0,0,0,0,0,0,0,0,0,0,0,0,0,0,0,0,0,0,-1,-1,-1,-1,-1,-1,-1,-1,-1,-1,-1,-1,-1,-1,-1,-1,-1,-1,-1,-1,0,2.041051,1,20013,1613,212,1,2,1,14389,1,0,0,0,0,1
2,0,0,1,0,0,0,0,0,0,0,0,0,0,0,0,0,1,36,1,0,0,0,0,0,0,0,0,0,0,0,0,0,0,0,0,6,16,0,0,1,0,0,1,0,0,0,0,0,0,0,0,0,0,0,0,0,20,1,0,0,0,0,0,0,0,0,0,0,0,0,0,0,0,0,19,-1,-1,-1,-1,-1,-1,-1,-1,-1,-1,-1,-1,-1,-1,-1,-1,-1,-1,-1,-1,0,0.947044,-1,13768,1625,200,1,2,1,14391,1,0,0,0,0,1
2,0,0,3,0,0,0,0,0,0,0,0,0,0,0,0,0,1,44,2,0,0,0,0,0,0,0,0,0,0,0,0,0,0,0,0,6,16,0,0,0,0,0,3,0,0,0,0,0,0,0,0,0,0,0,0,0,28,0,0,0,0,0,0,0,0,0,0,0,0,0,0,0,0,0,0,-1,-1,-1,-1,-1,-1,-1,-1,-1,-1,-1,-1,-1,-1,-1,-1,-1,-1,-1,-1,0,0.201007,0,15169,-1,-1,1,4,5,107,1,0,0,0,0,1
3,0,0,0,0,0,0,0,0,0,0,0,0,0,0,0,0,1,15,3,0,0,0,0,0,0,0,0,0,0,0,0,0,0,0,0,3,15,0,0,-1,-1,-1,-1,-1,-1,-1,-1,-1,-1,-1,-1,-1,-1,-1,-1,-1,-1,-1,-1,-1,-1,-1,-1,-1,-1,-1,-1,-1,-1,-1,-1,-1,-1,-1,-1,-1,-1,-1,-1,-1,-1,-1,-1,-1,-1,-1,-1,-1,-1,-1,-1,-1,-1,-1,-1,0,-1.0,0,-1,-1,-1,-1,6,0,-1,0,-1,0,0,0,0
2,0,0,1,0,0,0,0,0,0,0,0,0,0,0,0,0,1,25,2,0,0,0,0,0,0,0,0,0,0,0,0,0,0,0,0,8,24,0,0,0,0,0,1,0,0,0,0,0,0,0,0,0,0,0,0,0,1,0,0,0,0,0,0,0,0,0,0,0,0,0,0,0,0,0,0,-1,-1,-1,-1,-1,-1,-1,-1,-1,-1,-1,-1,-1,-1,-1,-1,-1,-1,-1,-1,0,0.524564,0,36024,-1,-1,1,2,1,86392,0,1,0,0,0,0
6,0,0,3,0,2,2,1,0,0,0,0,0,0,0,0,0,3,75,1,0,0,0,0,0,0,0,0,0,0,0,0,0,0,0,0,4,15,0,0,1,0,0,3,0,0,0,0,0,0,0,0,0,0,0,0,0,14,1,0,0,0,0,0,0,0,0,0,0,0,0,0,0,0,0,7,4,0,0,0,0,2,2,1,0,0,0,0,0,0,0,0,0,46,1,2,1,0.4315890000000001,-1,22612,582,147,1,2,3,1191,0,0,0,0,0,1
2,1,1,5,0,0,0,0,0,0,0,0,0,0,0,0,0,1,86,2,0,0,0,0,0,0,0,0,0,0,0,0,0,0,0,0,7,23,0,0,0,1,1,5,0,0,0,0,0,0,0,0,0,0,0,0,0,63,0,0,0,0,0,0,0,0,0,0,0,0,0,0,0,0,0,8,-1,-1,-1,-1,-1,-1,-1,-1,-1,-1,-1,-1,-1,-1,-1,-1,-1,-1,-1,-1,0,0.7887930000000001,0,20013,-1,-1,1,4,1,14390,1,1,0,0,0,1
2,0,0,1,0,0,0,0,0,0,0,0,0,0,0,0,0,1,34,2,0,0,0,0,0,0,0,0,0,0,0,0,0,0,0,0,11,30,0,0,0,0,0,1,0,0,0,0,0,0,0,0,0,0,0,0,0,4,0,0,0,0,0,0,0,0,0,0,0,0,0,0,0,0,0,3,-1,-1,-1,-1,-1,-1,-1,-1,-1,-1,-1,-1,-1,-1,-1,-1,-1,-1,-1,-1,0,0.31644,0,8426,4058,324,1,2,1,8009,0,1,0,0,0,1
1,2,0,0,0,0,0,0,0,0,0,0,0,0,0,0,0,1,31,1,2,0,0,0,0,0,0,0,0,0,0,0,0,0,0,0,11,31,0,0,-1,-1,-1,-1,-1,-1,-1,-1,-1,-1,-1,-1,-1,-1,-1,-1,-1,-1,-1,-1,-1,-1,-1,-1,-1,-1,-1,-1,-1,-1,-1,-1,-1,-1,-1,-1,-1,-1,-1,-1,-1,-1,-1,-1,-1,-1,-1,-1,-1,-1,-1,-1,-1,-1,-1,-1,0,0.426263,-1,29873,128,236,1,2,1,3591,1,1,0,0,0,0
3,1,0,0,0,0,0,0,0,0,0,0,0,0,0,0,0,1,21,3,1,0,0,0,0,0,0,0,0,0,0,0,0,0,0,0,6,21,0,0,-1,-1,-1,-1,-1,-1,-1,-1,-1,-1,-1,-1,-1,-1,-1,-1,-1,-1,-1,-1,-1,-1,-1,-1,-1,-1,-1,-1,-1,-1,-1,-1,-1,-1,-1,-1,-1,-1,-1,-1,-1,-1,-1,-1,-1,-1,-1,-1,-1,-1,-1,-1,-1,-1,-1,-1,0,0.039631,0,680,-1,-1,1,4,1,3592,0,2,0,0,0,0
2,0,0,1,0,0,0,0,0,0,0,0,0,0,0,0,0,1,15,2,0,0,0,0,0,0,0,0,0,0,0,0,0,0,0,0,3,14,0,0,0,0,0,1,0,0,0,0,0,0,0,0,0,0,0,0,0,1,0,0,0,0,0,0,0,0,0,0,0,0,0,0,0,0,0,0,-1,-1,-1,-1,-1,-1,-1,-1,-1,-1,-1,-1,-1,-1,-1,-1,-1,-1,-1,-1,0,0.241355,0,13335,1282,178,2,2,1,298,1,0,0,0,0,0
2,0,0,0,0,0,0,0,0,0,0,0,0,0,0,0,0,1,13,2,0,0,0,0,0,0,0,0,0,0,0,0,0,0,0,0,3,13,0,0,-1,-1,-1,-1,-1,-1,-1,-1,-1,-1,-1,-1,-1,-1,-1,-1,-1,-1,-1,-1,-1,-1,-1,-1,-1,-1,-1,-1,-1,-1,-1,-1,-1,-1,-1,-1,-1,-1,-1,-1,-1,-1,-1,-1,-1,-1,-1,-1,-1,-1,-1,-1,-1,-1,-1,-1,0,0.970106,0,37907,5517,326,1,2,1,1198,0,0,0,0,0,0
2,0,0,0,0,0,0,0,0,0,0,0,0,0,0,0,0,1,25,2,0,0,0,0,0,0,0,0,0,0,0,0,0,0,0,0,9,25,0,0,-1,-1,-1,-1,-1,-1,-1,-1,-1,-1,-1,-1,-1,-1,-1,-1,-1,-1,-1,-1,-1,-1,-1,-1,-1,-1,-1,-1,-1,-1,-1,-1,-1,-1,-1,-1,-1,-1,-1,-1,-1,-1,-1,-1,-1,-1,-1,-1,-1,-1,-1,-1,-1,-1,-1,-1,0,3.284465,0,13335,3280,737,5,2,7,299,1,1,0,0,0,0
2,8,0,3,0,0,0,0,0,0,0,0,0,0,0,0,0,1,110,2,0,0,0,0,0,0,0,0,0,0,0,0,0,0,0,0,7,26,0,0,0,8,0,3,0,0,0,0,0,0,0,0,0,0,0,0,0,84,0,7,0,0,0,0,0,0,0,0,0,0,0,0,0,0,0,63,-1,-1,-1,-1,-1,-1,-1,-1,-1,-1,-1,-1,-1,-1,-1,-1,-1,-1,-1,-1,0,0.320899,0,16509,6516,788,1,2,2,299,1,0,0,0,0,0
1,1,0,0,0,0,0,0,0,0,0,0,0,0,0,0,0,1,15,1,1,0,0,0,0,0,0,0,0,0,0,0,0,0,0,0,5,15,0,0,-1,-1,-1,-1,-1,-1,-1,-1,-1,-1,-1,-1,-1,-1,-1,-1,-1,-1,-1,-1,-1,-1,-1,-1,-1,-1,-1,-1,-1,-1,-1,-1,-1,-1,-1,-1,-1,-1,-1,-1,-1,-1,-1,-1,-1,-1,-1,-1,-1,-1,-1,-1,-1,-1,-1,-1,0,-1.0,0,-1,-1,-1,-1,4,0,-1,0,-1,0,0,0,0
3,0,0,0,0,0,0,0,0,0,0,0,0,0,0,0,0,1,17,3,0,0,0,0,0,0,0,0,0,0,0,0,0,0,0,0,2,17,0,0,-1,-1,-1,-1,-1,-1,-1,-1,-1,-1,-1,-1,-1,-1,-1,-1,-1,-1,-1,-1,-1,-1,-1,-1,-1,-1,-1,-1,-1,-1,-1,-1,-1,-1,-1,-1,-1,-1,-1,-1,-1,-1,-1,-1,-1,-1,-1,-1,-1,-1,-1,-1,-1,-1,-1,-1,0,0.8607950000000001,0,18399,-1,-1,-1,3,1,-1,1,1,0,0,0,0
3,0,0,0,0,0,0,0,0,0,0,0,0,0,0,0,0,1,30,3,0,0,0,0,0,0,0,0,0,0,0,0,0,0,0,0,11,30,0,0,-1,-1,-1,-1,-1,-1,-1,-1,-1,-1,-1,-1,-1,-1,-1,-1,-1,-1,-1,-1,-1,-1,-1,-1,-1,-1,-1,-1,-1,-1,-1,-1,-1,-1,-1,-1,-1,-1,-1,-1,-1,-1,-1,-1,-1,-1,-1,-1,-1,-1,-1,-1,-1,-1,-1,-1,0,0.170097,0,16509,5660,183,1,4,2,3596,0,-1,0,0,0,0
2,2,0,4,0,0,0,0,0,0,0,0,0,0,0,0,0,1,47,2,0,0,0,0,0,0,0,0,0,0,0,0,0,0,0,0,7,22,0,0,0,2,0,4,0,0,0,0,0,0,0,0,0,0,0,0,0,25,0,0,0,0,0,0,0,0,0,0,0,0,0,0,0,0,0,0,-1,-1,-1,-1,-1,-1,-1,-1,-1,-1,-1,-1,-1,-1,-1,-1,-1,-1,-1,-1,0,0.678357,1,26496,1336,124,1,2,1,9227,0,0,0,0,0,1
2,0,0,3,0,0,0,0,0,0,0,0,0,0,0,0,0,1,166,1,0,0,0,0,0,0,0,0,0,0,0,0,0,0,0,0,6,19,0,0,1,0,0,3,0,0,0,0,0,0,0,0,0,0,0,0,0,147,1,0,0,0,0,0,0,0,0,0,0,0,0,0,0,0,0,9,-1,-1,-1,-1,-1,-1,-1,-1,-1,-1,-1,-1,-1,-1,-1,-1,-1,-1,-1,-1,0,0.6703680000000001,0,22611,852,242,1,2,1,14391,0,0,0,0,0,1
2,0,0,0,0,0,0,0,0,0,0,0,0,0,0,0,0,1,18,2,0,0,0,0,0,0,0,0,0,0,0,0,0,0,0,0,5,18,0,0,-1,-1,-1,-1,-1,-1,-1,-1,-1,-1,-1,-1,-1,-1,-1,-1,-1,-1,-1,-1,-1,-1,-1,-1,-1,-1,-1,-1,-1,-1,-1,-1,-1,-1,-1,-1,-1,-1,-1,-1,-1,-1,-1,-1,-1,-1,-1,-1,-1,-1,-1,-1,-1,-1,-1,-1,0,0.2276,0,16625,5309,168,1,6,0,19,1,1,0,0,0,0
4,0,0,1,0,0,0,0,0,0,0,0,0,0,0,0,0,1,29,3,0,0,0,0,0,0,0,0,0,0,0,0,0,0,0,0,5,20,0,0,1,0,0,1,0,0,0,0,0,0,0,0,0,0,0,0,0,9,1,0,0,0,0,0,0,0,0,0,0,0,0,0,0,0,0,8,-1,-1,-1,-1,-1,-1,-1,-1,-1,-1,-1,-1,-1,-1,-1,-1,-1,-1,-1,-1,0,0.170929,0,44476,-1,-1,1,2,1,3598,0,0,0,0,0,1
2,0,0,0,0,0,0,0,0,0,0,0,0,0,0,0,0,1,10,2,0,0,0,0,0,0,0,0,0,0,0,0,0,0,0,0,1,10,0,0,-1,-1,-1,-1,-1,-1,-1,-1,-1,-1,-1,-1,-1,-1,-1,-1,-1,-1,-1,-1,-1,-1,-1,-1,-1,-1,-1,-1,-1,-1,-1,-1,-1,-1,-1,-1,-1,-1,-1,-1,-1,-1,-1,-1,-1,-1,-1,-1,-1,-1,-1,-1,-1,-1,-1,-1,0,0.514528,0,12695,-1,-1,1,2,1,3598,0,0,0,0,0,0
2,0,0,0,0,0,0,0,0,0,0,0,0,0,0,0,0,1,28,2,0,0,0,0,0,0,0,0,0,0,0,0,0,0,0,0,9,28,0,0,-1,-1,-1,-1,-1,-1,-1,-1,-1,-1,-1,-1,-1,-1,-1,-1,-1,-1,-1,-1,-1,-1,-1,-1,-1,-1,-1,-1,-1,-1,-1,-1,-1,-1,-1,-1,-1,-1,-1,-1,-1,-1,-1,-1,-1,-1,-1,-1,-1,-1,-1,-1,-1,-1,-1,-1,0,0.37303,0,55053,-1,-1,1,2,1,3591,1,0,0,0,0,0
3,0,0,4,0,0,0,0,0,0,0,0,0,0,0,0,0,1,60,1,0,0,0,0,0,0,0,0,0,0,0,0,0,0,0,0,7,22,0,0,2,0,0,4,0,0,0,0,0,0,0,0,0,0,0,0,0,34,2,0,0,0,0,0,0,0,0,0,0,0,0,0,0,0,0,15,0,0,0,0,0,0,0,0,0,0,0,0,0,0,0,0,0,4,0,0,0,0.539508,0,19257,6040,168,1,2,1,576,0,0,0,0,0,1
2,1,0,0,0,0,0,0,0,0,0,0,0,0,0,0,0,1,18,2,1,0,0,0,0,0,0,0,0,0,0,0,0,0,0,0,5,18,0,0,-1,-1,-1,-1,-1,-1,-1,-1,-1,-1,-1,-1,-1,-1,-1,-1,-1,-1,-1,-1,-1,-1,-1,-1,-1,-1,-1,-1,-1,-1,-1,-1,-1,-1,-1,-1,-1,-1,-1,-1,-1,-1,-1,-1,-1,-1,-1,-1,-1,-1,-1,-1,-1,-1,-1,-1,0,0.15623900000000002,0,6724,-1,-1,1,2,1,142,0,0,0,0,0,0
3,0,0,7,0,0,0,0,0,0,0,0,0,0,0,0,0,1,59,2,0,0,0,0,0,0,0,0,0,0,0,0,0,0,0,0,5,15,0,0,1,0,0,7,0,0,0,0,0,0,0,0,0,0,0,0,0,44,1,0,0,0,0,0,0,0,0,0,0,0,0,0,0,0,0,10,-1,-1,-1,-1,-1,-1,-1,-1,-1,-1,-1,-1,-1,-1,-1,-1,-1,-1,-1,-1,0,0.367808,-1,16276,-1,-1,1,3,1,288,0,0,0,0,0,1
4,0,0,1,0,1,1,0,0,0,0,0,0,0,0,0,0,2,76,2,0,0,0,0,0,0,0,0,0,0,0,0,0,0,0,0,4,15,0,0,1,0,0,1,0,0,0,0,0,0,0,0,0,0,0,0,0,30,1,0,0,0,0,0,0,0,0,0,0,0,0,0,0,0,0,29,1,0,0,0,0,1,1,0,0,0,0,0,0,0,0,0,0,31,1,1,1,0.505675,1,20013,1278,182,1,2,1,14399,1,0,0,0,0,1
2,0,0,1,0,3,0,2,0,0,0,0,0,0,0,0,16,1,83,2,0,0,0,0,0,0,0,0,0,0,0,0,0,0,0,0,4,14,0,0,0,0,0,1,0,0,0,0,0,0,0,0,0,0,0,0,0,7,0,0,0,0,0,0,0,0,0,0,0,0,0,0,0,0,0,6,0,0,0,0,0,3,0,2,0,0,0,0,0,0,0,0,16,62,0,3,0,0.122565,0,15169,7689,710,1,4,5,155,1,0,0,0,0,0
2,0,0,1,0,0,0,0,0,0,0,0,0,0,0,0,0,1,23,2,0,0,0,0,0,0,0,0,0,0,0,0,0,0,0,0,7,22,0,0,0,0,0,1,0,0,0,0,0,0,0,0,0,0,0,0,0,1,0,0,0,0,0,0,0,0,0,0,0,0,0,0,0,0,0,0,-1,-1,-1,-1,-1,-1,-1,-1,-1,-1,-1,-1,-1,-1,-1,-1,-1,-1,-1,-1,0,0.124965,0,13335,2200,721,2,2,5,298,1,0,0,0,0,0
3,2,0,2,0,0,0,0,0,0,0,0,0,0,0,0,0,1,48,2,0,0,0,0,0,0,0,0,0,0,0,0,0,0,0,0,7,22,0,0,1,2,0,2,0,0,0,0,0,0,0,0,0,0,0,0,0,26,1,1,0,0,0,0,0,0,0,0,0,0,0,0,0,0,0,16,-1,-1,-1,-1,-1,-1,-1,-1,-1,-1,-1,-1,-1,-1,-1,-1,-1,-1,-1,-1,0,-1.0,0,16509,3736,1011,1,2,1,3588,0,-1,0,0,0,0
2,0,0,0,0,0,0,0,0,0,0,0,0,0,0,0,0,1,20,2,0,0,0,0,0,0,0,0,0,0,0,0,0,0,0,0,6,20,0,0,-1,-1,-1,-1,-1,-1,-1,-1,-1,-1,-1,-1,-1,-1,-1,-1,-1,-1,-1,-1,-1,-1,-1,-1,-1,-1,-1,-1,-1,-1,-1,-1,-1,-1,-1,-1,-1,-1,-1,-1,-1,-1,-1,-1,-1,-1,-1,-1,-1,-1,-1,-1,-1,-1,-1,-1,0,0.814763,0,40015,-1,-1,1,2,2,3590,0,1,0,0,0,0
2,0,0,0,0,0,0,0,0,0,0,0,0,0,0,0,0,1,11,2,0,0,0,0,0,0,0,0,0,0,0,0,0,0,0,0,1,11,0,0,-1,-1,-1,-1,-1,-1,-1,-1,-1,-1,-1,-1,-1,-1,-1,-1,-1,-1,-1,-1,-1,-1,-1,-1,-1,-1,-1,-1,-1,-1,-1,-1,-1,-1,-1,-1,-1,-1,-1,-1,-1,-1,-1,-1,-1,-1,-1,-1,-1,-1,-1,-1,-1,-1,-1,-1,0,0.260257,0,-1,9219,1736,2,4,2,299,1,1,0,0,0,0
2,0,0,2,0,0,0,0,0,0,0,0,0,0,0,0,0,1,26,2,0,0,0,0,0,0,0,0,0,0,0,0,0,0,0,0,3,17,0,0,0,0,0,2,0,0,0,0,0,0,0,0,0,0,0,0,0,9,0,0,0,0,0,0,0,0,0,0,0,0,0,0,0,0,0,0,-1,-1,-1,-1,-1,-1,-1,-1,-1,-1,-1,-1,-1,-1,-1,-1,-1,-1,-1,-1,0,0.258216,1,3595,2975,310,1,2,1,7191,1,0,0,0,0,1
1,0,0,0,0,0,0,0,0,0,0,0,0,0,0,0,0,1,18,1,0,0,0,0,0,0,0,0,0,0,0,0,0,0,0,0,10,18,0,0,-1,-1,-1,-1,-1,-1,-1,-1,-1,-1,-1,-1,-1,-1,-1,-1,-1,-1,-1,-1,-1,-1,-1,-1,-1,-1,-1,-1,-1,-1,-1,-1,-1,-1,-1,-1,-1,-1,-1,-1,-1,-1,-1,-1,-1,-1,-1,-1,-1,-1,-1,-1,-1,-1,-1,-1,0,-1.0,0,-1,405,324,-1,4,0,-1,0,-1,0,0,0,0
1,0,0,1,0,0,0,0,0,0,0,0,0,0,0,0,0,1,15,1,0,0,0,0,0,0,0,0,0,0,0,0,0,0,0,0,4,14,0,0,0,0,0,1,0,0,0,0,0,0,0,0,0,0,0,0,0,1,0,0,0,0,0,0,0,0,0,0,0,0,0,0,0,0,0,0,-1,-1,-1,-1,-1,-1,-1,-1,-1,-1,-1,-1,-1,-1,-1,-1,-1,-1,-1,-1,0,-1.0,0,-1,-1,-1,-1,4,0,-1,0,-1,0,0,0,0
2,0,0,0,0,0,0,0,0,0,0,0,0,0,0,0,0,1,17,2,0,0,0,0,0,0,0,0,0,0,0,0,0,0,0,0,4,17,0,0,-1,-1,-1,-1,-1,-1,-1,-1,-1,-1,-1,-1,-1,-1,-1,-1,-1,-1,-1,-1,-1,-1,-1,-1,-1,-1,-1,-1,-1,-1,-1,-1,-1,-1,-1,-1,-1,-1,-1,-1,-1,-1,-1,-1,-1,-1,-1,-1,-1,-1,-1,-1,-1,-1,-1,-1,0,-1.0,0,-1,408,321,-1,4,0,-1,0,-1,0,0,0,0
3,3,0,2,0,0,0,0,0,0,0,0,0,0,0,0,0,1,66,2,1,0,0,0,0,0,0,0,0,0,0,0,0,0,0,0,3,28,0,0,1,2,0,2,0,0,0,0,0,0,0,0,0,0,0,0,0,38,1,1,0,0,0,0,0,0,0,0,0,0,0,0,0,0,0,25,-1,-1,-1,-1,-1,-1,-1,-1,-1,-1,-1,-1,-1,-1,-1,-1,-1,-1,-1,-1,0,0.105544,0,-1,-1,-1,1,4,1,14365,0,0,0,0,0,1
2,4,0,5,0,0,0,0,0,0,0,0,0,0,0,0,0,1,65,2,0,0,0,0,0,0,0,0,0,0,0,0,0,0,0,0,1,11,0,0,0,4,0,5,0,0,0,0,0,0,0,0,0,0,0,0,0,54,0,4,0,0,0,0,0,0,0,0,0,0,0,0,0,0,0,37,-1,-1,-1,-1,-1,-1,-1,-1,-1,-1,-1,-1,-1,-1,-1,-1,-1,-1,-1,-1,0,0.219277,-1,36408,8723,406,1,4,1,28,1,1,0,0,0,0
1,0,0,0,0,0,0,0,0,0,0,0,0,0,0,0,0,1,20,1,0,0,0,0,0,0,0,0,0,0,0,0,0,0,0,0,7,20,0,0,-1,-1,-1,-1,-1,-1,-1,-1,-1,-1,-1,-1,-1,-1,-1,-1,-1,-1,-1,-1,-1,-1,-1,-1,-1,-1,-1,-1,-1,-1,-1,-1,-1,-1,-1,-1,-1,-1,-1,-1,-1,-1,-1,-1,-1,-1,-1,-1,-1,-1,-1,-1,-1,-1,-1,-1,0,1.7094630000000002,0,63949,16,348,1,5,2,21596,0,0,0,0,0,0
2,0,0,5,0,0,0,0,0,0,0,0,0,0,0,0,0,1,51,2,0,0,0,0,0,0,0,0,0,0,0,0,0,0,0,0,9,27,0,0,0,0,0,5,0,0,0,0,0,0,0,0,0,0,0,0,0,24,0,0,0,0,0,0,0,0,0,0,0,0,0,0,0,0,0,0,-1,-1,-1,-1,-1,-1,-1,-1,-1,-1,-1,-1,-1,-1,-1,-1,-1,-1,-1,-1,0,0.500308,-1,29802,2382,174,1,2,1,5426,1,0,0,0,0,1
1,0,0,1,0,0,0,0,0,0,0,0,0,0,0,0,0,1,14,1,0,0,0,0,0,0,0,0,0,0,0,0,0,0,0,0,1,8,0,0,0,0,0,1,0,0,0,0,0,0,0,0,0,0,0,0,0,6,0,0,0,0,0,0,0,0,0,0,0,0,0,0,0,0,0,5,-1,-1,-1,-1,-1,-1,-1,-1,-1,-1,-1,-1,-1,-1,-1,-1,-1,-1,-1,-1,0,0.7164659999999999,0,14618,1390,801,2,4,0,51,1,2,0,0,0,1
3,0,2,2,0,0,0,0,0,0,0,0,0,0,0,0,0,1,37,2,0,0,0,0,0,0,0,0,0,0,0,0,0,0,0,0,1,12,0,0,1,0,2,2,0,0,0,0,0,0,0,0,0,0,0,0,0,25,1,0,2,0,0,0,0,0,0,0,0,0,0,0,0,0,0,15,-1,-1,-1,-1,-1,-1,-1,-1,-1,-1,-1,-1,-1,-1,-1,-1,-1,-1,-1,-1,0,0.564301,-1,15244,8445,319,1,2,1,5817,1,0,0,0,0,1
3,0,0,2,0,0,0,0,0,0,0,0,0,0,0,0,0,1,31,3,0,0,0,0,0,0,0,0,0,0,0,0,0,0,0,0,7,27,0,0,0,0,0,2,0,0,0,0,0,0,0,0,0,0,0,0,0,4,0,0,0,0,0,0,0,0,0,0,0,0,0,0,0,0,0,0,-1,-1,-1,-1,-1,-1,-1,-1,-1,-1,-1,-1,-1,-1,-1,-1,-1,-1,-1,-1,0,0.154802,0,34922,-1,-1,1,2,2,21592,0,0,0,0,0,1
5,12,1,7,0,3,0,2,0,0,0,0,0,0,0,0,0,2,232,2,1,0,0,0,0,0,0,0,0,0,0,0,0,0,0,0,7,23,0,0,1,0,1,2,0,0,0,0,0,0,0,0,0,0,0,0,0,16,1,0,0,0,0,0,0,0,0,0,0,0,0,0,0,0,0,8,2,11,0,5,0,3,0,2,0,0,0,0,0,0,0,0,0,193,1,3,0,0.428559,0,8560,-1,-1,1,4,2,3527,1,0,0,0,0,1
3,0,0,0,0,0,0,0,0,0,0,0,0,0,0,0,0,1,35,3,0,0,0,0,0,0,0,0,0,0,0,0,0,0,0,0,11,35,0,0,-1,-1,-1,-1,-1,-1,-1,-1,-1,-1,-1,-1,-1,-1,-1,-1,-1,-1,-1,-1,-1,-1,-1,-1,-1,-1,-1,-1,-1,-1,-1,-1,-1,-1,-1,-1,-1,-1,-1,-1,-1,-1,-1,-1,-1,-1,-1,-1,-1,-1,-1,-1,-1,-1,-1,-1,0,0.112489,0,15169,-1,-1,1,4,0,290,0,5,0,0,0,0
1,0,0,1,0,0,0,0,0,0,0,0,0,0,0,0,0,1,11,1,0,0,0,0,0,0,0,0,0,0,0,0,0,0,0,0,4,10,0,0,0,0,0,1,0,0,0,0,0,0,0,0,0,0,0,0,0,1,0,0,0,0,0,0,0,0,0,0,0,0,0,0,0,0,0,0,-1,-1,-1,-1,-1,-1,-1,-1,-1,-1,-1,-1,-1,-1,-1,-1,-1,-1,-1,-1,0,0.5876399999999999,-1,197695,990,105,1,2,1,14391,0,0,0,0,0,0
3,0,0,2,0,0,0,0,0,0,0,0,0,0,0,0,0,1,47,2,0,0,0,0,0,0,0,0,0,0,0,0,0,0,0,0,10,29,0,0,1,0,0,2,0,0,0,0,0,0,0,0,0,0,0,0,0,18,1,0,0,0,0,0,0,0,0,0,0,0,0,0,0,0,0,12,-1,-1,-1,-1,-1,-1,-1,-1,-1,-1,-1,-1,-1,-1,-1,-1,-1,-1,-1,-1,0,0.6173569999999999,-1,36351,6422,151,1,2,1,3974,1,0,0,0,0,0
2,0,0,1,0,0,0,0,0,0,0,0,0,0,0,0,0,1,25,2,0,0,0,0,0,0,0,0,0,0,0,0,0,0,0,0,8,24,0,0,0,0,0,1,0,0,0,0,0,0,0,0,0,0,0,0,0,1,0,0,0,0,0,0,0,0,0,0,0,0,0,0,0,0,0,0,-1,-1,-1,-1,-1,-1,-1,-1,-1,-1,-1,-1,-1,-1,-1,-1,-1,-1,-1,-1,0,0.33505,0,13335,3999,383,2,2,7,298,1,0,0,0,0,0
7,0,0,1,0,4,0,3,0,0,0,0,0,0,0,0,14,3,307,4,0,0,0,0,0,0,0,0,0,0,0,0,0,0,0,0,13,38,0,0,0,0,0,1,0,0,0,0,0,0,0,0,0,0,0,0,0,1,0,0,0,0,0,0,0,0,0,0,0,0,0,0,0,0,0,0,3,0,0,0,0,4,0,3,0,0,0,0,0,0,0,0,14,268,1,4,0,0.8123779999999999,0,8075,-1,-1,2,2,1,25,1,0,0,0,0,1
3,2,0,5,0,0,0,0,0,0,0,0,0,0,0,0,0,1,95,3,1,0,0,0,0,0,0,0,0,0,0,0,0,0,0,0,6,23,0,0,0,1,0,5,0,0,0,0,0,0,0,0,0,0,0,0,0,72,0,0,0,0,0,0,0,0,0,0,0,0,0,0,0,0,0,0,-1,-1,-1,-1,-1,-1,-1,-1,-1,-1,-1,-1,-1,-1,-1,-1,-1,-1,-1,-1,0,0.27755,0,20738,2391,165,1,2,1,494,0,0,0,0,0,1
2,0,0,0,0,0,0,0,0,0,0,0,0,0,0,0,0,1,20,2,0,0,0,0,0,0,0,0,0,0,0,0,0,0,0,0,5,20,0,0,-1,-1,-1,-1,-1,-1,-1,-1,-1,-1,-1,-1,-1,-1,-1,-1,-1,-1,-1,-1,-1,-1,-1,-1,-1,-1,-1,-1,-1,-1,-1,-1,-1,-1,-1,-1,-1,-1,-1,-1,-1,-1,-1,-1,-1,-1,-1,-1,-1,-1,-1,-1,-1,-1,-1,-1,0,1.266328,-1,46606,5187,1386,1,2,1,14391,1,0,0,0,0,0
2,0,0,5,0,0,0,0,0,0,0,0,0,0,0,0,0,1,54,1,0,0,0,0,0,0,0,0,0,0,0,0,0,0,0,0,3,11,0,0,1,0,0,5,0,0,0,0,0,0,0,0,0,0,0,0,0,35,1,0,0,0,0,0,0,0,0,0,0,0,0,0,0,0,0,9,0,0,0,0,0,0,0,0,0,0,0,0,0,0,0,0,0,8,0,0,0,0.8032,-1,24940,-1,-1,1,2,1,14335,1,2,0,0,0,1
2,0,0,1,0,0,0,0,0,0,0,0,0,0,0,0,0,1,21,2,0,0,0,0,0,0,0,0,0,0,0,0,0,0,0,0,6,20,0,0,0,0,0,1,0,0,0,0,0,0,0,0,0,0,0,0,0,1,0,0,0,0,0,0,0,0,0,0,0,0,0,0,0,0,0,0,-1,-1,-1,-1,-1,-1,-1,-1,-1,-1,-1,-1,-1,-1,-1,-1,-1,-1,-1,-1,0,-1.0,0,-1,4150,232,-1,2,0,-1,0,-1,0,0,0,0
3,3,0,7,0,0,0,0,0,0,0,0,0,0,0,0,0,1,51,1,1,0,0,0,0,0,0,0,0,0,0,0,0,0,0,0,4,11,0,0,1,2,0,7,0,0,0,0,0,0,0,0,0,0,0,0,0,33,1,0,0,0,0,0,0,0,0,0,0,0,0,0,0,0,0,9,1,0,0,0,0,0,0,0,0,0,0,0,0,0,0,0,0,7,0,0,0,1.02862,0,5588,5931,703,1,2,1,5905,0,1,0,0,0,1
1,1,0,6,0,0,0,0,0,0,0,0,0,0,0,0,0,1,57,1,0,0,0,0,0,0,0,0,0,0,0,0,0,0,0,0,6,16,0,0,0,1,0,6,0,0,0,0,0,0,0,0,0,0,0,0,0,41,0,0,0,0,0,0,0,0,0,0,0,0,0,0,0,0,0,5,-1,-1,-1,-1,-1,-1,-1,-1,-1,-1,-1,-1,-1,-1,-1,-1,-1,-1,-1,-1,0,0.93897,0,39729,1556,269,1,2,1,881,0,1,0,0,0,1
1,0,0,1,0,0,0,0,0,0,0,0,0,0,0,0,0,1,10,1,0,0,0,0,0,0,0,0,0,0,0,0,0,0,0,0,2,9,0,0,0,0,0,1,0,0,0,0,0,0,0,0,0,0,0,0,0,1,0,0,0,0,0,0,0,0,0,0,0,0,0,0,0,0,0,0,-1,-1,-1,-1,-1,-1,-1,-1,-1,-1,-1,-1,-1,-1,-1,-1,-1,-1,-1,-1,0,0.300866,-1,15895,1622,203,1,2,2,3590,0,0,0,0,0,0
2,0,0,2,0,0,0,0,0,0,0,0,0,0,0,0,0,1,36,1,0,0,0,0,0,0,0,0,0,0,0,0,0,0,0,0,3,13,0,0,1,0,0,2,0,0,0,0,0,0,0,0,0,0,0,0,0,23,1,0,0,0,0,0,0,0,0,0,0,0,0,0,0,0,0,17,-1,-1,-1,-1,-1,-1,-1,-1,-1,-1,-1,-1,-1,-1,-1,-1,-1,-1,-1,-1,0,1.925039,1,19551,2083,107,2,2,1,13983,0,0,0,0,0,1
2,0,1,2,0,3,0,3,0,0,0,0,0,0,0,0,0,1,139,2,0,0,0,0,0,0,0,0,0,0,0,0,0,0,0,0,3,11,0,0,0,0,0,2,0,0,0,0,0,0,0,0,0,0,0,0,0,9,0,0,0,0,0,0,0,0,0,0,0,0,0,0,0,0,0,0,0,0,1,0,0,3,0,3,0,0,0,0,0,0,0,0,0,119,0,3,0,0.666417,-1,58529,-1,-1,1,2,1,14398,1,0,0,0,0,1
2,0,0,0,0,0,0,0,0,0,0,0,0,0,0,0,0,1,17,2,0,0,0,0,0,0,0,0,0,0,0,0,0,0,0,0,5,17,0,0,-1,-1,-1,-1,-1,-1,-1,-1,-1,-1,-1,-1,-1,-1,-1,-1,-1,-1,-1,-1,-1,-1,-1,-1,-1,-1,-1,-1,-1,-1,-1,-1,-1,-1,-1,-1,-1,-1,-1,-1,-1,-1,-1,-1,-1,-1,-1,-1,-1,-1,-1,-1,-1,-1,-1,-1,0,0.4552640000000001,0,6623,7273,761,1,2,3,298,0,2,0,0,0,0
3,0,0,1,0,0,0,0,0,0,0,0,0,0,0,0,0,1,23,2,0,0,0,0,0,0,0,0,0,0,0,0,0,0,0,0,2,13,0,0,1,0,0,1,0,0,0,0,0,0,0,0,0,0,0,0,0,10,1,0,0,0,0,0,0,0,0,0,0,0,0,0,0,0,0,9,-1,-1,-1,-1,-1,-1,-1,-1,-1,-1,-1,-1,-1,-1,-1,-1,-1,-1,-1,-1,0,0.160296,0,25234,4893,-1,1,3,2,3598,1,0,0,0,0,1
2,0,0,1,0,0,0,0,0,0,0,0,0,0,0,0,0,1,34,2,0,0,0,0,0,0,0,0,0,0,0,0,0,0,0,0,9,33,0,0,0,0,0,1,0,0,0,0,0,0,0,0,0,0,0,0,0,1,0,0,0,0,0,0,0,0,0,0,0,0,0,0,0,0,0,0,-1,-1,-1,-1,-1,-1,-1,-1,-1,-1,-1,-1,-1,-1,-1,-1,-1,-1,-1,-1,0,0.649097,0,47583,-1,-1,1,1,1,57,1,0,0,0,0,1
1,0,0,2,0,0,0,0,0,0,0,0,0,0,0,0,0,1,18,1,0,0,0,0,0,0,0,0,0,0,0,0,0,0,0,0,5,12,0,0,0,0,0,2,0,0,0,0,0,0,0,0,0,0,0,0,0,6,0,0,0,0,0,0,0,0,0,0,0,0,0,0,0,0,0,0,-1,-1,-1,-1,-1,-1,-1,-1,-1,-1,-1,-1,-1,-1,-1,-1,-1,-1,-1,-1,0,0.097877,0,20738,1061,399,1,2,1,10792,0,0,0,0,0,0
1,0,0,1,0,0,0,0,0,0,0,0,0,0,0,0,0,1,14,1,0,0,0,0,0,0,0,0,0,0,0,0,0,0,0,0,2,9,0,0,0,0,0,1,0,0,0,0,0,0,0,0,0,0,0,0,0,5,0,0,0,0,0,0,0,0,0,0,0,0,0,0,0,0,0,4,-1,-1,-1,-1,-1,-1,-1,-1,-1,-1,-1,-1,-1,-1,-1,-1,-1,-1,-1,-1,0,3.194568,-1,16276,6108,100,1,2,1,19886,1,1,0,0,0,1
2,0,0,2,0,0,0,0,0,0,0,0,0,0,0,0,0,1,39,1,0,0,0,0,0,0,0,0,0,0,0,0,0,0,0,0,5,13,0,0,1,0,0,2,0,0,0,0,0,0,0,0,0,0,0,0,0,26,1,0,0,0,0,0,0,0,0,0,0,0,0,0,0,0,0,13,-1,-1,-1,-1,-1,-1,-1,-1,-1,-1,-1,-1,-1,-1,-1,-1,-1,-1,-1,-1,0,1.453845,0,4670,6443,495,1,2,1,3595,0,0,0,0,0,1
3,1,0,3,0,0,0,0,0,0,0,0,0,0,0,0,0,1,45,2,1,0,0,0,0,0,0,0,0,0,0,0,0,0,0,0,5,23,0,0,1,0,0,3,0,0,0,0,0,0,0,0,0,0,0,0,0,22,1,0,0,0,0,0,0,0,0,0,0,0,0,0,0,0,0,10,-1,-1,-1,-1,-1,-1,-1,-1,-1,-1,-1,-1,-1,-1,-1,-1,-1,-1,-1,-1,0,1.140377,0,25002,2004,186,-1,2,1,-1,0,0,0,0,0,1
2,0,0,1,0,0,0,0,0,0,0,0,0,0,0,0,0,1,26,2,0,0,0,0,0,0,0,0,0,0,0,0,0,0,0,0,7,25,0,0,0,0,0,1,0,0,0,0,0,0,0,0,0,0,0,0,0,1,0,0,0,0,0,0,0,0,0,0,0,0,0,0,0,0,0,0,-1,-1,-1,-1,-1,-1,-1,-1,-1,-1,-1,-1,-1,-1,-1,-1,-1,-1,-1,-1,0,0.756429,0,15169,-1,-1,1,4,0,238,1,0,0,0,0,0
2,1,1,5,0,0,0,0,0,0,0,0,0,0,0,0,0,1,56,1,0,0,0,0,0,0,0,0,0,0,0,0,0,0,0,0,3,10,0,0,1,1,1,5,0,0,0,0,0,0,0,0,0,0,0,0,0,46,1,0,0,0,0,0,0,0,0,0,0,0,0,0,0,0,0,9,-1,-1,-1,-1,-1,-1,-1,-1,-1,-1,-1,-1,-1,-1,-1,-1,-1,-1,-1,-1,0,0.421828,-1,26496,1978,212,1,2,4,5543,0,0,0,0,0,1
2,0,0,2,0,0,0,0,0,0,0,0,0,0,0,0,0,1,16,2,0,0,0,0,0,0,0,0,0,0,0,0,0,0,0,0,2,10,0,0,0,0,0,2,0,0,0,0,0,0,0,0,0,0,0,0,0,6,0,0,0,0,0,0,0,0,0,0,0,0,0,0,0,0,0,0,-1,-1,-1,-1,-1,-1,-1,-1,-1,-1,-1,-1,-1,-1,-1,-1,-1,-1,-1,-1,0,0.42334,0,46562,2732,555,1,3,1,26,0,0,0,0,1,1
2,1,0,0,0,0,0,0,0,0,0,0,0,0,0,0,0,1,25,2,1,0,0,0,0,0,0,0,0,0,0,0,0,0,0,0,10,25,0,0,-1,-1,-1,-1,-1,-1,-1,-1,-1,-1,-1,-1,-1,-1,-1,-1,-1,-1,-1,-1,-1,-1,-1,-1,-1,-1,-1,-1,-1,-1,-1,-1,-1,-1,-1,-1,-1,-1,-1,-1,-1,-1,-1,-1,-1,-1,-1,-1,-1,-1,-1,-1,-1,-1,-1,-1,0,0.93481,0,24638,-1,-1,1,2,1,592,1,1,0,0,0,0
2,0,0,0,0,0,0,0,0,0,0,0,0,0,0,0,0,1,25,2,0,0,0,0,0,0,0,0,0,0,0,0,0,0,0,0,9,25,0,0,-1,-1,-1,-1,-1,-1,-1,-1,-1,-1,-1,-1,-1,-1,-1,-1,-1,-1,-1,-1,-1,-1,-1,-1,-1,-1,-1,-1,-1,-1,-1,-1,-1,-1,-1,-1,-1,-1,-1,-1,-1,-1,-1,-1,-1,-1,-1,-1,-1,-1,-1,-1,-1,-1,-1,-1,0,1.258728,0,9931,6358,215,1,2,1,896,0,0,0,0,0,0
3,0,0,2,0,0,0,0,0,0,0,0,0,0,0,0,0,1,38,2,0,0,0,0,0,0,0,0,0,0,0,0,0,0,0,0,4,14,0,0,1,0,0,2,0,0,0,0,0,0,0,0,0,0,0,0,0,24,1,0,0,0,0,0,0,0,0,0,0,0,0,0,0,0,0,9,-1,-1,-1,-1,-1,-1,-1,-1,-1,-1,-1,-1,-1,-1,-1,-1,-1,-1,-1,-1,0,0.073173,0,20940,9340,3444,1,4,1,1643,1,0,0,0,0,0
3,3,2,3,0,1,0,0,0,0,0,0,0,0,0,0,0,1,80,2,2,0,0,0,0,0,0,0,0,0,0,0,0,0,0,0,9,28,0,0,1,1,2,3,0,0,0,0,0,0,0,0,0,0,0,0,0,45,1,0,2,0,0,0,0,0,0,0,0,0,0,0,0,0,0,19,0,0,0,0,0,1,0,0,0,0,0,0,0,0,0,0,0,7,0,0,0,1.124625,1,20013,3881,136,1,2,1,5296,1,0,0,0,0,1
2,1,0,6,0,0,0,0,0,0,0,0,0,0,0,0,0,1,82,2,0,0,0,0,0,0,0,0,0,0,0,0,0,0,0,0,6,22,0,0,0,1,0,6,0,0,0,0,0,0,0,0,0,0,0,0,0,60,0,0,0,0,0,0,0,0,0,0,0,0,0,0,0,0,0,0,-1,-1,-1,-1,-1,-1,-1,-1,-1,-1,-1,-1,-1,-1,-1,-1,-1,-1,-1,-1,0,0.440445,0,54600,992,103,1,2,0,7114,0,0,0,0,0,1
2,0,0,1,0,0,0,0,0,0,0,0,0,0,0,0,0,1,20,2,0,0,0,0,0,0,0,0,0,0,0,0,0,0,0,0,6,19,0,0,0,0,0,1,0,0,0,0,0,0,0,0,0,0,0,0,0,1,0,0,0,0,0,0,0,0,0,0,0,0,0,0,0,0,0,0,-1,-1,-1,-1,-1,-1,-1,-1,-1,-1,-1,-1,-1,-1,-1,-1,-1,-1,-1,-1,0,0.26765700000000003,0,13335,7771,262,2,2,2,299,1,1,0,0,0,0
2,1,0,0,0,0,0,0,0,0,0,0,0,0,0,0,0,1,19,2,1,0,0,0,0,0,0,0,0,0,0,0,0,0,0,0,4,19,0,0,-1,-1,-1,-1,-1,-1,-1,-1,-1,-1,-1,-1,-1,-1,-1,-1,-1,-1,-1,-1,-1,-1,-1,-1,-1,-1,-1,-1,-1,-1,-1,-1,-1,-1,-1,-1,-1,-1,-1,-1,-1,-1,-1,-1,-1,-1,-1,-1,-1,-1,-1,-1,-1,-1,-1,-1,0,1.070889,0,15169,-1,-1,1,4,0,34,1,1,0,0,0,0
3,1,0,6,0,0,0,0,0,0,0,0,0,0,0,0,0,1,78,2,0,0,0,0,0,0,0,0,0,0,0,0,0,0,0,0,9,23,0,0,1,1,0,6,0,0,0,0,0,0,0,0,0,0,0,0,0,55,1,0,0,0,0,0,0,0,0,0,0,0,0,0,0,0,0,11,-1,-1,-1,-1,-1,-1,-1,-1,-1,-1,-1,-1,-1,-1,-1,-1,-1,-1,-1,-1,0,0.377323,0,26347,1663,162,1,3,0,12200,0,1,0,0,0,1
2,0,0,2,0,0,0,0,0,0,0,0,0,0,0,0,0,1,18,2,0,0,0,0,0,0,0,0,0,0,0,0,0,0,0,0,2,14,0,0,0,0,0,2,0,0,0,0,0,0,0,0,0,0,0,0,0,4,0,0,0,0,0,0,0,0,0,0,0,0,0,0,0,0,0,0,-1,-1,-1,-1,-1,-1,-1,-1,-1,-1,-1,-1,-1,-1,-1,-1,-1,-1,-1,-1,0,0.232966,0,34587,7000,2496,1,6,2,19320,1,1,0,0,0,0
1,2,0,3,0,0,0,0,0,0,0,0,0,0,0,0,0,1,33,1,0,0,0,0,0,0,0,0,0,0,0,0,0,0,0,0,4,12,0,0,0,2,0,3,0,0,0,0,0,0,0,0,0,0,0,0,0,21,0,0,0,0,0,0,0,0,0,0,0,0,0,0,0,0,0,6,-1,-1,-1,-1,-1,-1,-1,-1,-1,-1,-1,-1,-1,-1,-1,-1,-1,-1,-1,-1,0,0.685526,-1,46606,-1,-1,1,2,1,3575,1,1,0,0,0,1
1,0,0,1,0,0,0,0,0,0,0,0,0,0,0,0,0,1,12,1,0,0,0,0,0,0,0,0,0,0,0,0,0,0,0,0,0,5,0,0,0,0,0,1,0,0,0,0,0,0,0,0,0,0,0,0,0,7,0,0,0,0,0,0,0,0,0,0,0,0,0,0,0,0,0,6,-1,-1,-1,-1,-1,-1,-1,-1,-1,-1,-1,-1,-1,-1,-1,-1,-1,-1,-1,-1,0,0.284514,-1,47541,7625,1304,1,3,0,142,1,2,0,0,0,1
1,0,0,0,0,0,0,0,0,0,0,0,0,0,0,0,0,1,16,1,0,0,0,0,0,0,0,0,0,0,0,0,0,0,0,0,5,16,0,0,-1,-1,-1,-1,-1,-1,-1,-1,-1,-1,-1,-1,-1,-1,-1,-1,-1,-1,-1,-1,-1,-1,-1,-1,-1,-1,-1,-1,-1,-1,-1,-1,-1,-1,-1,-1,-1,-1,-1,-1,-1,-1,-1,-1,-1,-1,-1,-1,-1,-1,-1,-1,-1,-1,-1,-1,0,0.332098,-1,24940,3852,530,1,4,1,3592,1,2,0,0,0,0
3,0,0,0,0,0,0,0,0,0,0,0,0,0,0,0,0,1,14,3,0,0,0,0,0,0,0,0,0,0,0,0,0,0,0,0,1,14,0,0,-1,-1,-1,-1,-1,-1,-1,-1,-1,-1,-1,-1,-1,-1,-1,-1,-1,-1,-1,-1,-1,-1,-1,-1,-1,-1,-1,-1,-1,-1,-1,-1,-1,-1,-1,-1,-1,-1,-1,-1,-1,-1,-1,-1,-1,-1,-1,-1,-1,-1,-1,-1,-1,-1,-1,-1,0,0.414535,-1,53667,-1,-1,1,2,1,14391,1,1,0,0,0,0
2,0,0,0,0,0,0,0,0,0,0,0,0,0,0,0,0,1,20,2,0,0,0,0,0,0,0,0,0,0,0,0,0,0,0,0,6,20,0,0,-1,-1,-1,-1,-1,-1,-1,-1,-1,-1,-1,-1,-1,-1,-1,-1,-1,-1,-1,-1,-1,-1,-1,-1,-1,-1,-1,-1,-1,-1,-1,-1,-1,-1,-1,-1,-1,-1,-1,-1,-1,-1,-1,-1,-1,-1,-1,-1,-1,-1,-1,-1,-1,-1,-1,-1,0,-1.0,0,-1,4657,455,-1,0,0,-1,0,-1,0,0,0,0
2,0,0,0,0,0,0,0,0,0,0,0,0,0,0,0,0,1,18,2,0,0,0,0,0,0,0,0,0,0,0,0,0,0,0,0,4,18,0,0,-1,-1,-1,-1,-1,-1,-1,-1,-1,-1,-1,-1,-1,-1,-1,-1,-1,-1,-1,-1,-1,-1,-1,-1,-1,-1,-1,-1,-1,-1,-1,-1,-1,-1,-1,-1,-1,-1,-1,-1,-1,-1,-1,-1,-1,-1,-1,-1,-1,-1,-1,-1,-1,-1,-1,-1,0,0.744433,0,6364,4187,195,1,2,0,14398,0,0,0,0,0,0
2,1,0,0,0,0,0,0,0,0,0,0,0,0,0,0,0,1,27,2,1,0,0,0,0,0,0,0,0,0,0,0,0,0,0,0,8,27,0,0,-1,-1,-1,-1,-1,-1,-1,-1,-1,-1,-1,-1,-1,-1,-1,-1,-1,-1,-1,-1,-1,-1,-1,-1,-1,-1,-1,-1,-1,-1,-1,-1,-1,-1,-1,-1,-1,-1,-1,-1,-1,-1,-1,-1,-1,-1,-1,-1,-1,-1,-1,-1,-1,-1,-1,-1,0,9.022261,0,22612,200,164,1,2,0,118,0,0,0,0,0,1
2,0,0,1,0,0,0,0,0,0,0,0,0,0,0,0,0,1,19,2,0,0,0,0,0,0,0,0,0,0,0,0,0,0,0,0,6,18,0,0,0,0,0,1,0,0,0,0,0,0,0,0,0,0,0,0,0,1,0,0,0,0,0,0,0,0,0,0,0,0,0,0,0,0,0,0,-1,-1,-1,-1,-1,-1,-1,-1,-1,-1,-1,-1,-1,-1,-1,-1,-1,-1,-1,-1,0,0.455363,0,13335,6400,173,2,2,6,299,1,0,0,0,0,0
1,0,0,0,0,0,0,0,0,0,0,0,0,0,0,0,0,1,12,1,0,0,0,0,0,0,0,0,0,0,0,0,0,0,0,0,4,12,0,0,-1,-1,-1,-1,-1,-1,-1,-1,-1,-1,-1,-1,-1,-1,-1,-1,-1,-1,-1,-1,-1,-1,-1,-1,-1,-1,-1,-1,-1,-1,-1,-1,-1,-1,-1,-1,-1,-1,-1,-1,-1,-1,-1,-1,-1,-1,-1,-1,-1,-1,-1,-1,-1,-1,-1,-1,0,0.321143,0,32244,1860,330,1,5,0,3592,0,1,0,0,0,0
1,0,0,5,0,0,0,0,0,0,0,0,0,0,0,0,0,1,41,1,0,0,0,0,0,0,0,0,0,0,0,0,0,0,0,0,5,13,0,0,0,0,0,5,0,0,0,0,0,0,0,0,0,0,0,0,0,28,0,0,0,0,0,0,0,0,0,0,0,0,0,0,0,0,0,0,-1,-1,-1,-1,-1,-1,-1,-1,-1,-1,-1,-1,-1,-1,-1,-1,-1,-1,-1,-1,0,0.681362,0,4670,6447,491,1,2,1,760,0,0,0,0,0,1
4,0,0,4,0,0,0,0,0,0,0,0,0,0,0,0,0,2,54,2,0,0,0,0,0,0,0,0,0,0,0,0,0,0,0,0,6,21,0,0,2,0,0,4,0,0,0,0,0,0,0,0,0,0,0,0,0,33,0,0,0,0,0,0,0,0,0,0,0,0,0,0,0,0,0,0,-1,-1,-1,-1,-1,-1,-1,-1,-1,-1,-1,-1,-1,-1,-1,-1,-1,-1,-1,-1,0,0.333404,1,20013,681,48,1,2,1,2106,0,0,0,0,0,1
3,0,0,0,0,0,0,0,0,0,0,0,0,0,0,0,0,1,22,3,0,0,0,0,0,0,0,0,0,0,0,0,0,0,0,0,8,22,0,0,-1,-1,-1,-1,-1,-1,-1,-1,-1,-1,-1,-1,-1,-1,-1,-1,-1,-1,-1,-1,-1,-1,-1,-1,-1,-1,-1,-1,-1,-1,-1,-1,-1,-1,-1,-1,-1,-1,-1,-1,-1,-1,-1,-1,-1,-1,-1,-1,-1,-1,-1,-1,-1,-1,-1,-1,0,0.954344,0,16814,-1,-1,1,2,1,2019,0,0,0,0,0,0
2,0,0,3,0,0,0,0,0,0,0,0,0,0,0,0,0,1,40,2,0,0,0,0,0,0,0,0,0,0,0,0,0,0,0,0,6,16,0,0,0,0,0,3,0,0,0,0,0,0,0,0,0,0,0,0,0,24,0,0,0,0,0,0,0,0,0,0,0,0,0,0,0,0,0,0,-1,-1,-1,-1,-1,-1,-1,-1,-1,-1,-1,-1,-1,-1,-1,-1,-1,-1,-1,-1,0,0.212146,0,15169,-1,-1,1,4,5,291,1,0,0,0,0,1
2,0,0,3,0,0,0,0,0,0,0,0,0,0,0,0,0,1,36,2,0,0,0,0,0,0,0,0,0,0,0,0,0,0,0,0,6,20,0,0,0,0,0,3,0,0,0,0,0,0,0,0,0,0,0,0,0,16,0,0,0,0,0,0,0,0,0,0,0,0,0,0,0,0,0,0,-1,-1,-1,-1,-1,-1,-1,-1,-1,-1,-1,-1,-1,-1,-1,-1,-1,-1,-1,-1,0,5.604037,0,55660,2156,34,1,4,1,2393,1,0,0,0,0,1
2,1,1,6,0,3,0,2,0,0,0,0,0,0,0,0,0,1,237,1,0,0,0,0,0,0,0,0,0,0,0,0,0,0,0,0,5,19,0,0,1,1,0,6,0,0,0,0,0,0,0,0,0,0,0,0,0,53,1,0,0,0,0,0,0,0,0,0,0,0,0,0,0,0,0,9,0,0,1,0,0,3,0,2,0,0,0,0,0,0,0,0,0,165,0,3,0,1.995955,1,46606,792,302,1,2,1,14391,0,0,0,0,0,1
2,0,0,1,0,0,0,0,0,0,0,0,0,0,0,0,0,1,21,2,0,0,0,0,0,0,0,0,0,0,0,0,0,0,0,0,6,20,0,0,0,0,0,1,0,0,0,0,0,0,0,0,0,0,0,0,0,1,0,0,0,0,0,0,0,0,0,0,0,0,0,0,0,0,0,0,-1,-1,-1,-1,-1,-1,-1,-1,-1,-1,-1,-1,-1,-1,-1,-1,-1,-1,-1,-1,0,3.164127,-1,3595,1031,64,1,2,2,14388,0,0,0,0,0,0
1,0,0,2,0,0,0,0,0,0,0,0,0,0,0,0,0,1,24,1,0,0,0,0,0,0,0,0,0,0,0,0,0,0,0,0,6,16,0,0,0,0,0,2,0,0,0,0,0,0,0,0,0,0,0,0,0,8,0,0,0,0,0,0,0,0,0,0,0,0,0,0,0,0,0,2,-1,-1,-1,-1,-1,-1,-1,-1,-1,-1,-1,-1,-1,-1,-1,-1,-1,-1,-1,-1,0,-1.0,0,-1,-1,-1,-1,4,0,-1,0,-1,0,0,0,0
2,0,0,2,0,0,0,0,0,0,0,0,0,0,0,0,0,1,32,1,0,0,0,0,0,0,0,0,0,0,0,0,0,0,0,0,6,16,0,0,1,0,0,2,0,0,0,0,0,0,0,0,0,0,0,0,0,16,1,0,0,0,0,0,0,0,0,0,0,0,0,0,0,0,0,10,-1,-1,-1,-1,-1,-1,-1,-1,-1,-1,-1,-1,-1,-1,-1,-1,-1,-1,-1,-1,0,0.506246,0,7162,9,355,1,3,0,1786,0,0,0,0,0,1
3,7,0,2,0,0,0,0,0,0,0,0,0,0,0,0,0,1,82,2,0,0,0,0,0,0,0,0,0,0,0,0,0,0,0,0,4,13,0,0,1,7,0,2,0,0,0,0,0,0,0,0,0,0,0,0,0,69,1,7,0,0,0,0,0,0,0,0,0,0,0,0,0,0,0,63,-1,-1,-1,-1,-1,-1,-1,-1,-1,-1,-1,-1,-1,-1,-1,-1,-1,-1,-1,-1,0,0.356734,0,34010,8660,1567,6,5,3,1721,1,0,0,0,0,0
1,1,1,8,0,0,0,0,0,0,0,0,0,0,0,0,0,1,98,1,0,0,0,0,0,0,0,0,0,0,0,0,0,0,0,0,6,14,0,0,0,1,1,8,0,0,0,0,0,0,0,0,0,0,0,0,0,84,0,0,0,0,0,0,0,0,0,0,0,0,0,0,0,0,0,6,-1,-1,-1,-1,-1,-1,-1,-1,-1,-1,-1,-1,-1,-1,-1,-1,-1,-1,-1,-1,0,2.052226,1,197712,821,273,1,5,1,888,1,2,0,0,0,1
1,1,0,2,0,0,0,0,0,0,0,0,0,0,0,0,0,1,29,1,0,0,0,0,0,0,0,0,0,0,0,0,0,0,0,0,5,14,0,0,0,1,0,2,0,0,0,0,0,0,0,0,0,0,0,0,0,15,0,0,0,0,0,0,0,0,0,0,0,0,0,0,0,0,0,2,-1,-1,-1,-1,-1,-1,-1,-1,-1,-1,-1,-1,-1,-1,-1,-1,-1,-1,-1,-1,0,0.27384899999999995,1,46606,909,185,1,2,1,14395,0,1,0,0,0,1
1,0,0,1,0,0,0,0,0,0,0,0,0,0,0,0,0,1,13,1,0,0,0,0,0,0,0,0,0,0,0,0,0,0,0,0,2,8,0,0,0,0,0,1,0,0,0,0,0,0,0,0,0,0,0,0,0,5,0,0,0,0,0,0,0,0,0,0,0,0,0,0,0,0,0,4,-1,-1,-1,-1,-1,-1,-1,-1,-1,-1,-1,-1,-1,-1,-1,-1,-1,-1,-1,-1,0,0.240116,1,8449,-1,-1,2,4,1,2165,0,1,0,0,0,0
2,0,0,3,0,0,0,0,0,0,0,0,0,0,0,0,0,1,31,2,0,0,0,0,0,0,0,0,0,0,0,0,0,0,0,0,5,17,0,0,0,0,0,3,0,0,0,0,0,0,0,0,0,0,0,0,0,14,0,0,0,0,0,0,0,0,0,0,0,0,0,0,0,0,0,0,-1,-1,-1,-1,-1,-1,-1,-1,-1,-1,-1,-1,-1,-1,-1,-1,-1,-1,-1,-1,0,0.825383,-1,26094,1555,636,1,2,1,3977,1,1,0,0,0,1
2,0,0,1,0,0,0,0,0,0,0,0,0,0,0,0,0,1,20,2,0,0,0,0,0,0,0,0,0,0,0,0,0,0,0,0,6,19,0,0,0,0,0,1,0,0,0,0,0,0,0,0,0,0,0,0,0,1,0,0,0,0,0,0,0,0,0,0,0,0,0,0,0,0,0,0,-1,-1,-1,-1,-1,-1,-1,-1,-1,-1,-1,-1,-1,-1,-1,-1,-1,-1,-1,-1,0,0.96794,-1,29066,1068,27,1,3,1,14392,1,0,0,0,0,0
2,0,0,0,0,0,0,0,0,0,0,0,0,0,0,0,0,1,19,2,0,0,0,0,0,0,0,0,0,0,0,0,0,0,0,0,4,19,0,0,-1,-1,-1,-1,-1,-1,-1,-1,-1,-1,-1,-1,-1,-1,-1,-1,-1,-1,-1,-1,-1,-1,-1,-1,-1,-1,-1,-1,-1,-1,-1,-1,-1,-1,-1,-1,-1,-1,-1,-1,-1,-1,-1,-1,-1,-1,-1,-1,-1,-1,-1,-1,-1,-1,-1,-1,0,-1.0,0,-1,-1,-1,-1,4,0,-1,0,-1,0,0,0,0
2,0,0,1,0,0,0,0,0,0,0,0,0,0,0,0,0,1,21,2,0,0,0,0,0,0,0,0,0,0,0,0,0,0,0,0,5,20,0,0,0,0,0,1,0,0,0,0,0,0,0,0,0,0,0,0,0,1,0,0,0,0,0,0,0,0,0,0,0,0,0,0,0,0,0,0,-1,-1,-1,-1,-1,-1,-1,-1,-1,-1,-1,-1,-1,-1,-1,-1,-1,-1,-1,-1,0,0.328302,0,30633,334,30,1,2,1,595,0,0,0,0,0,0
3,0,0,1,0,0,0,0,0,0,0,0,0,0,0,0,0,1,27,3,0,0,0,0,0,0,0,0,0,0,0,0,0,0,0,0,8,26,0,0,0,0,0,1,0,0,0,0,0,0,0,0,0,0,0,0,0,1,0,0,0,0,0,0,0,0,0,0,0,0,0,0,0,0,0,0,-1,-1,-1,-1,-1,-1,-1,-1,-1,-1,-1,-1,-1,-1,-1,-1,-1,-1,-1,-1,0,0.663457,0,13335,1081,745,2,2,0,298,1,0,0,0,0,0
1,1,0,2,0,0,0,0,0,0,0,0,0,0,0,0,0,1,23,1,0,0,0,0,0,0,0,0,0,0,0,0,0,0,0,0,1,7,0,0,0,1,0,2,0,0,0,0,0,0,0,0,0,0,0,0,0,16,0,1,0,0,0,0,0,0,0,0,0,0,0,0,0,0,0,12,-1,-1,-1,-1,-1,-1,-1,-1,-1,-1,-1,-1,-1,-1,-1,-1,-1,-1,-1,-1,0,0.451383,1,34948,6764,174,1,3,5,9434,1,0,0,0,0,0
3,0,0,4,0,0,0,0,0,0,0,0,0,0,0,0,0,1,41,2,0,0,0,0,0,0,0,0,0,0,0,0,0,0,0,0,5,13,0,0,1,0,0,4,0,0,0,0,0,0,0,0,0,0,0,0,0,28,1,0,0,0,0,0,0,0,0,0,0,0,0,0,0,0,0,9,-1,-1,-1,-1,-1,-1,-1,-1,-1,-1,-1,-1,-1,-1,-1,-1,-1,-1,-1,-1,0,2.392148,-1,4618,6896,407,1,2,1,281,1,1,0,0,0,1
3,0,3,2,0,0,0,0,0,0,0,0,0,0,0,0,0,1,55,2,0,0,0,0,0,0,0,0,0,0,0,0,0,0,0,0,2,10,0,0,1,0,3,2,0,0,0,0,0,0,0,0,0,0,0,0,0,45,1,0,3,0,0,0,0,0,0,0,0,0,0,0,0,0,0,38,-1,-1,-1,-1,-1,-1,-1,-1,-1,-1,-1,-1,-1,-1,-1,-1,-1,-1,-1,-1,0,5.394863,0,22773,5498,2902,1,2,1,3594,0,0,0,0,0,0
2,0,0,1,0,1,0,0,0,0,0,0,0,0,0,0,0,1,35,1,0,0,0,0,0,0,0,0,0,0,0,0,0,0,0,0,5,18,0,0,1,0,0,1,0,0,0,0,0,0,0,0,0,0,0,0,0,8,1,0,0,0,0,0,0,0,0,0,0,0,0,0,0,0,0,7,0,0,0,0,0,1,0,0,0,0,0,0,0,0,0,0,0,9,0,1,0,-1.0,0,-1,42,322,-1,4,0,-1,0,-1,0,0,0,1
2,0,0,1,0,0,0,0,0,0,0,0,0,0,0,0,0,1,27,2,0,0,0,0,0,0,0,0,0,0,0,0,0,0,0,0,8,26,0,0,0,0,0,1,0,0,0,0,0,0,0,0,0,0,0,0,0,1,0,0,0,0,0,0,0,0,0,0,0,0,0,0,0,0,0,0,-1,-1,-1,-1,-1,-1,-1,-1,-1,-1,-1,-1,-1,-1,-1,-1,-1,-1,-1,-1,0,0.541285,0,15169,-1,-1,1,4,0,17,1,0,0,0,0,0
2,1,0,7,0,0,0,0,0,0,0,0,0,0,0,0,0,1,84,1,0,0,0,0,0,0,0,0,0,0,0,0,0,0,0,0,6,22,0,0,1,1,0,7,0,0,0,0,0,0,0,0,0,0,0,0,0,62,1,0,0,0,0,0,0,0,0,0,0,0,0,0,0,0,0,9,-1,-1,-1,-1,-1,-1,-1,-1,-1,-1,-1,-1,-1,-1,-1,-1,-1,-1,-1,-1,0,1.866653,-1,63068,1660,165,1,2,1,289,0,0,0,0,0,1
2,2,0,1,0,0,0,0,0,0,0,0,0,0,0,0,0,1,33,2,2,0,0,0,0,0,0,0,0,0,0,0,0,0,0,0,8,32,0,0,0,0,0,1,0,0,0,0,0,0,0,0,0,0,0,0,0,1,0,0,0,0,0,0,0,0,0,0,0,0,0,0,0,0,0,0,-1,-1,-1,-1,-1,-1,-1,-1,-1,-1,-1,-1,-1,-1,-1,-1,-1,-1,-1,-1,0,0.5253939999999999,0,46844,-1,-1,1,3,1,3591,0,0,0,0,0,1
2,1,0,1,0,0,0,0,0,0,0,0,0,0,0,0,0,1,19,2,1,0,0,0,0,0,0,0,0,0,0,0,0,0,0,0,4,18,0,0,0,0,0,1,0,0,0,0,0,0,0,0,0,0,0,0,0,1,0,0,0,0,0,0,0,0,0,0,0,0,0,0,0,0,0,0,-1,-1,-1,-1,-1,-1,-1,-1,-1,-1,-1,-1,-1,-1,-1,-1,-1,-1,-1,-1,0,-1.0,0,-1,-1,-1,-1,4,0,-1,0,-1,0,0,0,0
1,0,0,1,0,0,0,0,0,0,0,0,0,0,0,0,0,1,16,1,0,0,0,0,0,0,0,0,0,0,0,0,0,0,0,0,2,10,0,0,0,0,0,1,0,0,0,0,0,0,0,0,0,0,0,0,0,6,0,0,0,0,0,0,0,0,0,0,0,0,0,0,0,0,0,5,-1,-1,-1,-1,-1,-1,-1,-1,-1,-1,-1,-1,-1,-1,-1,-1,-1,-1,-1,-1,0,0.784222,0,33182,2997,289,1,2,1,14398,1,0,0,0,0,1
2,2,0,3,0,0,0,0,0,0,0,0,0,0,0,0,0,1,53,1,0,0,0,0,0,0,0,0,0,0,0,0,0,0,0,0,3,12,0,0,1,2,0,3,0,0,0,0,0,0,0,0,0,0,0,0,0,41,1,1,0,0,0,0,0,0,0,0,0,0,0,0,0,0,0,26,-1,-1,-1,-1,-1,-1,-1,-1,-1,-1,-1,-1,-1,-1,-1,-1,-1,-1,-1,-1,0,0.5577810000000001,-1,26496,3035,251,1,2,2,589,0,0,0,0,0,1
3,0,0,0,0,0,0,0,0,0,0,0,0,0,0,0,0,1,15,3,0,0,0,0,0,0,0,0,0,0,0,0,0,0,0,0,4,15,0,0,-1,-1,-1,-1,-1,-1,-1,-1,-1,-1,-1,-1,-1,-1,-1,-1,-1,-1,-1,-1,-1,-1,-1,-1,-1,-1,-1,-1,-1,-1,-1,-1,-1,-1,-1,-1,-1,-1,-1,-1,-1,-1,-1,-1,-1,-1,-1,-1,-1,-1,-1,-1,-1,-1,-1,-1,0,0.523802,0,14618,-1,-1,1,2,1,16293,0,1,0,0,0,0
3,1,0,2,0,0,0,0,0,0,0,0,0,0,0,0,0,1,46,1,1,0,0,0,0,0,0,0,0,0,0,0,0,0,0,0,7,19,0,0,2,0,0,2,0,0,0,0,0,0,0,0,0,0,0,0,0,27,1,0,0,0,0,0,0,0,0,0,0,0,0,0,0,0,0,18,-1,-1,-1,-1,-1,-1,-1,-1,-1,-1,-1,-1,-1,-1,-1,-1,-1,-1,-1,-1,0,2.235778,1,53755,1024,802,1,2,1,1188,1,0,0,0,0,1
1,0,0,1,0,0,0,0,0,0,0,0,0,0,0,0,0,1,13,1,0,0,0,0,0,0,0,0,0,0,0,0,0,0,0,0,2,6,0,0,0,0,0,1,0,0,0,0,0,0,0,0,0,0,0,0,0,7,0,0,0,0,0,0,0,0,0,0,0,0,0,0,0,0,0,6,-1,-1,-1,-1,-1,-1,-1,-1,-1,-1,-1,-1,-1,-1,-1,-1,-1,-1,-1,-1,0,0.062061,-1,15169,4819,121,1,4,0,296,1,2,0,0,1,1
1,0,0,0,0,0,0,0,0,0,0,0,0,0,0,0,0,1,11,1,0,0,0,0,0,0,0,0,0,0,0,0,0,0,0,0,4,11,0,0,-1,-1,-1,-1,-1,-1,-1,-1,-1,-1,-1,-1,-1,-1,-1,-1,-1,-1,-1,-1,-1,-1,-1,-1,-1,-1,-1,-1,-1,-1,-1,-1,-1,-1,-1,-1,-1,-1,-1,-1,-1,-1,-1,-1,-1,-1,-1,-1,-1,-1,-1,-1,-1,-1,-1,-1,0,0.459124,1,13335,4163,515,2,2,5,292,1,1,0,0,0,0
2,0,0,2,0,0,0,0,0,0,0,0,0,0,0,0,0,1,40,1,0,0,0,0,0,0,0,0,0,0,0,0,0,0,0,0,10,25,0,0,1,0,0,2,0,0,0,0,0,0,0,0,0,0,0,0,0,15,1,0,0,0,0,0,0,0,0,0,0,0,0,0,0,0,0,10,-1,-1,-1,-1,-1,-1,-1,-1,-1,-1,-1,-1,-1,-1,-1,-1,-1,-1,-1,-1,0,0.173872,0,48666,16,348,1,4,0,3591,1,0,0,0,0,1
2,3,0,4,0,0,0,0,0,0,0,0,0,0,0,0,0,1,92,2,0,0,0,0,0,0,0,0,0,0,0,0,0,0,0,0,6,17,0,0,0,3,0,4,0,0,0,0,0,0,0,0,0,0,0,0,0,75,0,0,0,0,0,0,0,0,0,0,0,0,0,0,0,0,0,32,-1,-1,-1,-1,-1,-1,-1,-1,-1,-1,-1,-1,-1,-1,-1,-1,-1,-1,-1,-1,0,0.165144,0,15169,-1,-1,1,4,5,129,1,0,0,0,0,1
5,1,0,4,0,1,1,0,0,0,0,0,0,0,0,0,0,2,71,1,0,0,0,0,0,0,0,0,0,0,0,0,0,0,0,0,4,15,0,0,2,1,0,4,0,0,0,0,0,0,0,0,0,0,0,0,0,30,1,0,0,0,0,0,0,0,0,0,0,0,0,0,0,0,0,9,2,0,0,0,0,1,1,0,0,0,0,0,0,0,0,0,0,26,1,1,1,2.998758,1,20013,345,19,1,2,1,14388,1,0,0,0,0,1
2,0,0,0,0,0,0,0,0,0,0,0,0,0,0,0,0,1,31,2,0,0,0,0,0,0,0,0,0,0,0,0,0,0,0,0,10,31,0,0,-1,-1,-1,-1,-1,-1,-1,-1,-1,-1,-1,-1,-1,-1,-1,-1,-1,-1,-1,-1,-1,-1,-1,-1,-1,-1,-1,-1,-1,-1,-1,-1,-1,-1,-1,-1,-1,-1,-1,-1,-1,-1,-1,-1,-1,-1,-1,-1,-1,-1,-1,-1,-1,-1,-1,-1,0,0.137992,0,8560,4153,229,1,4,2,3598,0,0,0,0,0,0
3,1,0,2,0,1,0,0,0,0,0,0,0,0,0,0,0,1,123,2,0,0,0,0,0,0,0,0,0,0,0,0,0,0,0,0,5,16,0,0,1,0,0,2,0,0,0,0,0,0,0,0,0,0,0,0,0,24,1,0,0,0,0,0,0,0,0,0,0,0,0,0,0,0,0,17,0,1,0,0,0,1,0,0,0,0,0,0,0,0,0,0,0,83,0,1,0,0.269011,0,8075,-1,-1,1,7,0,299,1,0,0,0,0,1
2,0,0,2,0,0,0,0,0,0,0,0,0,0,0,0,0,1,32,2,0,0,0,0,0,0,0,0,0,0,0,0,0,0,0,0,5,16,0,0,0,0,0,1,0,0,0,0,0,0,0,0,0,0,0,0,0,1,0,0,0,0,0,0,0,0,0,0,0,0,0,0,0,0,0,0,0,0,0,1,0,0,0,0,0,0,0,0,0,0,0,0,0,15,0,0,0,0.5879949999999999,1,26496,330,399,1,2,1,10278,0,0,0,0,0,1
2,0,0,3,0,0,0,0,0,0,0,0,0,0,0,0,0,1,43,2,0,0,0,0,0,0,0,0,0,0,0,0,0,0,0,0,6,16,0,0,0,0,0,3,0,0,0,0,0,0,0,0,0,0,0,0,0,27,0,0,0,0,0,0,0,0,0,0,0,0,0,0,0,0,0,0,-1,-1,-1,-1,-1,-1,-1,-1,-1,-1,-1,-1,-1,-1,-1,-1,-1,-1,-1,-1,0,0.226781,0,15169,-1,-1,1,4,5,119,1,2,0,0,0,1
3,2,0,1,0,0,0,0,0,0,0,0,0,0,0,0,0,1,63,2,2,0,0,0,0,0,0,0,0,0,0,0,0,0,0,0,18,53,0,0,1,0,0,1,0,0,0,0,0,0,0,0,0,0,0,0,0,10,1,0,0,0,0,0,0,0,0,0,0,0,0,0,0,0,0,9,-1,-1,-1,-1,-1,-1,-1,-1,-1,-1,-1,-1,-1,-1,-1,-1,-1,-1,-1,-1,0,0.697415,0,51559,-1,-1,1,1,1,14396,0,0,0,0,0,1
1,0,0,1,0,0,0,0,0,0,0,0,0,0,0,0,0,1,12,1,0,0,0,0,0,0,0,0,0,0,0,0,0,0,0,0,4,11,0,0,0,0,0,1,0,0,0,0,0,0,0,0,0,0,0,0,0,1,0,0,0,0,0,0,0,0,0,0,0,0,0,0,0,0,0,0,-1,-1,-1,-1,-1,-1,-1,-1,-1,-1,-1,-1,-1,-1,-1,-1,-1,-1,-1,-1,0,1.293251,-1,13335,1171,289,2,2,5,290,1,0,0,0,0,0
3,0,0,0,0,0,0,0,0,0,0,0,0,0,0,0,0,1,16,3,0,0,0,0,0,0,0,0,0,0,0,0,0,0,0,0,3,16,0,0,-1,-1,-1,-1,-1,-1,-1,-1,-1,-1,-1,-1,-1,-1,-1,-1,-1,-1,-1,-1,-1,-1,-1,-1,-1,-1,-1,-1,-1,-1,-1,-1,-1,-1,-1,-1,-1,-1,-1,-1,-1,-1,-1,-1,-1,-1,-1,-1,-1,-1,-1,-1,-1,-1,-1,-1,0,1.294152,1,8075,-1,-1,1,2,1,3596,0,0,0,0,0,0
2,1,0,2,0,0,0,0,0,0,0,0,0,0,0,0,0,1,31,1,0,0,0,0,0,0,0,0,0,0,0,0,0,0,0,0,5,12,0,0,1,1,0,2,0,0,0,0,0,0,0,0,0,0,0,0,0,19,1,0,0,0,0,0,0,0,0,0,0,0,0,0,0,0,0,9,-1,-1,-1,-1,-1,-1,-1,-1,-1,-1,-1,-1,-1,-1,-1,-1,-1,-1,-1,-1,0,1.330845,0,12260,1138,322,1,4,1,14390,1,0,0,0,0,1
2,0,0,1,0,0,0,0,0,0,0,0,0,0,0,0,0,1,31,1,0,0,0,0,0,0,0,0,0,0,0,0,0,0,0,0,6,21,0,0,1,0,0,1,0,0,0,0,0,0,0,0,0,0,0,0,0,10,1,0,0,0,0,0,0,0,0,0,0,0,0,0,0,0,0,9,-1,-1,-1,-1,-1,-1,-1,-1,-1,-1,-1,-1,-1,-1,-1,-1,-1,-1,-1,-1,0,0.953454,-1,26496,4654,93,1,2,2,592,0,0,0,0,0,1
1,0,0,3,0,0,0,0,0,0,0,0,0,0,0,0,0,1,26,1,0,0,0,0,0,0,0,0,0,0,0,0,0,0,0,0,4,12,0,0,0,0,0,3,0,0,0,0,0,0,0,0,0,0,0,0,0,14,0,0,0,0,0,0,0,0,0,0,0,0,0,0,0,0,0,0,-1,-1,-1,-1,-1,-1,-1,-1,-1,-1,-1,-1,-1,-1,-1,-1,-1,-1,-1,-1,0,0.606,-1,13335,1129,331,2,2,0,252,0,0,0,0,0,1
3,4,0,1,0,0,0,0,0,0,0,0,0,0,0,0,0,1,54,2,2,0,0,0,0,0,0,0,0,0,0,0,0,0,0,0,7,28,0,0,1,2,0,1,0,0,0,0,0,0,0,0,0,0,0,0,0,26,1,2,0,0,0,0,0,0,0,0,0,0,0,0,0,0,0,25,-1,-1,-1,-1,-1,-1,-1,-1,-1,-1,-1,-1,-1,-1,-1,-1,-1,-1,-1,-1,0,0.804143,-1,394695,711,18,1,2,1,14390,0,0,0,0,0,1
1,0,0,0,0,0,0,0,0,0,0,0,0,0,0,0,0,1,12,1,0,0,0,0,0,0,0,0,0,0,0,0,0,0,0,0,4,12,0,0,-1,-1,-1,-1,-1,-1,-1,-1,-1,-1,-1,-1,-1,-1,-1,-1,-1,-1,-1,-1,-1,-1,-1,-1,-1,-1,-1,-1,-1,-1,-1,-1,-1,-1,-1,-1,-1,-1,-1,-1,-1,-1,-1,-1,-1,-1,-1,-1,-1,-1,-1,-1,-1,-1,-1,-1,0,0.5672699999999999,1,14618,6993,311,2,4,1,3,1,2,0,0,0,0
3,0,0,0,0,0,0,0,0,0,0,0,0,0,0,0,0,1,20,3,0,0,0,0,0,0,0,0,0,0,0,0,0,0,0,0,4,20,0,0,-1,-1,-1,-1,-1,-1,-1,-1,-1,-1,-1,-1,-1,-1,-1,-1,-1,-1,-1,-1,-1,-1,-1,-1,-1,-1,-1,-1,-1,-1,-1,-1,-1,-1,-1,-1,-1,-1,-1,-1,-1,-1,-1,-1,-1,-1,-1,-1,-1,-1,-1,-1,-1,-1,-1,-1,0,0.932933,-1,28283,4506,241,1,3,1,14387,1,0,0,0,0,0
4,0,0,2,0,0,0,0,0,0,0,0,0,0,0,0,0,1,32,4,0,0,0,0,0,0,0,0,0,0,0,0,0,0,0,0,8,27,0,0,0,0,0,2,0,0,0,0,0,0,0,0,0,0,0,0,0,5,0,0,0,0,0,0,0,0,0,0,0,0,0,0,0,0,0,0,-1,-1,-1,-1,-1,-1,-1,-1,-1,-1,-1,-1,-1,-1,-1,-1,-1,-1,-1,-1,0,2.583315,0,28132,7287,-1,1,2,1,21581,1,1,0,0,0,0
2,0,0,3,0,0,0,0,0,0,0,0,0,0,0,0,0,1,33,2,0,0,0,0,0,0,0,0,0,0,0,0,0,0,0,0,4,14,0,0,0,0,0,3,0,0,0,0,0,0,0,0,0,0,0,0,0,19,0,0,0,0,0,0,0,0,0,0,0,0,0,0,0,0,0,0,-1,-1,-1,-1,-1,-1,-1,-1,-1,-1,-1,-1,-1,-1,-1,-1,-1,-1,-1,-1,0,0.308321,0,36351,8273,128,1,2,1,1852,1,0,0,0,0,0
2,0,0,3,0,0,0,0,0,0,0,0,0,0,0,0,0,1,41,2,0,0,0,0,0,0,0,0,0,0,0,0,0,0,0,0,6,16,0,0,0,0,0,3,0,0,0,0,0,0,0,0,0,0,0,0,0,25,0,0,0,0,0,0,0,0,0,0,0,0,0,0,0,0,0,0,-1,-1,-1,-1,-1,-1,-1,-1,-1,-1,-1,-1,-1,-1,-1,-1,-1,-1,-1,-1,0,0.18071,0,15169,-1,-1,1,4,5,286,1,0,0,0,0,1
1,2,0,1,0,0,0,0,0,0,0,0,0,0,0,0,0,1,26,1,0,0,0,0,0,0,0,0,0,0,0,0,0,0,0,0,4,14,0,0,0,2,0,1,0,0,0,0,0,0,0,0,0,0,0,0,0,12,0,2,0,0,0,0,0,0,0,0,0,0,0,0,0,0,0,11,-1,-1,-1,-1,-1,-1,-1,-1,-1,-1,-1,-1,-1,-1,-1,-1,-1,-1,-1,-1,0,0.222455,0,-1,125,239,1,4,0,292,1,1,0,0,0,1
2,3,0,1,0,0,0,0,0,0,0,0,0,0,0,0,0,1,45,1,3,0,0,0,0,0,0,0,0,0,0,0,0,0,0,0,10,32,0,0,1,0,0,1,0,0,0,0,0,0,0,0,0,0,0,0,0,13,1,0,0,0,0,0,0,0,0,0,0,0,0,0,0,0,0,12,-1,-1,-1,-1,-1,-1,-1,-1,-1,-1,-1,-1,-1,-1,-1,-1,-1,-1,-1,-1,0,0.30932800000000005,-1,19905,-1,-1,1,2,0,276,0,0,0,0,0,1
1,0,0,3,0,0,0,0,0,0,0,0,0,0,0,0,0,1,33,1,0,0,0,0,0,0,0,0,0,0,0,0,0,0,0,0,5,14,0,0,0,0,0,3,0,0,0,0,0,0,0,0,0,0,0,0,0,19,0,0,0,0,0,0,0,0,0,0,0,0,0,0,0,0,0,2,-1,-1,-1,-1,-1,-1,-1,-1,-1,-1,-1,-1,-1,-1,-1,-1,-1,-1,-1,-1,0,0.279798,-1,8751,5417,61,1,2,1,759,0,1,0,0,0,1
1,0,0,0,0,0,0,0,0,0,0,0,0,0,0,0,0,1,12,1,0,0,0,0,0,0,0,0,0,0,0,0,0,0,0,0,3,12,0,0,-1,-1,-1,-1,-1,-1,-1,-1,-1,-1,-1,-1,-1,-1,-1,-1,-1,-1,-1,-1,-1,-1,-1,-1,-1,-1,-1,-1,-1,-1,-1,-1,-1,-1,-1,-1,-1,-1,-1,-1,-1,-1,-1,-1,-1,-1,-1,-1,-1,-1,-1,-1,-1,-1,-1,-1,0,-1.0,0,-1,-1,-1,-1,4,0,-1,0,-1,0,0,0,0
2,0,0,3,0,0,0,0,0,0,0,0,0,0,0,0,0,1,34,1,0,0,0,0,0,0,0,0,0,0,0,0,0,0,0,0,3,8,0,0,1,0,0,3,0,0,0,0,0,0,0,0,0,0,0,0,0,26,1,0,0,0,0,0,0,0,0,0,0,0,0,0,0,0,0,10,-1,-1,-1,-1,-1,-1,-1,-1,-1,-1,-1,-1,-1,-1,-1,-1,-1,-1,-1,-1,0,0.119131,0,5588,-1,-1,1,4,3,5344,1,0,0,0,0,1
4,0,0,2,0,0,0,0,0,0,0,0,0,0,0,0,0,1,41,3,0,0,0,0,0,0,0,0,0,0,0,0,0,0,0,0,3,14,0,0,1,0,0,2,0,0,0,0,0,0,0,0,0,0,0,0,0,27,1,0,0,0,0,0,0,0,0,0,0,0,0,0,0,0,0,12,-1,-1,-1,-1,-1,-1,-1,-1,-1,-1,-1,-1,-1,-1,-1,-1,-1,-1,-1,-1,0,0.223396,1,15169,8527,603,1,4,6,288,1,0,0,0,0,0
1,0,0,1,0,0,0,0,0,0,0,0,0,0,0,0,0,1,16,1,0,0,0,0,0,0,0,0,0,0,0,0,0,0,0,0,7,15,0,0,0,0,0,1,0,0,0,0,0,0,0,0,0,0,0,0,0,1,0,0,0,0,0,0,0,0,0,0,0,0,0,0,0,0,0,0,-1,-1,-1,-1,-1,-1,-1,-1,-1,-1,-1,-1,-1,-1,-1,-1,-1,-1,-1,-1,0,-1.0,0,-1,-1,1764,-1,2,0,-1,0,-1,0,0,0,0
1,1,0,3,0,0,0,0,0,0,0,0,0,0,0,0,0,1,32,1,0,0,0,0,0,0,0,0,0,0,0,0,0,0,0,0,5,17,0,0,0,1,0,3,0,0,0,0,0,0,0,0,0,0,0,0,0,15,0,0,0,0,0,0,0,0,0,0,0,0,0,0,0,0,0,0,-1,-1,-1,-1,-1,-1,-1,-1,-1,-1,-1,-1,-1,-1,-1,-1,-1,-1,-1,-1,0,0.900359,-1,30083,129,235,1,2,1,278,1,1,0,0,0,1
3,0,0,2,0,0,0,0,0,0,0,0,0,0,0,0,0,1,39,2,0,0,0,0,0,0,0,0,0,0,0,0,0,0,0,0,6,19,0,0,1,0,0,2,0,0,0,0,0,0,0,0,0,0,0,0,0,20,1,0,0,0,0,0,0,0,0,0,0,0,0,0,0,0,0,11,-1,-1,-1,-1,-1,-1,-1,-1,-1,-1,-1,-1,-1,-1,-1,-1,-1,-1,-1,-1,0,0.243247,0,13335,7773,260,2,2,2,289,1,1,0,0,0,0
3,0,0,1,0,0,0,0,0,0,0,0,0,0,0,0,0,0,29,3,0,0,0,0,0,0,0,0,0,0,0,0,0,0,0,0,0,15,1,0,0,0,0,1,0,0,0,0,0,0,0,0,0,0,0,0,0,9,0,0,0,0,0,0,0,0,0,0,0,0,0,0,0,0,0,8,0,0,0,0,0,0,0,0,0,0,0,0,0,0,0,0,0,5,0,0,0,0.436999,0,46573,-1,-1,1,4,0,0,0,0,0,0,0,1
2,0,0,0,0,0,0,0,0,0,0,0,0,0,0,0,0,1,14,2,0,0,0,0,0,0,0,0,0,0,0,0,0,0,0,0,5,14,0,0,-1,-1,-1,-1,-1,-1,-1,-1,-1,-1,-1,-1,-1,-1,-1,-1,-1,-1,-1,-1,-1,-1,-1,-1,-1,-1,-1,-1,-1,-1,-1,-1,-1,-1,-1,-1,-1,-1,-1,-1,-1,-1,-1,-1,-1,-1,-1,-1,-1,-1,-1,-1,-1,-1,-1,-1,0,0.367239,-1,13768,6786,2344,1,2,2,3592,0,0,0,0,0,0
4,0,0,2,0,0,0,0,0,0,0,0,0,0,0,0,0,1,28,4,0,0,0,0,0,0,0,0,0,0,0,0,0,0,0,0,4,22,0,0,0,0,0,2,0,0,0,0,0,0,0,0,0,0,0,0,0,6,0,0,0,0,0,0,0,0,0,0,0,0,0,0,0,0,0,0,-1,-1,-1,-1,-1,-1,-1,-1,-1,-1,-1,-1,-1,-1,-1,-1,-1,-1,-1,-1,0,0.531508,-1,32613,8062,-1,1,2,2,286,1,0,0,0,0,0
1,1,0,5,0,0,0,0,0,0,0,0,0,0,0,0,0,1,77,1,0,0,0,0,0,0,0,0,0,0,0,0,0,0,0,0,6,18,0,0,0,1,0,5,0,0,0,0,0,0,0,0,0,0,0,0,0,59,0,0,0,0,0,0,0,0,0,0,0,0,0,0,0,0,0,32,-1,-1,-1,-1,-1,-1,-1,-1,-1,-1,-1,-1,-1,-1,-1,-1,-1,-1,-1,-1,0,0.397016,0,54600,992,103,1,2,0,7105,0,2,0,0,0,1
2,0,0,0,0,0,0,0,0,0,0,0,0,0,0,0,0,1,15,2,0,0,0,0,0,0,0,0,0,0,0,0,0,0,0,0,4,15,0,0,-1,-1,-1,-1,-1,-1,-1,-1,-1,-1,-1,-1,-1,-1,-1,-1,-1,-1,-1,-1,-1,-1,-1,-1,-1,-1,-1,-1,-1,-1,-1,-1,-1,-1,-1,-1,-1,-1,-1,-1,-1,-1,-1,-1,-1,-1,-1,-1,-1,-1,-1,-1,-1,-1,-1,-1,0,0.412062,0,32181,6114,94,1,2,1,211,0,0,0,0,0,0
1,1,0,0,0,0,0,0,0,0,0,0,0,0,0,0,0,1,31,1,1,0,0,0,0,0,0,0,0,0,0,0,0,0,0,0,13,31,0,0,-1,-1,-1,-1,-1,-1,-1,-1,-1,-1,-1,-1,-1,-1,-1,-1,-1,-1,-1,-1,-1,-1,-1,-1,-1,-1,-1,-1,-1,-1,-1,-1,-1,-1,-1,-1,-1,-1,-1,-1,-1,-1,-1,-1,-1,-1,-1,-1,-1,-1,-1,-1,-1,-1,-1,-1,0,0.223575,-1,20473,90,274,1,2,1,14393,1,1,0,0,0,1
3,0,0,2,0,0,0,0,0,0,0,0,0,0,0,0,0,1,45,2,0,0,0,0,0,0,0,0,0,0,0,0,0,0,0,0,7,21,0,0,1,0,0,2,0,0,0,0,0,0,0,0,0,0,0,0,0,24,1,0,0,0,0,0,0,0,0,0,0,0,0,0,0,0,0,14,-1,-1,-1,-1,-1,-1,-1,-1,-1,-1,-1,-1,-1,-1,-1,-1,-1,-1,-1,-1,0,0.126735,0,13335,6696,242,2,2,1,298,1,0,0,0,0,0
3,0,0,4,0,0,0,0,0,0,1,0,0,0,0,0,0,0,39,3,0,0,0,0,0,0,0,0,0,0,0,0,0,0,0,0,0,14,1,0,0,0,0,4,0,0,0,0,0,0,1,0,0,0,0,0,0,25,0,0,0,0,0,0,0,0,0,0,0,0,0,0,0,0,0,0,-1,-1,-1,-1,-1,-1,-1,-1,-1,-1,-1,-1,-1,-1,-1,-1,-1,-1,-1,-1,0,0.286573,0,54290,-1,-1,1,4,0,0,0,0,0,0,0,1
2,1,0,0,0,0,0,0,0,0,0,0,0,0,0,0,0,1,16,2,1,0,0,0,0,0,0,0,0,0,0,0,0,0,0,0,4,16,0,0,-1,-1,-1,-1,-1,-1,-1,-1,-1,-1,-1,-1,-1,-1,-1,-1,-1,-1,-1,-1,-1,-1,-1,-1,-1,-1,-1,-1,-1,-1,-1,-1,-1,-1,-1,-1,-1,-1,-1,-1,-1,-1,-1,-1,-1,-1,-1,-1,-1,-1,-1,-1,-1,-1,-1,-1,0,0.393858,0,26496,5455,23,1,2,0,3598,0,0,0,0,0,0
1,2,0,3,0,4,0,3,0,0,0,0,0,0,0,0,0,1,74,1,2,0,0,0,0,0,0,0,0,0,0,0,0,0,0,0,7,23,0,0,0,0,0,3,0,0,0,0,0,0,0,0,0,0,0,0,0,5,0,0,0,0,0,0,0,0,0,0,0,0,0,0,0,0,0,0,0,0,0,0,0,4,0,3,0,0,0,0,0,0,0,0,0,46,0,4,0,0.579134,-1,13335,1275,185,2,2,0,16,1,0,0,0,0,1
3,0,1,4,0,3,0,2,0,0,0,0,0,0,0,0,0,1,152,2,0,0,0,0,0,0,0,0,0,0,0,0,0,0,0,0,2,10,0,0,1,0,0,4,0,0,0,0,0,0,0,0,0,0,0,0,0,26,0,0,0,0,0,0,0,0,0,0,0,0,0,0,0,0,0,0,0,0,1,0,0,3,0,2,0,0,0,0,0,0,0,0,0,116,0,2,0,0.473074,-1,16276,-1,-1,1,2,1,12171,1,0,0,0,0,1
3,0,0,3,0,0,0,0,0,0,0,0,0,0,0,0,0,1,47,2,0,0,0,0,0,0,0,0,0,0,0,0,0,0,0,0,3,13,0,0,1,0,0,3,0,0,0,0,0,0,0,0,0,0,0,0,0,34,1,0,0,0,0,0,0,0,0,0,0,0,0,0,0,0,0,10,-1,-1,-1,-1,-1,-1,-1,-1,-1,-1,-1,-1,-1,-1,-1,-1,-1,-1,-1,-1,0,0.162378,0,16625,-1,-1,1,6,2,705,1,1,0,0,0,0
2,0,0,3,0,0,0,0,0,0,0,0,0,0,0,0,0,1,42,2,0,0,0,0,0,0,0,0,0,0,0,0,0,0,0,0,6,16,0,0,0,0,0,3,0,0,0,0,0,0,0,0,0,0,0,0,0,26,0,0,0,0,0,0,0,0,0,0,0,0,0,0,0,0,0,0,-1,-1,-1,-1,-1,-1,-1,-1,-1,-1,-1,-1,-1,-1,-1,-1,-1,-1,-1,-1,0,0.25204,0,15169,-1,-1,1,4,5,241,1,0,0,0,0,1
1,0,0,1,0,0,0,0,0,0,0,0,0,0,0,0,0,1,15,1,0,0,0,0,0,0,0,0,0,0,0,0,0,0,0,0,6,14,0,0,0,0,0,1,0,0,0,0,0,0,0,0,0,0,0,0,0,1,0,0,0,0,0,0,0,0,0,0,0,0,0,0,0,0,0,0,-1,-1,-1,-1,-1,-1,-1,-1,-1,-1,-1,-1,-1,-1,-1,-1,-1,-1,-1,-1,0,0.392805,0,24446,8,356,1,2,1,14390,0,1,0,0,0,1
2,0,0,3,0,0,0,0,0,0,0,0,0,0,0,0,0,1,37,1,0,0,0,0,0,0,0,0,0,0,0,0,0,0,0,0,7,18,0,0,1,0,0,3,0,0,0,0,0,0,0,0,0,0,0,0,0,19,1,0,0,0,0,0,0,0,0,0,0,0,0,0,0,0,0,9,-1,-1,-1,-1,-1,-1,-1,-1,-1,-1,-1,-1,-1,-1,-1,-1,-1,-1,-1,-1,0,0.417627,1,46606,3711,305,1,2,1,14392,1,0,0,0,0,1
2,1,0,6,0,0,0,0,0,0,0,0,0,0,0,0,0,1,59,2,0,0,0,0,0,0,0,0,0,0,0,0,0,0,0,0,3,15,0,0,0,1,0,6,0,0,0,0,0,0,0,0,0,0,0,0,0,44,0,0,0,0,0,0,0,0,0,0,0,0,0,0,0,0,0,0,-1,-1,-1,-1,-1,-1,-1,-1,-1,-1,-1,-1,-1,-1,-1,-1,-1,-1,-1,-1,0,0.31203200000000003,0,8075,9449,45,1,4,5,299,1,0,0,0,0,0
4,1,4,3,0,3,0,2,0,0,0,0,0,0,0,0,0,1,86,2,0,0,0,0,0,0,0,0,0,0,0,0,0,0,0,0,6,17,0,0,2,1,4,3,0,3,0,2,0,0,0,0,0,0,0,0,0,69,2,1,4,0,0,3,0,2,0,0,0,0,0,0,0,0,0,55,-1,-1,-1,-1,-1,-1,-1,-1,-1,-1,-1,-1,-1,-1,-1,-1,-1,-1,-1,-1,0,0.212137,0,2830,-1,-1,1,4,1,3427,0,0,0,0,0,0
2,0,0,0,0,0,0,0,0,0,0,0,0,0,0,0,0,1,12,2,0,0,0,0,0,0,0,0,0,0,0,0,0,0,0,0,3,12,0,0,-1,-1,-1,-1,-1,-1,-1,-1,-1,-1,-1,-1,-1,-1,-1,-1,-1,-1,-1,-1,-1,-1,-1,-1,-1,-1,-1,-1,-1,-1,-1,-1,-1,-1,-1,-1,-1,-1,-1,-1,-1,-1,-1,-1,-1,-1,-1,-1,-1,-1,-1,-1,-1,-1,-1,-1,0,-1.0,0,-1,6961,709,-1,0,0,-1,0,-1,0,0,0,0
3,12,0,2,0,4,0,3,0,0,0,0,0,0,0,0,0,1,168,2,0,0,0,0,0,0,0,0,0,0,0,0,0,0,0,0,5,16,0,0,1,0,0,2,0,0,0,0,0,0,0,0,0,0,0,0,0,23,1,0,0,0,0,0,0,0,0,0,0,0,0,0,0,0,0,15,0,12,0,0,0,4,0,3,0,0,0,0,0,0,0,0,0,129,0,4,0,0.71315,0,62856,-1,-1,1,5,4,11,1,0,0,0,0,1
2,0,0,1,0,0,0,0,0,0,0,0,0,0,0,0,0,1,11,2,0,0,0,0,0,0,0,0,0,0,0,0,0,0,0,0,3,10,0,0,0,0,0,1,0,0,0,0,0,0,0,0,0,0,0,0,0,1,0,0,0,0,0,0,0,0,0,0,0,0,0,0,0,0,0,0,-1,-1,-1,-1,-1,-1,-1,-1,-1,-1,-1,-1,-1,-1,-1,-1,-1,-1,-1,-1,0,1.7835880000000002,-1,133042,5392,85,1,2,1,8,1,2,0,0,0,0
1,0,0,3,0,0,0,0,0,0,0,0,0,0,0,0,0,1,27,1,0,0,0,0,0,0,0,0,0,0,0,0,0,0,0,0,6,14,0,0,0,0,0,3,0,0,0,0,0,0,0,0,0,0,0,0,0,13,0,0,0,0,0,0,0,0,0,0,0,0,0,0,0,0,0,0,-1,-1,-1,-1,-1,-1,-1,-1,-1,-1,-1,-1,-1,-1,-1,-1,-1,-1,-1,-1,0,0.651091,0,32097,745,349,1,2,1,14391,1,0,0,0,0,1
5,1,0,4,0,0,0,0,0,0,0,0,0,0,0,0,0,1,75,1,0,0,0,0,0,0,0,0,0,0,0,0,0,0,0,0,5,18,0,0,4,1,0,4,0,0,0,0,0,0,0,0,0,0,0,0,0,57,1,0,0,0,0,0,0,0,0,0,0,0,0,0,0,0,0,9,-1,-1,-1,-1,-1,-1,-1,-1,-1,-1,-1,-1,-1,-1,-1,-1,-1,-1,-1,-1,0,0.082379,0,55660,236,128,1,4,1,2195,1,0,0,0,0,1
2,1,0,1,0,0,0,0,0,0,0,0,0,0,0,0,0,1,21,2,1,0,0,0,0,0,0,0,0,0,0,0,0,0,0,0,6,20,0,0,0,0,0,1,0,0,0,0,0,0,0,0,0,0,0,0,0,1,0,0,0,0,0,0,0,0,0,0,0,0,0,0,0,0,0,0,-1,-1,-1,-1,-1,-1,-1,-1,-1,-1,-1,-1,-1,-1,-1,-1,-1,-1,-1,-1,0,0.435142,0,39704,2571,350,1,2,1,14399,1,1,0,0,0,0
4,0,0,0,0,0,0,0,0,0,0,0,0,0,0,0,0,1,26,4,0,0,0,0,0,0,0,0,0,0,0,0,0,0,0,0,7,26,0,0,-1,-1,-1,-1,-1,-1,-1,-1,-1,-1,-1,-1,-1,-1,-1,-1,-1,-1,-1,-1,-1,-1,-1,-1,-1,-1,-1,-1,-1,-1,-1,-1,-1,-1,-1,-1,-1,-1,-1,-1,-1,-1,-1,-1,-1,-1,-1,-1,-1,-1,-1,-1,-1,-1,-1,-1,0,1.6830009999999995,1,27715,8234,-1,1,2,4,14379,1,0,0,0,0,0
4,0,0,3,0,0,0,1,0,0,0,0,0,0,0,0,0,1,61,2,0,0,0,0,0,0,0,0,0,0,0,0,0,0,0,0,6,16,0,0,0,0,0,3,0,0,0,0,0,0,0,0,0,0,0,0,0,24,0,0,0,0,0,0,0,0,0,0,0,0,0,0,0,0,0,0,2,0,0,0,0,0,0,1,0,0,0,0,0,0,0,0,0,21,0,0,0,0.279509,0,15169,-1,-1,1,4,5,54,1,0,0,0,0,1
3,0,1,3,0,1,0,0,0,0,0,0,0,0,0,0,0,1,57,2,0,0,0,0,0,0,0,0,0,0,0,0,0,0,0,0,3,15,0,0,1,0,1,3,0,0,0,0,0,0,0,0,0,0,0,0,0,38,1,0,1,0,0,0,0,0,0,0,0,0,0,0,0,0,0,19,0,0,0,0,0,1,0,0,0,0,0,0,0,0,0,0,0,4,0,1,0,0.253998,0,19679,8466,298,1,4,5,26,1,1,0,0,0,1
4,0,0,6,0,2,0,2,0,0,0,0,0,0,0,0,0,2,84,2,0,0,0,0,0,0,0,0,0,0,0,0,0,0,0,0,0,14,0,0,0,0,0,2,0,0,0,0,0,0,0,0,0,0,0,0,0,4,0,0,0,0,0,0,0,0,0,0,0,0,0,0,0,0,0,0,2,0,0,4,0,2,0,2,0,0,0,0,0,0,0,0,0,66,1,2,0,0.8279290000000001,0,23650,-1,-1,1,2,1,388,0,0,0,0,0,1
1,0,0,1,0,0,0,0,0,0,0,0,0,0,0,0,0,1,21,1,0,0,0,0,0,0,0,0,0,0,0,0,0,0,0,0,7,20,0,0,0,0,0,1,0,0,0,0,0,0,0,0,0,0,0,0,0,1,0,0,0,0,0,0,0,0,0,0,0,0,0,0,0,0,0,0,-1,-1,-1,-1,-1,-1,-1,-1,-1,-1,-1,-1,-1,-1,-1,-1,-1,-1,-1,-1,0,0.623488,-1,55081,174,190,1,2,1,14391,0,0,0,0,0,1
2,0,0,1,0,0,0,0,0,0,0,0,0,0,0,0,0,1,18,2,0,0,0,0,0,0,0,0,0,0,0,0,0,0,0,0,4,17,0,0,0,0,0,1,0,0,0,0,0,0,0,0,0,0,0,0,0,1,0,0,0,0,0,0,0,0,0,0,0,0,0,0,0,0,0,0,-1,-1,-1,-1,-1,-1,-1,-1,-1,-1,-1,-1,-1,-1,-1,-1,-1,-1,-1,-1,0,0.264718,0,13335,1967,223,2,2,2,297,1,1,0,0,0,0
4,1,0,5,0,0,0,0,0,0,0,0,0,0,0,0,0,1,59,3,0,0,0,0,0,0,0,0,0,0,0,0,0,0,0,0,5,20,0,0,1,1,0,5,0,0,0,0,0,0,0,0,0,0,0,0,0,39,0,0,0,0,0,0,0,0,0,0,0,0,0,0,0,0,0,0,-1,-1,-1,-1,-1,-1,-1,-1,-1,-1,-1,-1,-1,-1,-1,-1,-1,-1,-1,-1,0,0.6714600000000001,-1,16276,1529,662,1,2,1,11976,1,0,0,0,0,1
1,0,0,1,0,0,0,0,0,0,0,0,0,0,0,0,0,1,7,1,0,0,0,0,0,0,0,0,0,0,0,0,0,0,0,0,2,6,0,0,0,0,0,1,0,0,0,0,0,0,0,0,0,0,0,0,0,1,0,0,0,0,0,0,0,0,0,0,0,0,0,0,0,0,0,0,-1,-1,-1,-1,-1,-1,-1,-1,-1,-1,-1,-1,-1,-1,-1,-1,-1,-1,-1,-1,0,0.875066,-1,39032,2486,436,1,2,1,13583,1,0,0,0,0,0
1,0,0,1,0,0,0,0,0,0,0,0,0,0,0,0,0,1,21,1,0,0,0,0,0,0,0,0,0,0,0,0,0,0,0,0,8,20,0,0,0,0,0,1,0,0,0,0,0,0,0,0,0,0,0,0,0,1,0,0,0,0,0,0,0,0,0,0,0,0,0,0,0,0,0,0,-1,-1,-1,-1,-1,-1,-1,-1,-1,-1,-1,-1,-1,-1,-1,-1,-1,-1,-1,-1,0,0.498941,0,22612,136,228,1,2,1,1192,0,0,0,0,0,1
1,0,0,0,0,0,0,0,0,0,0,0,0,0,0,0,0,1,22,1,0,0,0,0,0,0,0,0,0,0,0,0,0,0,0,0,10,22,0,0,-1,-1,-1,-1,-1,-1,-1,-1,-1,-1,-1,-1,-1,-1,-1,-1,-1,-1,-1,-1,-1,-1,-1,-1,-1,-1,-1,-1,-1,-1,-1,-1,-1,-1,-1,-1,-1,-1,-1,-1,-1,-1,-1,-1,-1,-1,-1,-1,-1,-1,-1,-1,-1,-1,-1,-1,0,0.6132989999999999,0,36444,5164,313,1,2,1,590,0,0,0,0,0,0
2,1,0,1,0,0,0,0,0,0,0,0,0,0,0,0,0,1,20,2,1,0,0,0,0,0,0,0,0,0,0,0,0,0,0,0,5,19,0,0,0,0,0,1,0,0,0,0,0,0,0,0,0,0,0,0,0,1,0,0,0,0,0,0,0,0,0,0,0,0,0,0,0,0,0,0,-1,-1,-1,-1,-1,-1,-1,-1,-1,-1,-1,-1,-1,-1,-1,-1,-1,-1,-1,-1,0,0.8226450000000001,0,27647,1319,141,1,2,5,58,1,1,0,0,0,0
2,0,0,1,0,0,0,0,0,0,0,0,0,0,0,0,0,1,13,2,0,0,0,0,0,0,0,0,0,0,0,0,0,0,0,0,1,10,0,0,0,0,0,1,0,0,0,0,0,0,0,0,0,0,0,0,0,3,0,0,0,0,0,0,0,0,0,0,0,0,0,0,0,0,0,2,-1,-1,-1,-1,-1,-1,-1,-1,-1,-1,-1,-1,-1,-1,-1,-1,-1,-1,-1,-1,0,0.015854,0,20940,8701,63,2,4,3,292,1,2,0,0,0,0
2,0,0,0,0,0,0,0,0,0,0,0,0,0,0,0,0,1,16,2,0,0,0,0,0,0,0,0,0,0,0,0,0,0,0,0,4,16,0,0,-1,-1,-1,-1,-1,-1,-1,-1,-1,-1,-1,-1,-1,-1,-1,-1,-1,-1,-1,-1,-1,-1,-1,-1,-1,-1,-1,-1,-1,-1,-1,-1,-1,-1,-1,-1,-1,-1,-1,-1,-1,-1,-1,-1,-1,-1,-1,-1,-1,-1,-1,-1,-1,-1,-1,-1,0,-1.0,0,26496,4776,336,1,2,2,576,0,-1,0,0,0,0
1,0,0,3,0,0,0,0,0,0,0,0,0,0,0,0,0,1,24,1,0,0,0,0,0,0,0,0,0,0,0,0,0,0,0,0,6,17,0,0,0,0,0,3,0,0,0,0,0,0,0,0,0,0,0,0,0,7,0,0,0,0,0,0,0,0,0,0,0,0,0,0,0,0,0,0,-1,-1,-1,-1,-1,-1,-1,-1,-1,-1,-1,-1,-1,-1,-1,-1,-1,-1,-1,-1,0,1.648154,0,42910,2726,926,1,2,1,14390,1,0,0,0,0,1
3,0,0,3,0,0,0,0,0,0,0,0,0,0,0,0,0,1,57,2,0,0,0,0,0,0,0,0,0,0,0,0,0,0,0,0,11,28,0,0,1,0,0,3,0,0,0,0,0,0,0,0,0,0,0,0,0,29,1,0,0,0,0,0,0,0,0,0,0,0,0,0,0,0,0,11,-1,-1,-1,-1,-1,-1,-1,-1,-1,-1,-1,-1,-1,-1,-1,-1,-1,-1,-1,-1,0,0.457397,1,20013,4485,262,1,2,1,14391,0,0,0,0,0,1
1,0,0,1,0,0,0,0,0,0,0,0,0,0,0,0,0,1,25,1,0,0,0,0,0,0,0,0,0,0,0,0,0,0,0,0,3,11,0,0,0,0,0,1,0,0,0,0,0,0,0,0,0,0,0,0,0,14,0,0,0,0,0,0,0,0,0,0,0,0,0,0,0,0,0,13,-1,-1,-1,-1,-1,-1,-1,-1,-1,-1,-1,-1,-1,-1,-1,-1,-1,-1,-1,-1,0,0.235703,1,13414,6831,473,2,10,5,632,1,1,0,0,0,0
1,4,0,2,0,1,0,0,1,0,0,0,0,0,0,0,0,1,87,1,0,0,0,0,0,0,0,0,0,0,0,0,0,0,0,0,0,7,0,0,0,0,0,2,0,0,0,0,1,0,0,0,0,0,0,0,0,33,0,0,0,0,0,0,0,0,1,0,0,0,0,0,0,0,0,29,0,4,0,0,0,1,0,0,0,0,0,0,0,0,0,0,0,47,0,1,0,0.222978,0,8068,1828,362,1,2,0,3041,1,0,0,0,0,1
2,0,0,0,0,0,0,0,0,0,0,0,0,0,0,0,0,1,21,2,0,0,0,0,0,0,0,0,0,0,0,0,0,0,0,0,5,21,0,0,-1,-1,-1,-1,-1,-1,-1,-1,-1,-1,-1,-1,-1,-1,-1,-1,-1,-1,-1,-1,-1,-1,-1,-1,-1,-1,-1,-1,-1,-1,-1,-1,-1,-1,-1,-1,-1,-1,-1,-1,-1,-1,-1,-1,-1,-1,-1,-1,-1,-1,-1,-1,-1,-1,-1,-1,0,-1.0,0,-1,5522,321,-1,2,0,-1,0,-1,0,0,0,0
2,0,0,1,0,0,0,0,0,0,0,0,0,0,0,0,0,1,27,2,0,0,0,0,0,0,0,0,0,0,0,0,0,0,0,0,8,26,0,0,0,0,0,1,0,0,0,0,0,0,0,0,0,0,0,0,0,1,0,0,0,0,0,0,0,0,0,0,0,0,0,0,0,0,0,0,-1,-1,-1,-1,-1,-1,-1,-1,-1,-1,-1,-1,-1,-1,-1,-1,-1,-1,-1,-1,0,0.687288,0,27257,2836,85,1,2,1,21598,1,0,0,0,0,0
2,0,0,0,0,0,0,0,0,0,0,0,0,0,0,0,0,1,19,2,0,0,0,0,0,0,0,0,0,0,0,0,0,0,0,0,6,19,0,0,-1,-1,-1,-1,-1,-1,-1,-1,-1,-1,-1,-1,-1,-1,-1,-1,-1,-1,-1,-1,-1,-1,-1,-1,-1,-1,-1,-1,-1,-1,-1,-1,-1,-1,-1,-1,-1,-1,-1,-1,-1,-1,-1,-1,-1,-1,-1,-1,-1,-1,-1,-1,-1,-1,-1,-1,0,0.436963,-1,15031,7155,149,1,2,1,2798,1,0,0,0,0,0
2,0,0,1,0,0,0,0,0,0,0,0,0,0,0,0,0,1,16,2,0,0,0,0,0,0,0,0,0,0,0,0,0,0,0,0,3,15,0,0,0,0,0,1,0,0,0,0,0,0,0,0,0,0,0,0,0,1,0,0,0,0,0,0,0,0,0,0,0,0,0,0,0,0,0,0,-1,-1,-1,-1,-1,-1,-1,-1,-1,-1,-1,-1,-1,-1,-1,-1,-1,-1,-1,-1,0,0.525836,0,36692,5509,334,1,3,5,294,1,0,0,0,0,0
2,1,0,3,0,0,0,0,0,0,0,0,0,0,0,0,0,1,42,1,0,0,0,0,0,0,0,0,0,0,0,0,0,0,0,0,4,11,0,0,1,1,0,3,0,0,0,0,0,0,0,0,0,0,0,0,0,31,1,0,0,0,0,0,0,0,0,0,0,0,0,0,0,0,0,12,-1,-1,-1,-1,-1,-1,-1,-1,-1,-1,-1,-1,-1,-1,-1,-1,-1,-1,-1,-1,0,2.673012,0,55660,307,57,1,2,1,14389,0,0,0,0,0,1
1,0,0,3,0,0,0,0,0,0,0,0,0,0,0,0,1,1,40,1,0,0,0,0,0,0,0,0,0,0,0,0,0,0,0,0,6,16,0,0,0,0,0,3,0,0,0,0,0,0,0,0,0,0,0,0,1,24,0,0,0,0,0,0,0,0,0,0,0,0,0,0,0,0,0,4,-1,-1,-1,-1,-1,-1,-1,-1,-1,-1,-1,-1,-1,-1,-1,-1,-1,-1,-1,-1,0,3.260883,1,46606,287,77,1,2,1,4577,0,1,0,0,0,1
1,0,0,0,0,0,0,0,0,0,0,0,0,0,0,0,0,1,14,1,0,0,0,0,0,0,0,0,0,0,0,0,0,0,0,0,4,14,0,0,-1,-1,-1,-1,-1,-1,-1,-1,-1,-1,-1,-1,-1,-1,-1,-1,-1,-1,-1,-1,-1,-1,-1,-1,-1,-1,-1,-1,-1,-1,-1,-1,-1,-1,-1,-1,-1,-1,-1,-1,-1,-1,-1,-1,-1,-1,-1,-1,-1,-1,-1,-1,-1,-1,-1,-1,0,0.031363,0,43948,5131,346,1,2,0,112,0,1,0,0,0,0
3,2,0,3,0,0,0,0,0,0,0,0,0,0,0,0,0,1,52,2,0,0,0,0,0,0,0,0,0,0,0,0,0,0,0,0,3,12,0,0,1,2,0,3,0,0,0,0,0,0,0,0,0,0,0,0,0,40,1,2,0,0,0,0,0,0,0,0,0,0,0,0,0,0,0,20,-1,-1,-1,-1,-1,-1,-1,-1,-1,-1,-1,-1,-1,-1,-1,-1,-1,-1,-1,-1,0,6.412448,0,14618,6899,-1,1,3,1,3599,1,0,0,0,0,0
2,0,0,3,0,0,0,0,0,0,0,0,0,0,0,0,0,1,45,2,0,0,0,0,0,0,0,0,0,0,0,0,0,0,0,0,6,16,0,0,0,0,0,3,0,0,0,0,0,0,0,0,0,0,0,0,0,29,0,0,0,0,0,0,0,0,0,0,0,0,0,0,0,0,0,0,-1,-1,-1,-1,-1,-1,-1,-1,-1,-1,-1,-1,-1,-1,-1,-1,-1,-1,-1,-1,0,0.264568,0,15169,-1,-1,1,4,5,129,1,0,0,0,0,1
1,0,0,1,0,0,0,0,0,0,0,0,0,0,0,0,0,1,9,1,0,0,0,0,0,0,0,0,0,0,0,0,0,0,0,0,3,8,0,0,0,0,0,1,0,0,0,0,0,0,0,0,0,0,0,0,0,1,0,0,0,0,0,0,0,0,0,0,0,0,0,0,0,0,0,0,-1,-1,-1,-1,-1,-1,-1,-1,-1,-1,-1,-1,-1,-1,-1,-1,-1,-1,-1,-1,0,0.763872,1,14618,6011,1658,2,4,1,55,1,0,0,0,0,0
1,0,0,2,0,0,0,0,0,0,0,0,0,0,0,0,0,1,26,1,0,0,0,0,0,0,0,0,0,0,0,0,0,0,0,0,5,13,0,0,0,0,0,2,0,0,0,0,0,0,0,0,0,0,0,0,0,13,0,0,0,0,0,0,0,0,0,0,0,0,0,0,0,0,0,5,-1,-1,-1,-1,-1,-1,-1,-1,-1,-1,-1,-1,-1,-1,-1,-1,-1,-1,-1,-1,0,1.209455,0,132335,5265,578,1,4,1,14390,0,1,0,0,0,1
2,0,0,1,0,0,0,0,0,0,0,0,0,0,0,0,0,1,22,2,0,0,0,0,0,0,0,0,0,0,0,0,0,0,0,0,7,21,0,0,0,0,0,1,0,0,0,0,0,0,0,0,0,0,0,0,0,1,0,0,0,0,0,0,0,0,0,0,0,0,0,0,0,0,0,0,-1,-1,-1,-1,-1,-1,-1,-1,-1,-1,-1,-1,-1,-1,-1,-1,-1,-1,-1,-1,0,1.651377,1,46606,2054,297,1,2,1,14389,1,0,0,0,0,0
1,0,0,0,0,0,0,0,0,0,0,0,0,0,0,0,0,1,7,1,0,0,0,0,0,0,0,0,0,0,0,0,0,0,0,0,1,7,0,0,-1,-1,-1,-1,-1,-1,-1,-1,-1,-1,-1,-1,-1,-1,-1,-1,-1,-1,-1,-1,-1,-1,-1,-1,-1,-1,-1,-1,-1,-1,-1,-1,-1,-1,-1,-1,-1,-1,-1,-1,-1,-1,-1,-1,-1,-1,-1,-1,-1,-1,-1,-1,-1,-1,-1,-1,0,-1.0,1,29791,8724,405,1,4,1,26,1,0,0,0,0,0
1,0,0,1,0,0,0,0,0,0,0,0,0,0,0,0,0,1,21,1,0,0,0,0,0,0,0,0,0,0,0,0,0,0,0,0,3,11,0,0,0,0,0,1,0,0,0,0,0,0,0,0,0,0,0,0,0,10,0,0,0,0,0,0,0,0,0,0,0,0,0,0,0,0,0,9,-1,-1,-1,-1,-1,-1,-1,-1,-1,-1,-1,-1,-1,-1,-1,-1,-1,-1,-1,-1,0,0.235134,1,13414,6831,473,2,12,5,61,1,1,0,0,0,0
2,0,0,0,0,0,0,0,0,0,0,0,0,0,0,0,0,1,21,2,0,0,0,0,0,0,0,0,0,0,0,0,0,0,0,0,8,21,0,0,-1,-1,-1,-1,-1,-1,-1,-1,-1,-1,-1,-1,-1,-1,-1,-1,-1,-1,-1,-1,-1,-1,-1,-1,-1,-1,-1,-1,-1,-1,-1,-1,-1,-1,-1,-1,-1,-1,-1,-1,-1,-1,-1,-1,-1,-1,-1,-1,-1,-1,-1,-1,-1,-1,-1,-1,0,11.298098,0,24638,-1,-1,1,2,1,218,1,1,0,0,0,0
4,0,3,4,0,3,0,2,0,0,0,0,0,0,0,0,0,1,234,3,0,0,0,0,0,0,0,0,0,0,0,0,0,0,0,0,6,19,0,0,1,0,2,4,0,0,0,0,0,0,0,0,0,0,0,0,0,50,1,0,0,0,0,0,0,0,0,0,0,0,0,0,0,0,0,9,0,0,1,0,0,3,0,2,0,0,0,0,0,0,0,0,0,165,0,3,0,0.157485,0,20738,1639,552,1,2,1,10648,0,1,0,0,0,1
2,1,0,1,0,0,0,0,0,0,0,0,0,0,0,0,0,1,29,2,1,0,0,0,0,0,0,0,0,0,0,0,0,0,0,0,8,28,0,0,0,0,0,1,0,0,0,0,0,0,0,0,0,0,0,0,0,1,0,0,0,0,0,0,0,0,0,0,0,0,0,0,0,0,0,0,-1,-1,-1,-1,-1,-1,-1,-1,-1,-1,-1,-1,-1,-1,-1,-1,-1,-1,-1,-1,0,2.126297,-1,135822,239,125,1,4,1,14385,1,0,1,1,0,1
3,0,0,1,0,0,0,0,0,0,0,0,0,0,0,0,0,1,15,3,0,0,0,0,0,0,0,0,0,0,0,0,0,0,0,0,2,14,0,0,0,0,0,1,0,0,0,0,0,0,0,0,0,0,0,0,0,1,0,0,0,0,0,0,0,0,0,0,0,0,0,0,0,0,0,0,-1,-1,-1,-1,-1,-1,-1,-1,-1,-1,-1,-1,-1,-1,-1,-1,-1,-1,-1,-1,0,0.648062,1,20013,-1,-1,1,2,1,7918,1,1,0,0,0,0
4,0,0,0,0,0,0,0,0,0,0,0,0,0,0,0,0,1,23,4,0,0,0,0,0,0,0,0,0,0,0,0,0,0,0,0,6,23,0,0,-1,-1,-1,-1,-1,-1,-1,-1,-1,-1,-1,-1,-1,-1,-1,-1,-1,-1,-1,-1,-1,-1,-1,-1,-1,-1,-1,-1,-1,-1,-1,-1,-1,-1,-1,-1,-1,-1,-1,-1,-1,-1,-1,-1,-1,-1,-1,-1,-1,-1,-1,-1,-1,-1,-1,-1,0,1.085512,1,20013,8120,-1,1,2,1,14387,1,0,0,0,0,0
3,0,0,3,0,0,0,0,0,0,0,0,0,0,0,0,0,1,41,2,0,0,0,0,0,0,0,0,0,0,0,0,0,0,0,0,6,18,0,0,1,0,0,3,0,0,0,0,0,0,0,0,0,0,0,0,0,23,1,0,0,0,0,0,0,0,0,0,0,0,0,0,0,0,0,9,-1,-1,-1,-1,-1,-1,-1,-1,-1,-1,-1,-1,-1,-1,-1,-1,-1,-1,-1,-1,0,0.948921,1,20013,3141,145,1,2,1,5367,1,0,0,0,0,1
2,0,0,3,0,0,0,0,0,0,0,0,0,0,0,0,0,1,35,2,0,0,0,0,0,0,0,0,0,0,0,0,0,0,0,0,8,25,0,0,0,0,0,3,0,0,0,0,0,0,0,0,0,0,0,0,0,10,0,0,0,0,0,0,0,0,0,0,0,0,0,0,0,0,0,0,-1,-1,-1,-1,-1,-1,-1,-1,-1,-1,-1,-1,-1,-1,-1,-1,-1,-1,-1,-1,0,0.462268,0,26496,4896,169,1,2,2,592,0,0,0,0,0,1
1,1,0,4,0,0,0,0,0,0,0,0,0,0,0,0,0,1,48,1,0,0,0,0,0,0,0,0,0,0,0,0,0,0,0,0,8,25,0,0,0,1,0,4,0,0,0,0,0,0,0,0,0,0,0,0,0,23,0,0,0,0,0,0,0,0,0,0,0,0,0,0,0,0,0,1,-1,-1,-1,-1,-1,-1,-1,-1,-1,-1,-1,-1,-1,-1,-1,-1,-1,-1,-1,-1,0,0.430241,0,26347,848,246,1,3,5,14387,0,1,0,0,0,1
2,1,0,5,0,0,0,0,0,0,0,0,0,0,0,0,0,1,53,1,0,0,0,0,0,0,0,0,0,0,0,0,0,0,0,0,3,14,0,0,1,1,0,5,0,0,0,0,0,0,0,0,0,0,0,0,0,39,1,0,0,0,0,0,0,0,0,0,0,0,0,0,0,0,0,11,-1,-1,-1,-1,-1,-1,-1,-1,-1,-1,-1,-1,-1,-1,-1,-1,-1,-1,-1,-1,0,-1.0,-1,9121,188,176,1,3,1,883,0,0,0,0,0,1
2,0,0,0,0,0,0,0,0,0,0,0,0,0,0,0,0,1,15,2,0,0,0,0,0,0,0,0,0,0,0,0,0,0,0,0,4,15,0,0,-1,-1,-1,-1,-1,-1,-1,-1,-1,-1,-1,-1,-1,-1,-1,-1,-1,-1,-1,-1,-1,-1,-1,-1,-1,-1,-1,-1,-1,-1,-1,-1,-1,-1,-1,-1,-1,-1,-1,-1,-1,-1,-1,-1,-1,-1,-1,-1,-1,-1,-1,-1,-1,-1,-1,-1,0,1.316632,0,20940,5558,285,1,6,2,19,1,0,0,0,0,0
2,0,0,3,0,0,0,0,0,0,0,0,0,0,0,0,0,1,38,2,0,0,0,0,0,0,0,0,0,0,0,0,0,0,0,0,6,16,0,0,0,0,0,3,0,0,0,0,0,0,0,0,0,0,0,0,0,22,0,0,0,0,0,0,0,0,0,0,0,0,0,0,0,0,0,0,-1,-1,-1,-1,-1,-1,-1,-1,-1,-1,-1,-1,-1,-1,-1,-1,-1,-1,-1,-1,0,0.187824,0,15169,-1,-1,1,4,5,298,1,0,0,0,0,1
2,3,0,3,0,0,0,0,0,0,0,0,0,0,0,0,0,1,46,1,0,0,0,0,0,0,0,0,0,0,0,0,0,0,0,0,1,7,0,0,1,3,0,3,0,0,0,0,0,0,0,0,0,0,0,0,0,39,1,3,0,0,0,0,0,0,0,0,0,0,0,0,0,0,0,30,-1,-1,-1,-1,-1,-1,-1,-1,-1,-1,-1,-1,-1,-1,-1,-1,-1,-1,-1,-1,0,0.927521,1,13335,8593,539,2,2,4,115,1,0,0,0,0,0
2,0,0,0,0,0,0,0,0,0,0,0,0,0,0,0,0,1,15,2,0,0,0,0,0,0,0,0,0,0,0,0,0,0,0,0,4,15,0,0,-1,-1,-1,-1,-1,-1,-1,-1,-1,-1,-1,-1,-1,-1,-1,-1,-1,-1,-1,-1,-1,-1,-1,-1,-1,-1,-1,-1,-1,-1,-1,-1,-1,-1,-1,-1,-1,-1,-1,-1,-1,-1,-1,-1,-1,-1,-1,-1,-1,-1,-1,-1,-1,-1,-1,-1,0,0.214033,0,13335,-1,-1,2,2,1,298,1,1,0,0,0,0
2,1,0,3,0,0,0,0,0,0,0,0,0,0,0,0,0,1,39,2,0,0,0,0,0,0,0,0,0,0,0,0,0,0,0,0,8,22,0,0,0,1,0,3,0,0,0,0,0,0,0,0,0,0,0,0,0,17,0,0,0,0,0,0,0,0,0,0,0,0,0,0,0,0,0,0,-1,-1,-1,-1,-1,-1,-1,-1,-1,-1,-1,-1,-1,-1,-1,-1,-1,-1,-1,-1,0,0.824723,-1,46606,1549,276,1,2,1,10354,1,0,0,0,0,1
2,0,0,0,0,0,0,0,0,0,0,0,0,0,0,0,0,1,30,2,0,0,0,0,0,0,0,0,0,0,0,0,0,0,0,0,8,30,0,0,-1,-1,-1,-1,-1,-1,-1,-1,-1,-1,-1,-1,-1,-1,-1,-1,-1,-1,-1,-1,-1,-1,-1,-1,-1,-1,-1,-1,-1,-1,-1,-1,-1,-1,-1,-1,-1,-1,-1,-1,-1,-1,-1,-1,-1,-1,-1,-1,-1,-1,-1,-1,-1,-1,-1,-1,0,0.32554,0,15169,-1,-1,1,4,0,281,1,0,0,0,0,0
2,0,1,1,0,0,0,0,0,0,0,0,0,0,0,0,0,1,23,1,0,0,0,0,0,0,0,0,0,0,0,0,0,0,0,0,1,8,0,0,1,0,1,1,0,0,0,0,0,0,0,0,0,0,0,0,0,15,1,0,1,0,0,0,0,0,0,0,0,0,0,0,0,0,0,14,-1,-1,-1,-1,-1,-1,-1,-1,-1,-1,-1,-1,-1,-1,-1,-1,-1,-1,-1,-1,0,1.607666,0,23352,5878,3618,1,1,1,21596,0,0,0,0,0,0
2,0,0,0,0,0,0,0,0,0,0,0,0,0,0,0,0,1,16,2,0,0,0,0,0,0,0,0,0,0,0,0,0,0,0,0,5,16,0,0,-1,-1,-1,-1,-1,-1,-1,-1,-1,-1,-1,-1,-1,-1,-1,-1,-1,-1,-1,-1,-1,-1,-1,-1,-1,-1,-1,-1,-1,-1,-1,-1,-1,-1,-1,-1,-1,-1,-1,-1,-1,-1,-1,-1,-1,-1,-1,-1,-1,-1,-1,-1,-1,-1,-1,-1,0,-1.0,-1,32592,4459,288,2,2,1,298,0,-1,0,0,0,0
3,0,0,2,0,0,0,0,0,0,0,0,0,0,0,0,0,1,34,3,0,0,0,0,0,0,0,0,0,0,0,0,0,0,0,0,5,17,0,0,0,0,0,2,0,0,0,0,0,0,0,0,0,0,0,0,0,17,0,0,0,0,0,0,0,0,0,0,0,0,0,0,0,0,0,12,-1,-1,-1,-1,-1,-1,-1,-1,-1,-1,-1,-1,-1,-1,-1,-1,-1,-1,-1,-1,0,0.889983,0,19969,-1,-1,1,2,1,14379,0,1,0,0,0,1
1,1,0,7,0,0,0,0,0,0,0,0,0,0,0,0,0,1,66,1,0,0,0,0,0,0,0,0,0,0,0,0,0,0,0,0,6,15,0,0,0,1,0,7,0,0,0,0,0,0,0,0,0,0,0,0,0,51,0,0,0,0,0,0,0,0,0,0,0,0,0,0,0,0,0,0,-1,-1,-1,-1,-1,-1,-1,-1,-1,-1,-1,-1,-1,-1,-1,-1,-1,-1,-1,-1,0,1.434362,0,33494,996,99,1,2,1,534,0,0,0,0,0,1
1,3,1,2,0,0,0,0,0,0,0,0,0,0,0,0,0,1,48,1,2,0,0,0,0,0,0,0,0,0,0,0,0,0,0,0,8,25,0,0,0,1,1,2,0,0,0,0,0,0,0,0,0,0,0,0,0,23,0,1,0,0,0,0,0,0,0,0,0,0,0,0,0,0,0,8,-1,-1,-1,-1,-1,-1,-1,-1,-1,-1,-1,-1,-1,-1,-1,-1,-1,-1,-1,-1,0,0.67069,-1,52469,38,326,1,2,1,4641,1,0,0,0,0,1
3,1,0,3,0,1,1,0,0,0,0,0,0,0,0,0,0,2,54,1,0,0,0,0,0,0,0,0,0,0,0,0,0,0,0,0,4,11,0,0,1,0,0,3,0,0,0,0,0,0,0,0,0,0,0,0,0,16,1,0,0,0,0,0,0,0,0,0,0,0,0,0,0,0,0,9,1,1,0,0,0,1,1,0,0,0,0,0,0,0,0,0,0,27,1,1,1,0.27062800000000004,-1,263753,3023,291,1,4,1,9510,0,1,0,0,0,1
3,0,0,2,0,0,0,0,0,0,0,0,0,0,0,0,0,1,36,2,0,0,0,0,0,0,0,0,0,0,0,0,0,0,0,0,5,16,0,0,1,0,0,2,0,0,0,0,0,0,0,0,0,0,0,0,0,20,1,0,0,0,0,0,0,0,0,0,0,0,0,0,0,0,0,7,-1,-1,-1,-1,-1,-1,-1,-1,-1,-1,-1,-1,-1,-1,-1,-1,-1,-1,-1,-1,0,0.8042100000000001,0,20013,1353,107,1,2,2,553,1,1,0,0,0,1
2,0,0,0,0,0,0,0,0,0,0,0,0,0,0,0,0,1,13,2,0,0,0,0,0,0,0,0,0,0,0,0,0,0,0,0,3,13,0,0,-1,-1,-1,-1,-1,-1,-1,-1,-1,-1,-1,-1,-1,-1,-1,-1,-1,-1,-1,-1,-1,-1,-1,-1,-1,-1,-1,-1,-1,-1,-1,-1,-1,-1,-1,-1,-1,-1,-1,-1,-1,-1,-1,-1,-1,-1,-1,-1,-1,-1,-1,-1,-1,-1,-1,-1,0,0.490779,-1,40034,815,279,1,2,0,298,0,0,0,0,0,0
3,2,3,6,0,1,0,0,0,0,0,0,0,0,0,0,0,1,156,2,0,0,0,0,0,0,0,0,0,0,0,0,0,0,0,0,5,19,0,0,1,1,0,6,0,0,0,0,0,0,0,0,0,0,0,0,0,63,1,0,0,0,0,0,0,0,0,0,0,0,0,0,0,0,0,10,0,1,3,0,0,1,0,0,0,0,0,0,0,0,0,0,0,74,0,1,0,0.451519,0,26347,2824,97,1,3,7,14398,0,0,0,0,0,1
2,0,0,0,0,0,0,0,0,0,0,0,0,0,0,0,0,1,12,2,0,0,0,0,0,0,0,0,0,0,0,0,0,0,0,0,1,12,0,0,-1,-1,-1,-1,-1,-1,-1,-1,-1,-1,-1,-1,-1,-1,-1,-1,-1,-1,-1,-1,-1,-1,-1,-1,-1,-1,-1,-1,-1,-1,-1,-1,-1,-1,-1,-1,-1,-1,-1,-1,-1,-1,-1,-1,-1,-1,-1,-1,-1,-1,-1,-1,-1,-1,-1,-1,0,-1.0,0,-1,3042,244,-1,0,0,-1,0,-1,0,0,0,0
2,0,0,2,0,0,0,0,0,0,0,0,0,0,0,0,0,1,33,2,0,0,0,0,0,0,0,0,0,0,0,0,0,0,0,0,6,16,0,0,0,0,0,2,0,0,0,0,0,0,0,0,0,0,0,0,0,17,0,0,0,0,0,0,0,0,0,0,0,0,0,0,0,0,0,10,-1,-1,-1,-1,-1,-1,-1,-1,-1,-1,-1,-1,-1,-1,-1,-1,-1,-1,-1,-1,0,0.125418,0,43428,-1,-1,2,5,3,0,1,2,0,0,0,0
2,0,0,2,0,0,0,0,0,0,0,0,0,0,0,0,0,1,20,2,0,0,0,0,0,0,0,0,0,0,0,0,0,0,0,0,3,14,0,0,0,0,0,2,0,0,0,0,0,0,0,0,0,0,0,0,0,6,0,0,0,0,0,0,0,0,0,0,0,0,0,0,0,0,0,0,-1,-1,-1,-1,-1,-1,-1,-1,-1,-1,-1,-1,-1,-1,-1,-1,-1,-1,-1,-1,0,0.478632,-1,36024,-1,-1,1,2,1,86397,0,0,0,0,0,1
2,0,0,1,0,3,0,2,0,0,0,0,1,0,0,0,20,1,96,2,0,0,0,0,0,0,0,0,0,0,0,0,0,0,0,0,4,14,0,0,0,0,0,1,0,0,0,0,0,0,0,0,0,0,0,0,0,7,0,0,0,0,0,0,0,0,0,0,0,0,0,0,0,0,0,6,0,0,0,0,0,3,0,2,0,0,0,0,1,0,0,0,20,75,0,2,0,0.113306,0,15169,7690,709,1,4,5,253,1,0,0,0,0,0
2,0,0,0,0,0,0,0,0,0,0,0,0,0,0,0,0,1,23,2,0,0,0,0,0,0,0,0,0,0,0,0,0,0,0,0,6,23,0,0,-1,-1,-1,-1,-1,-1,-1,-1,-1,-1,-1,-1,-1,-1,-1,-1,-1,-1,-1,-1,-1,-1,-1,-1,-1,-1,-1,-1,-1,-1,-1,-1,-1,-1,-1,-1,-1,-1,-1,-1,-1,-1,-1,-1,-1,-1,-1,-1,-1,-1,-1,-1,-1,-1,-1,-1,0,0.228524,0,15169,-1,-1,1,4,0,4,1,0,0,0,0,0
3,0,0,2,0,0,0,0,0,0,0,0,0,0,0,0,0,1,21,3,0,0,0,0,0,0,0,0,0,0,0,0,0,0,0,0,2,13,0,0,0,0,0,2,0,0,0,0,0,0,0,0,0,0,0,0,0,8,0,0,0,0,0,0,0,0,0,0,0,0,0,0,0,0,0,0,-1,-1,-1,-1,-1,-1,-1,-1,-1,-1,-1,-1,-1,-1,-1,-1,-1,-1,-1,-1,0,0.169494,0,2818,-1,2626,4,4,2,173,1,2,0,0,0,0
2,0,0,2,0,0,0,0,0,0,0,0,0,0,0,0,0,1,21,2,0,0,0,0,0,0,0,0,0,0,0,0,0,0,0,0,5,16,0,0,0,0,0,2,0,0,0,0,0,0,0,0,0,0,0,0,0,5,0,0,0,0,0,0,0,0,0,0,0,0,0,0,0,0,0,0,-1,-1,-1,-1,-1,-1,-1,-1,-1,-1,-1,-1,-1,-1,-1,-1,-1,-1,-1,-1,0,0.217372,0,31034,6035,75,1,4,1,21599,0,0,0,0,0,1
2,0,0,0,0,0,0,0,0,0,0,0,0,0,0,0,0,1,19,2,0,0,0,0,0,0,0,0,0,0,0,0,0,0,0,0,6,19,0,0,-1,-1,-1,-1,-1,-1,-1,-1,-1,-1,-1,-1,-1,-1,-1,-1,-1,-1,-1,-1,-1,-1,-1,-1,-1,-1,-1,-1,-1,-1,-1,-1,-1,-1,-1,-1,-1,-1,-1,-1,-1,-1,-1,-1,-1,-1,-1,-1,-1,-1,-1,-1,-1,-1,-1,-1,0,0.6710550000000001,-1,47264,7059,245,1,3,2,10789,1,1,0,0,0,0
3,0,0,8,0,0,0,0,0,0,0,0,0,0,0,0,0,1,94,2,0,0,0,0,0,0,0,0,0,0,0,0,0,0,0,0,2,13,0,0,1,0,0,8,0,0,0,0,0,0,0,0,0,0,0,0,0,81,1,0,0,0,0,0,0,0,0,0,0,0,0,0,0,0,0,11,-1,-1,-1,-1,-1,-1,-1,-1,-1,-1,-1,-1,-1,-1,-1,-1,-1,-1,-1,-1,0,0.104243,0,41528,1062,33,1,5,2,6510,0,0,0,0,0,1
1,0,0,0,0,0,0,0,0,0,0,0,0,0,0,0,0,1,13,1,0,0,0,0,0,0,0,0,0,0,0,0,0,0,0,0,5,13,0,0,-1,-1,-1,-1,-1,-1,-1,-1,-1,-1,-1,-1,-1,-1,-1,-1,-1,-1,-1,-1,-1,-1,-1,-1,-1,-1,-1,-1,-1,-1,-1,-1,-1,-1,-1,-1,-1,-1,-1,-1,-1,-1,-1,-1,-1,-1,-1,-1,-1,-1,-1,-1,-1,-1,-1,-1,0,1.811576,1,13335,1148,312,2,2,3,295,1,0,0,0,0,0
3,1,0,5,0,1,1,0,0,0,0,0,0,0,0,0,0,2,86,1,0,0,0,0,0,0,0,0,0,0,0,0,0,0,0,0,4,13,0,0,1,1,0,5,0,0,0,0,0,0,0,0,0,0,0,0,0,46,1,0,0,0,0,0,0,0,0,0,0,0,0,0,0,0,0,9,1,0,0,0,0,1,1,0,0,0,0,0,0,0,0,0,0,27,1,1,1,0.708412,-1,12129,2768,153,1,2,1,5746,1,1,0,0,0,1
2,0,0,3,0,0,0,0,0,0,0,0,0,0,0,0,0,1,25,1,0,0,0,0,0,0,0,0,0,0,0,0,0,0,0,0,2,8,0,0,1,0,0,3,0,0,0,0,0,0,0,0,0,0,0,0,0,17,0,0,0,0,0,0,0,0,0,0,0,0,0,0,0,0,0,0,-1,-1,-1,-1,-1,-1,-1,-1,-1,-1,-1,-1,-1,-1,-1,-1,-1,-1,-1,-1,0,0.8152729999999999,-1,52368,3338,3631,1,4,2,14391,1,0,0,0,0,1
2,1,0,6,0,0,0,0,0,0,0,0,0,0,0,0,0,1,49,2,0,0,0,0,0,0,0,0,0,0,0,0,0,0,0,0,9,19,0,0,0,1,0,6,0,0,0,0,0,0,0,0,0,0,0,0,0,30,0,0,0,0,0,0,0,0,0,0,0,0,0,0,0,0,0,0,-1,-1,-1,-1,-1,-1,-1,-1,-1,-1,-1,-1,-1,-1,-1,-1,-1,-1,-1,-1,0,1.699718,1,24446,-1,-1,1,2,1,12513,0,0,0,0,0,1
2,0,0,5,0,0,0,0,0,0,0,0,0,0,0,0,0,1,72,1,0,0,0,0,0,0,0,0,0,0,0,0,0,0,0,0,9,20,0,0,1,0,0,5,0,0,0,0,0,0,0,0,0,0,0,0,0,52,1,0,0,0,0,0,0,0,0,0,0,0,0,0,0,0,0,10,-1,-1,-1,-1,-1,-1,-1,-1,-1,-1,-1,-1,-1,-1,-1,-1,-1,-1,-1,-1,0,0.394637,-1,-1,5944,264,2,2,1,11734,1,0,0,0,0,1
2,0,0,3,0,0,0,0,0,0,0,0,0,0,0,0,0,1,63,1,0,0,0,0,0,0,0,0,0,0,0,0,0,0,0,0,4,14,0,0,1,0,0,3,0,0,0,0,0,0,0,0,0,0,0,0,0,49,1,0,0,0,0,0,0,0,0,0,0,0,0,0,0,0,0,9,-1,-1,-1,-1,-1,-1,-1,-1,-1,-1,-1,-1,-1,-1,-1,-1,-1,-1,-1,-1,0,0.377283,1,46606,432,297,1,2,1,8021,0,0,0,0,0,1
1,0,0,0,0,0,0,0,0,0,0,0,0,0,0,0,0,1,16,1,0,0,0,0,0,0,0,0,0,0,0,0,0,0,0,0,5,16,0,0,-1,-1,-1,-1,-1,-1,-1,-1,-1,-1,-1,-1,-1,-1,-1,-1,-1,-1,-1,-1,-1,-1,-1,-1,-1,-1,-1,-1,-1,-1,-1,-1,-1,-1,-1,-1,-1,-1,-1,-1,-1,-1,-1,-1,-1,-1,-1,-1,-1,-1,-1,-1,-1,-1,-1,-1,0,0.20171,1,54113,8780,349,4,2,1,295,1,1,0,0,0,0
14,1,0,5,1,8,0,12,0,0,0,0,0,0,0,0,0,1,238,1,0,0,0,0,0,0,0,0,0,0,0,0,0,0,0,0,4,11,0,0,1,1,0,5,0,0,0,0,0,0,0,0,0,0,0,0,0,31,1,0,0,0,0,0,0,0,0,0,0,0,0,0,0,0,0,6,12,0,0,0,1,8,0,12,0,0,0,0,0,0,0,0,0,196,0,3,0,0.426173,0,197695,3913,104,1,2,2,886,0,0,0,0,0,1
2,0,0,0,0,0,0,0,0,0,0,0,0,0,0,0,0,1,14,2,0,0,0,0,0,0,0,0,0,0,0,0,0,0,0,0,3,14,0,0,-1,-1,-1,-1,-1,-1,-1,-1,-1,-1,-1,-1,-1,-1,-1,-1,-1,-1,-1,-1,-1,-1,-1,-1,-1,-1,-1,-1,-1,-1,-1,-1,-1,-1,-1,-1,-1,-1,-1,-1,-1,-1,-1,-1,-1,-1,-1,-1,-1,-1,-1,-1,-1,-1,-1,-1,0,0.394351,0,23352,4844,268,1,2,1,14391,1,0,0,0,0,0
2,0,0,0,0,0,0,0,0,0,0,0,0,0,0,0,0,1,25,2,0,0,0,0,0,0,0,0,0,0,0,0,0,0,0,0,8,25,0,0,-1,-1,-1,-1,-1,-1,-1,-1,-1,-1,-1,-1,-1,-1,-1,-1,-1,-1,-1,-1,-1,-1,-1,-1,-1,-1,-1,-1,-1,-1,-1,-1,-1,-1,-1,-1,-1,-1,-1,-1,-1,-1,-1,-1,-1,-1,-1,-1,-1,-1,-1,-1,-1,-1,-1,-1,0,-1.0,0,-1,-1,-1,-1,4,0,-1,0,-1,0,0,0,0
1,0,0,2,0,0,0,0,0,0,0,0,0,0,0,0,0,1,28,1,0,0,0,0,0,0,0,0,0,0,0,0,0,0,0,0,4,13,0,0,0,0,0,2,0,0,0,0,0,0,0,0,0,0,0,0,0,15,0,0,0,0,0,0,0,0,0,0,0,0,0,0,0,0,0,5,-1,-1,-1,-1,-1,-1,-1,-1,-1,-1,-1,-1,-1,-1,-1,-1,-1,-1,-1,-1,0,0.809933,-1,17054,2302,253,1,4,1,291,0,0,0,0,0,1
2,0,0,2,0,0,0,0,0,0,0,0,0,0,0,0,0,1,63,2,0,0,0,0,0,0,0,0,0,0,0,0,0,0,0,0,12,30,0,0,0,0,0,2,0,0,0,0,0,0,0,0,0,0,0,0,0,33,0,0,0,0,0,0,0,0,0,0,0,0,0,0,0,0,0,0,-1,-1,-1,-1,-1,-1,-1,-1,-1,-1,-1,-1,-1,-1,-1,-1,-1,-1,-1,-1,0,0.557429,1,20013,2615,2133,1,2,1,10739,1,0,0,0,0,1
1,0,0,0,0,0,0,0,0,0,0,0,0,0,0,0,0,1,17,1,0,0,0,0,0,0,0,0,0,0,0,0,0,0,0,0,6,17,0,0,-1,-1,-1,-1,-1,-1,-1,-1,-1,-1,-1,-1,-1,-1,-1,-1,-1,-1,-1,-1,-1,-1,-1,-1,-1,-1,-1,-1,-1,-1,-1,-1,-1,-1,-1,-1,-1,-1,-1,-1,-1,-1,-1,-1,-1,-1,-1,-1,-1,-1,-1,-1,-1,-1,-1,-1,0,-1.0,0,-1,-1,-1,-1,4,0,-1,0,-1,0,0,0,0
2,0,0,2,0,0,0,0,0,0,0,0,0,0,0,0,0,1,18,2,0,0,0,0,0,0,0,0,0,0,0,0,0,0,0,0,3,14,0,0,0,0,0,2,0,0,0,0,0,0,0,0,0,0,0,0,0,4,0,0,0,0,0,0,0,0,0,0,0,0,0,0,0,0,0,0,-1,-1,-1,-1,-1,-1,-1,-1,-1,-1,-1,-1,-1,-1,-1,-1,-1,-1,-1,-1,0,0.361821,0,395082,6455,118,1,2,2,10799,0,0,0,0,0,0
2,0,0,0,0,0,0,0,0,0,0,0,0,0,0,0,0,1,14,2,0,0,0,0,0,0,0,0,0,0,0,0,0,0,0,0,3,14,0,0,-1,-1,-1,-1,-1,-1,-1,-1,-1,-1,-1,-1,-1,-1,-1,-1,-1,-1,-1,-1,-1,-1,-1,-1,-1,-1,-1,-1,-1,-1,-1,-1,-1,-1,-1,-1,-1,-1,-1,-1,-1,-1,-1,-1,-1,-1,-1,-1,-1,-1,-1,-1,-1,-1,-1,-1,0,0.252361,0,395082,6455,118,1,2,2,10799,0,0,0,0,0,0
2,0,0,1,0,0,0,0,0,0,0,0,0,0,0,0,0,1,25,2,0,0,0,0,0,0,0,0,0,0,0,0,0,0,0,0,6,24,0,0,0,0,0,1,0,0,0,0,0,0,0,0,0,0,0,0,0,1,0,0,0,0,0,0,0,0,0,0,0,0,0,0,0,0,0,0,-1,-1,-1,-1,-1,-1,-1,-1,-1,-1,-1,-1,-1,-1,-1,-1,-1,-1,-1,-1,0,0.301997,0,47583,-1,-1,1,1,1,58,1,0,0,0,0,1
3,0,0,3,0,0,0,0,0,0,1,0,0,0,0,0,0,1,43,2,0,0,0,0,0,0,0,0,0,0,0,0,0,0,0,0,8,20,0,0,1,0,0,3,0,0,0,0,0,0,1,0,0,0,0,0,0,23,1,0,0,0,0,0,0,0,0,0,0,0,0,0,0,0,0,10,-1,-1,-1,-1,-1,-1,-1,-1,-1,-1,-1,-1,-1,-1,-1,-1,-1,-1,-1,-1,0,0.32013600000000003,0,19066,-1,-1,1,2,1,7530,1,0,0,0,0,1
1,0,0,4,0,0,0,0,0,0,0,0,0,0,0,0,0,1,30,1,0,0,0,0,0,0,0,0,0,0,0,0,0,0,0,0,5,15,0,0,0,0,0,4,0,0,0,0,0,0,0,0,0,0,0,0,0,15,0,0,0,0,0,0,0,0,0,0,0,0,0,0,0,0,0,0,-1,-1,-1,-1,-1,-1,-1,-1,-1,-1,-1,-1,-1,-1,-1,-1,-1,-1,-1,-1,0,1.424346,0,24323,605,124,1,4,0,86391,0,0,0,0,0,1
1,6,0,1,0,0,0,0,0,0,0,0,0,0,0,0,0,1,45,1,0,0,0,0,0,0,0,0,0,0,0,0,0,0,0,0,3,10,0,0,0,6,0,1,0,0,0,0,0,0,0,0,0,0,0,0,0,35,0,6,0,0,0,0,0,0,0,0,0,0,0,0,0,0,0,34,-1,-1,-1,-1,-1,-1,-1,-1,-1,-1,-1,-1,-1,-1,-1,-1,-1,-1,-1,-1,0,0.173786,0,62041,-1,-1,2,4,0,266,1,1,0,0,0,1
2,0,0,0,0,0,0,0,0,0,0,0,0,0,0,0,0,1,16,2,0,0,0,0,0,0,0,0,0,0,0,0,0,0,0,0,4,16,0,0,-1,-1,-1,-1,-1,-1,-1,-1,-1,-1,-1,-1,-1,-1,-1,-1,-1,-1,-1,-1,-1,-1,-1,-1,-1,-1,-1,-1,-1,-1,-1,-1,-1,-1,-1,-1,-1,-1,-1,-1,-1,-1,-1,-1,-1,-1,-1,-1,-1,-1,-1,-1,-1,-1,-1,-1,0,0.609478,0,26496,4131,251,1,2,0,3598,0,0,0,0,0,0
3,0,0,3,0,0,0,0,0,0,0,0,0,0,0,0,0,1,31,3,0,0,0,0,0,0,0,0,0,0,0,0,0,0,0,0,4,17,0,0,0,0,0,3,0,0,0,0,0,0,0,0,0,0,0,0,0,14,0,0,0,0,0,0,0,0,0,0,0,0,0,0,0,0,0,0,-1,-1,-1,-1,-1,-1,-1,-1,-1,-1,-1,-1,-1,-1,-1,-1,-1,-1,-1,-1,0,0.996547,0,16397,5981,1323,-1,4,1,-1,1,3,0,0,0,1
2,0,0,0,0,0,0,0,0,0,0,0,0,0,0,0,0,1,17,2,0,0,0,0,0,0,0,0,0,0,0,0,0,0,0,0,3,17,0,0,-1,-1,-1,-1,-1,-1,-1,-1,-1,-1,-1,-1,-1,-1,-1,-1,-1,-1,-1,-1,-1,-1,-1,-1,-1,-1,-1,-1,-1,-1,-1,-1,-1,-1,-1,-1,-1,-1,-1,-1,-1,-1,-1,-1,-1,-1,-1,-1,-1,-1,-1,-1,-1,-1,-1,-1,0,0.317398,0,15169,-1,-1,1,4,0,148,1,0,0,0,0,0
2,0,0,3,0,1,0,0,0,0,0,0,0,0,0,0,0,2,27,1,0,0,0,0,0,0,0,0,0,0,0,0,0,0,0,0,4,10,0,0,1,0,0,3,0,1,0,0,0,0,0,0,0,0,0,0,0,17,0,0,0,0,0,0,0,0,0,0,0,0,0,0,0,0,0,0,-1,-1,-1,-1,-1,-1,-1,-1,-1,-1,-1,-1,-1,-1,-1,-1,-1,-1,-1,-1,0,0.022388,-1,41828,209,155,1,2,1,5864,0,0,0,0,0,1
2,0,0,3,0,0,0,0,0,0,0,0,0,0,0,0,0,1,47,2,0,0,0,0,0,0,0,0,0,0,0,0,0,0,0,0,6,16,0,0,0,0,0,3,0,0,0,0,0,0,0,0,0,0,0,0,0,31,0,0,0,0,0,0,0,0,0,0,0,0,0,0,0,0,0,0,-1,-1,-1,-1,-1,-1,-1,-1,-1,-1,-1,-1,-1,-1,-1,-1,-1,-1,-1,-1,0,0.188883,0,15169,-1,-1,1,4,5,172,1,0,0,0,0,1
2,0,0,2,0,0,0,0,0,0,0,0,0,0,0,0,0,1,38,2,0,0,0,0,0,0,0,0,0,0,0,0,0,0,0,0,8,27,0,0,0,0,0,2,0,0,0,0,0,0,0,0,0,0,0,0,0,11,0,0,0,0,0,0,0,0,0,0,0,0,0,0,0,0,0,0,-1,-1,-1,-1,-1,-1,-1,-1,-1,-1,-1,-1,-1,-1,-1,-1,-1,-1,-1,-1,0,1.043928,0,22611,5649,194,1,2,7,14260,0,1,0,0,0,1
1,0,0,1,0,0,0,0,0,0,0,0,0,0,0,0,0,1,18,1,0,0,0,0,0,0,0,0,0,0,0,0,0,0,0,0,7,17,0,0,0,0,0,1,0,0,0,0,0,0,0,0,0,0,0,0,0,1,0,0,0,0,0,0,0,0,0,0,0,0,0,0,0,0,0,0,-1,-1,-1,-1,-1,-1,-1,-1,-1,-1,-1,-1,-1,-1,-1,-1,-1,-1,-1,-1,0,0.896027,0,14061,3963,785,1,3,5,1791,1,0,0,0,0,0
2,0,0,0,0,0,0,0,0,0,0,0,0,0,0,0,0,1,20,2,0,0,0,0,0,0,0,0,0,0,0,0,0,0,0,0,7,20,0,0,-1,-1,-1,-1,-1,-1,-1,-1,-1,-1,-1,-1,-1,-1,-1,-1,-1,-1,-1,-1,-1,-1,-1,-1,-1,-1,-1,-1,-1,-1,-1,-1,-1,-1,-1,-1,-1,-1,-1,-1,-1,-1,-1,-1,-1,-1,-1,-1,-1,-1,-1,-1,-1,-1,-1,-1,0,5.6351010000000015,0,31815,5735,1204,1,2,1,21598,0,0,0,0,0,0
1,1,0,6,0,0,0,0,0,0,0,0,0,0,0,0,0,1,60,1,0,0,0,0,0,0,0,0,0,0,0,0,0,0,0,0,6,22,0,0,0,1,0,6,0,0,0,0,0,0,0,0,0,0,0,0,0,38,0,0,0,0,0,0,0,0,0,0,0,0,0,0,0,0,0,0,-1,-1,-1,-1,-1,-1,-1,-1,-1,-1,-1,-1,-1,-1,-1,-1,-1,-1,-1,-1,0,2.163958,0,-1,1351,109,1,2,3,14385,1,1,0,0,0,1
2,1,0,0,0,0,0,0,0,0,0,0,0,0,0,0,0,1,26,2,1,0,0,0,0,0,0,0,0,0,0,0,0,0,0,0,8,26,0,0,-1,-1,-1,-1,-1,-1,-1,-1,-1,-1,-1,-1,-1,-1,-1,-1,-1,-1,-1,-1,-1,-1,-1,-1,-1,-1,-1,-1,-1,-1,-1,-1,-1,-1,-1,-1,-1,-1,-1,-1,-1,-1,-1,-1,-1,-1,-1,-1,-1,-1,-1,-1,-1,-1,-1,-1,0,0.435182,0,15169,-1,-1,1,4,0,292,1,0,0,0,0,0
2,0,1,5,0,0,0,0,0,0,0,0,0,0,0,0,0,1,55,1,0,0,0,0,0,0,0,0,0,0,0,0,0,0,0,0,10,25,0,0,1,0,1,5,0,0,0,0,0,0,0,0,0,0,0,0,0,30,1,0,0,0,0,0,0,0,0,0,0,0,0,0,0,0,0,6,-1,-1,-1,-1,-1,-1,-1,-1,-1,-1,-1,-1,-1,-1,-1,-1,-1,-1,-1,-1,0,0.233196,1,34619,1577,248,1,2,0,349,0,0,0,0,0,1
1,0,0,0,0,0,0,0,0,0,0,0,0,0,0,0,0,1,9,1,0,0,0,0,0,0,0,0,0,0,0,0,0,0,0,0,3,9,0,0,-1,-1,-1,-1,-1,-1,-1,-1,-1,-1,-1,-1,-1,-1,-1,-1,-1,-1,-1,-1,-1,-1,-1,-1,-1,-1,-1,-1,-1,-1,-1,-1,-1,-1,-1,-1,-1,-1,-1,-1,-1,-1,-1,-1,-1,-1,-1,-1,-1,-1,-1,-1,-1,-1,-1,-1,0,4.322858,0,13335,4560,164,2,2,0,293,1,0,0,0,0,0
2,0,0,3,0,0,0,0,0,0,0,0,0,0,0,0,0,1,35,2,0,0,0,0,0,0,0,0,0,0,0,0,0,0,0,0,6,16,0,0,0,0,0,3,0,0,0,0,0,0,0,0,0,0,0,0,0,19,0,0,0,0,0,0,0,0,0,0,0,0,0,0,0,0,0,0,-1,-1,-1,-1,-1,-1,-1,-1,-1,-1,-1,-1,-1,-1,-1,-1,-1,-1,-1,-1,0,0.284714,0,15169,-1,-1,1,4,5,292,1,0,0,0,0,1
3,0,0,2,0,0,0,0,0,0,0,0,0,0,0,0,0,1,31,2,0,0,0,0,0,0,0,0,0,0,0,0,0,0,0,0,5,16,0,0,1,0,0,2,0,0,0,0,0,0,0,0,0,0,0,0,0,15,0,0,0,0,0,0,0,0,0,0,0,0,0,0,0,0,0,0,-1,-1,-1,-1,-1,-1,-1,-1,-1,-1,-1,-1,-1,-1,-1,-1,-1,-1,-1,-1,0,0.26417,0,32934,7858,3465,1,2,1,104,1,0,0,0,0,0
1,0,0,2,0,0,0,0,0,0,0,0,0,0,0,0,0,1,67,1,0,0,0,0,0,0,0,0,0,0,0,0,0,0,0,0,6,16,0,0,0,0,0,2,0,0,0,0,0,0,0,0,0,0,0,0,0,11,0,0,0,0,0,0,0,0,0,0,0,0,0,0,0,0,0,0,0,0,0,0,0,0,0,0,0,0,0,0,0,0,0,0,0,40,0,0,0,0.1923,1,20013,3178,108,1,2,1,1780,1,1,0,0,0,1
2,3,0,4,0,0,0,0,0,0,0,0,0,0,0,0,0,1,89,1,0,0,0,0,0,0,0,0,0,0,0,0,0,0,0,0,3,10,0,0,1,3,0,4,0,0,0,0,0,0,0,0,0,0,0,0,0,79,1,0,0,0,0,0,0,0,0,0,0,0,0,0,0,0,0,26,-1,-1,-1,-1,-1,-1,-1,-1,-1,-1,-1,-1,-1,-1,-1,-1,-1,-1,-1,-1,0,0.066352,-1,50474,2879,42,1,2,1,11618,0,0,0,0,0,1
4,7,1,7,0,0,0,0,0,0,0,0,0,0,0,0,0,1,156,4,6,0,0,0,0,0,0,0,0,0,0,0,0,0,0,0,21,87,0,0,0,1,1,7,0,0,0,0,0,0,0,0,0,0,0,0,0,69,0,0,0,0,0,0,0,0,0,0,0,0,0,0,0,0,0,0,-1,-1,-1,-1,-1,-1,-1,-1,-1,-1,-1,-1,-1,-1,-1,-1,-1,-1,-1,-1,0,0.283463,1,27823,-1,-1,1,2,2,14388,0,1,0,0,0,1
4,1,2,5,0,2,0,1,0,0,0,0,0,0,0,0,0,1,106,2,0,0,0,0,0,0,0,0,0,0,0,0,0,0,0,0,8,25,0,0,0,1,1,5,0,0,0,0,0,0,0,0,0,0,0,0,0,54,0,0,0,0,0,0,0,0,0,0,0,0,0,0,0,0,0,0,2,0,1,0,0,2,0,1,0,0,0,0,0,0,0,0,0,27,0,2,0,0.752426,0,55803,-1,-1,1,2,5,14391,1,0,0,0,0,1
1,0,0,1,0,0,0,0,0,0,0,0,0,0,0,0,0,1,19,1,0,0,0,0,0,0,0,0,0,0,0,0,0,0,0,0,7,18,0,0,0,0,0,1,0,0,0,0,0,0,0,0,0,0,0,0,0,1,0,0,0,0,0,0,0,0,0,0,0,0,0,0,0,0,0,0,-1,-1,-1,-1,-1,-1,-1,-1,-1,-1,-1,-1,-1,-1,-1,-1,-1,-1,-1,-1,0,0.340277,-1,16509,2253,1763,4,4,0,52,1,2,0,0,0,0
2,0,0,0,0,0,0,0,0,0,0,0,0,0,0,0,0,1,12,2,0,0,0,0,0,0,0,0,0,0,0,0,0,0,0,0,3,12,0,0,-1,-1,-1,-1,-1,-1,-1,-1,-1,-1,-1,-1,-1,-1,-1,-1,-1,-1,-1,-1,-1,-1,-1,-1,-1,-1,-1,-1,-1,-1,-1,-1,-1,-1,-1,-1,-1,-1,-1,-1,-1,-1,-1,-1,-1,-1,-1,-1,-1,-1,-1,-1,-1,-1,-1,-1,0,0.230741,0,54113,8443,321,1,6,1,1798,1,1,0,0,0,0
2,0,0,4,0,0,0,0,0,0,0,0,0,0,0,0,0,1,48,2,0,0,0,0,0,0,0,0,0,0,0,0,0,0,0,0,5,19,0,0,0,0,0,4,0,0,0,0,0,0,0,0,0,0,0,0,0,29,0,0,0,0,0,0,0,0,0,0,0,0,0,0,0,0,0,2,-1,-1,-1,-1,-1,-1,-1,-1,-1,-1,-1,-1,-1,-1,-1,-1,-1,-1,-1,-1,0,0.764588,0,13335,6214,359,2,2,3,283,1,2,0,0,0,0
1,0,0,5,0,0,0,0,0,0,0,0,0,0,0,0,0,1,40,1,0,0,0,0,0,0,0,0,0,0,0,0,0,0,0,0,6,19,0,0,0,0,0,5,0,0,0,0,0,0,0,0,0,0,0,0,0,21,0,0,0,0,0,0,0,0,0,0,0,0,0,0,0,0,0,0,-1,-1,-1,-1,-1,-1,-1,-1,-1,-1,-1,-1,-1,-1,-1,-1,-1,-1,-1,-1,0,3.020489,-1,19551,1445,1111,2,2,1,4749,1,1,0,0,0,1
5,0,0,1,0,11,0,10,0,0,0,0,0,0,0,0,4,2,236,2,0,0,0,0,0,0,0,0,0,0,0,0,0,0,0,0,4,14,0,0,0,0,0,1,0,0,0,0,0,0,0,0,0,0,0,0,0,4,0,0,0,0,0,0,0,0,0,0,0,0,0,0,0,0,0,3,3,0,0,0,0,11,0,10,0,0,0,0,0,0,0,0,4,218,1,10,0,0.15679400000000002,0,15169,7656,743,1,4,5,93,1,0,0,0,0,1
2,0,0,0,0,0,0,0,0,0,0,0,0,0,0,0,0,1,18,2,0,0,0,0,0,0,0,0,0,0,0,0,0,0,0,0,5,18,0,0,-1,-1,-1,-1,-1,-1,-1,-1,-1,-1,-1,-1,-1,-1,-1,-1,-1,-1,-1,-1,-1,-1,-1,-1,-1,-1,-1,-1,-1,-1,-1,-1,-1,-1,-1,-1,-1,-1,-1,-1,-1,-1,-1,-1,-1,-1,-1,-1,-1,-1,-1,-1,-1,-1,-1,-1,0,-1.0,0,-1,7638,30,-1,2,0,-1,0,-1,0,0,0,0
2,1,1,3,0,0,0,0,0,0,0,0,0,0,0,0,0,1,49,2,0,0,0,0,0,0,0,0,0,0,0,0,0,0,0,0,7,24,0,0,0,1,1,3,0,0,0,0,0,0,0,0,0,0,0,0,0,25,0,0,0,0,0,0,0,0,0,0,0,0,0,0,0,0,0,0,-1,-1,-1,-1,-1,-1,-1,-1,-1,-1,-1,-1,-1,-1,-1,-1,-1,-1,-1,-1,0,0.114313,0,6697,-1,-1,1,2,1,2921,1,0,0,0,0,1
2,0,0,0,0,0,0,0,0,0,0,0,0,0,0,0,0,1,18,2,0,0,0,0,0,0,0,0,0,0,0,0,0,0,0,0,5,18,0,0,-1,-1,-1,-1,-1,-1,-1,-1,-1,-1,-1,-1,-1,-1,-1,-1,-1,-1,-1,-1,-1,-1,-1,-1,-1,-1,-1,-1,-1,-1,-1,-1,-1,-1,-1,-1,-1,-1,-1,-1,-1,-1,-1,-1,-1,-1,-1,-1,-1,-1,-1,-1,-1,-1,-1,-1,0,0.546845,0,6354,-1,-1,1,5,3,296,0,0,0,0,0,0
2,0,0,0,0,0,0,0,0,0,0,0,0,0,0,0,0,1,13,2,0,0,0,0,0,0,0,0,0,0,0,0,0,0,0,0,4,13,0,0,-1,-1,-1,-1,-1,-1,-1,-1,-1,-1,-1,-1,-1,-1,-1,-1,-1,-1,-1,-1,-1,-1,-1,-1,-1,-1,-1,-1,-1,-1,-1,-1,-1,-1,-1,-1,-1,-1,-1,-1,-1,-1,-1,-1,-1,-1,-1,-1,-1,-1,-1,-1,-1,-1,-1,-1,0,0.410826,1,46606,-1,-1,1,2,1,11051,0,0,0,0,0,0
6,1,0,4,0,0,0,0,0,0,0,0,0,0,0,0,0,2,68,2,0,0,0,0,0,0,0,0,0,0,0,0,0,0,0,0,7,24,0,0,4,1,0,4,0,0,0,0,0,0,0,0,0,0,0,0,0,44,1,0,0,0,0,0,0,0,0,0,0,0,0,0,0,0,0,8,-1,-1,-1,-1,-1,-1,-1,-1,-1,-1,-1,-1,-1,-1,-1,-1,-1,-1,-1,-1,0,1.4601,0,13335,1787,769,2,2,0,51,1,3,0,0,0,1
2,0,0,1,0,0,0,0,0,0,0,0,0,0,0,0,0,1,14,2,0,0,0,0,0,0,0,0,0,0,0,0,0,0,0,0,3,13,0,0,0,0,0,1,0,0,0,0,0,0,0,0,0,0,0,0,0,1,0,0,0,0,0,0,0,0,0,0,0,0,0,0,0,0,0,0,-1,-1,-1,-1,-1,-1,-1,-1,-1,-1,-1,-1,-1,-1,-1,-1,-1,-1,-1,-1,0,0.893193,0,23352,3272,379,1,2,2,21597,0,0,0,0,0,0
2,0,0,0,0,0,0,0,0,0,0,0,0,0,0,0,0,1,25,2,0,0,0,0,0,0,0,0,0,0,0,0,0,0,0,0,9,25,0,0,-1,-1,-1,-1,-1,-1,-1,-1,-1,-1,-1,-1,-1,-1,-1,-1,-1,-1,-1,-1,-1,-1,-1,-1,-1,-1,-1,-1,-1,-1,-1,-1,-1,-1,-1,-1,-1,-1,-1,-1,-1,-1,-1,-1,-1,-1,-1,-1,-1,-1,-1,-1,-1,-1,-1,-1,0,0.728704,0,24638,-1,-1,1,2,1,194,1,2,0,0,0,0
1,0,0,1,0,0,0,0,0,0,0,0,0,0,0,0,0,1,11,1,0,0,0,0,0,0,0,0,0,0,0,0,0,0,0,0,4,10,0,0,0,0,0,1,0,0,0,0,0,0,0,0,0,0,0,0,0,1,0,0,0,0,0,0,0,0,0,0,0,0,0,0,0,0,0,0,-1,-1,-1,-1,-1,-1,-1,-1,-1,-1,-1,-1,-1,-1,-1,-1,-1,-1,-1,-1,0,0.345868,0,47583,-1,-1,1,2,0,23,0,0,0,0,0,1
2,0,0,0,0,0,0,0,0,0,0,0,0,0,0,0,0,1,16,2,0,0,0,0,0,0,0,0,0,0,0,0,0,0,0,0,4,16,0,0,-1,-1,-1,-1,-1,-1,-1,-1,-1,-1,-1,-1,-1,-1,-1,-1,-1,-1,-1,-1,-1,-1,-1,-1,-1,-1,-1,-1,-1,-1,-1,-1,-1,-1,-1,-1,-1,-1,-1,-1,-1,-1,-1,-1,-1,-1,-1,-1,-1,-1,-1,-1,-1,-1,-1,-1,0,0.5501689999999999,0,13335,178,186,2,2,0,298,1,0,0,0,0,0
2,0,0,0,0,0,0,0,0,0,0,0,0,0,0,0,0,1,10,2,0,0,0,0,0,0,0,0,0,0,0,0,0,0,0,0,2,10,0,0,-1,-1,-1,-1,-1,-1,-1,-1,-1,-1,-1,-1,-1,-1,-1,-1,-1,-1,-1,-1,-1,-1,-1,-1,-1,-1,-1,-1,-1,-1,-1,-1,-1,-1,-1,-1,-1,-1,-1,-1,-1,-1,-1,-1,-1,-1,-1,-1,-1,-1,-1,-1,-1,-1,-1,-1,0,0.555297,0,32244,-1,-1,1,5,1,3590,0,1,0,0,0,0
2,0,0,0,0,0,0,0,0,0,0,0,0,0,0,0,0,1,21,2,0,0,0,0,0,0,0,0,0,0,0,0,0,0,0,0,6,21,0,0,-1,-1,-1,-1,-1,-1,-1,-1,-1,-1,-1,-1,-1,-1,-1,-1,-1,-1,-1,-1,-1,-1,-1,-1,-1,-1,-1,-1,-1,-1,-1,-1,-1,-1,-1,-1,-1,-1,-1,-1,-1,-1,-1,-1,-1,-1,-1,-1,-1,-1,-1,-1,-1,-1,-1,-1,0,0.388469,0,15169,-1,-1,1,4,0,292,1,0,0,0,0,0
2,0,2,2,0,0,0,0,0,0,0,0,0,0,0,0,0,1,48,1,0,0,0,0,0,0,0,0,0,0,0,0,0,0,0,0,7,17,0,0,1,0,2,2,0,0,0,0,0,0,0,0,0,0,0,0,0,31,1,0,0,0,0,0,0,0,0,0,0,0,0,0,0,0,0,21,-1,-1,-1,-1,-1,-1,-1,-1,-1,-1,-1,-1,-1,-1,-1,-1,-1,-1,-1,-1,0,0.184421,0,200719,379,350,1,4,0,591,0,2,0,0,0,1
4,0,0,1,0,0,0,0,0,0,0,0,0,0,0,0,0,1,31,4,0,0,0,0,0,0,0,0,0,0,0,0,0,0,0,0,9,30,0,0,0,0,0,1,0,0,0,0,0,0,0,0,0,0,0,0,0,1,0,0,0,0,0,0,0,0,0,0,0,0,0,0,0,0,0,0,-1,-1,-1,-1,-1,-1,-1,-1,-1,-1,-1,-1,-1,-1,-1,-1,-1,-1,-1,-1,0,0.254514,0,395082,-1,-1,1,7,1,1563,0,0,0,0,0,1
2,0,0,0,0,0,0,0,0,0,0,0,0,0,0,0,0,1,18,2,0,0,0,0,0,0,0,0,0,0,0,0,0,0,0,0,5,18,0,0,-1,-1,-1,-1,-1,-1,-1,-1,-1,-1,-1,-1,-1,-1,-1,-1,-1,-1,-1,-1,-1,-1,-1,-1,-1,-1,-1,-1,-1,-1,-1,-1,-1,-1,-1,-1,-1,-1,-1,-1,-1,-1,-1,-1,-1,-1,-1,-1,-1,-1,-1,-1,-1,-1,-1,-1,0,0.292434,0,15169,-1,-1,1,4,0,91,1,0,0,0,0,0
3,0,0,1,0,0,0,0,0,0,0,0,0,0,0,0,0,1,27,3,0,0,0,0,0,0,0,0,0,0,0,0,0,0,0,0,3,18,0,0,0,0,0,1,0,0,0,0,0,0,0,0,0,0,0,0,0,9,0,0,0,0,0,0,0,0,0,0,0,0,0,0,0,0,0,8,-1,-1,-1,-1,-1,-1,-1,-1,-1,-1,-1,-1,-1,-1,-1,-1,-1,-1,-1,-1,0,1.342435,0,262651,2031,159,1,2,2,21596,0,1,0,0,0,0
2,0,0,0,0,0,0,0,0,0,0,0,0,0,0,0,0,1,15,2,0,0,0,0,0,0,0,0,0,0,0,0,0,0,0,0,4,15,0,0,-1,-1,-1,-1,-1,-1,-1,-1,-1,-1,-1,-1,-1,-1,-1,-1,-1,-1,-1,-1,-1,-1,-1,-1,-1,-1,-1,-1,-1,-1,-1,-1,-1,-1,-1,-1,-1,-1,-1,-1,-1,-1,-1,-1,-1,-1,-1,-1,-1,-1,-1,-1,-1,-1,-1,-1,0,0.4906930000000001,1,20013,7531,137,1,2,1,14392,1,0,0,0,0,0
1,0,0,0,0,0,0,0,0,0,0,0,0,0,0,0,0,1,10,1,0,0,0,0,0,0,0,0,0,0,0,0,0,0,0,0,3,10,0,0,-1,-1,-1,-1,-1,-1,-1,-1,-1,-1,-1,-1,-1,-1,-1,-1,-1,-1,-1,-1,-1,-1,-1,-1,-1,-1,-1,-1,-1,-1,-1,-1,-1,-1,-1,-1,-1,-1,-1,-1,-1,-1,-1,-1,-1,-1,-1,-1,-1,-1,-1,-1,-1,-1,-1,-1,0,0.30809000000000003,-1,31252,1303,157,1,2,1,21597,0,1,0,0,0,0
2,0,0,0,0,0,0,0,0,0,0,0,0,0,0,0,0,1,13,2,0,0,0,0,0,0,0,0,0,0,0,0,0,0,0,0,2,13,0,0,-1,-1,-1,-1,-1,-1,-1,-1,-1,-1,-1,-1,-1,-1,-1,-1,-1,-1,-1,-1,-1,-1,-1,-1,-1,-1,-1,-1,-1,-1,-1,-1,-1,-1,-1,-1,-1,-1,-1,-1,-1,-1,-1,-1,-1,-1,-1,-1,-1,-1,-1,-1,-1,-1,-1,-1,0,0.4679930000000001,-1,13335,7303,366,2,2,1,296,1,1,0,0,0,0
2,0,0,0,0,0,0,0,0,0,0,0,0,0,0,0,0,1,14,2,0,0,0,0,0,0,0,0,0,0,0,0,0,0,0,0,3,14,0,0,-1,-1,-1,-1,-1,-1,-1,-1,-1,-1,-1,-1,-1,-1,-1,-1,-1,-1,-1,-1,-1,-1,-1,-1,-1,-1,-1,-1,-1,-1,-1,-1,-1,-1,-1,-1,-1,-1,-1,-1,-1,-1,-1,-1,-1,-1,-1,-1,-1,-1,-1,-1,-1,-1,-1,-1,0,2.199466,0,23576,-1,-1,1,3,0,582,0,0,0,0,0,0
